t,x,y,z,vx,vy,vz,dl_left,F_left,dl_right,F_right,z_bumper,vz_bumper,,v' ,,E_kin_wagen,E_kin_bumper,E_gesamt,,p_wagen,p_bumper,p_gesamt
0.01999999,0,0,0,0,0,1,0,0,0,0,-0.8,0,,0.285714286,,0.2,0,0.2,,0.4,0,0.4
0.03999998,0,0,0.01999999,0,0,1,0,0,0,0,-0.8,0,,0.285714286,,0.2,0,0.2,,0.4,0,0.4
0.05999998,0,0,0.03999998,0,0,1,0,0,0,0,-0.8,0,,0.285714286,,0.2,0,0.2,,0.4,0,0.4
0.07999997,0,0,0.05999998,0,0,1,0,0,0,0,-0.8,0,,0.285714286,,0.2,0,0.2,,0.4,0,0.4
0.09999996,0,0,0.07999997,0,0,1,0,0,0,0,-0.8,0,,0.285714286,,0.2,0,0.2,,0.4,0,0.4
0.12,0,0,0.09999996,0,0,1,0,0,0,0,-0.8,0,,0.285714286,,0.2,0,0.2,,0.4,0,0.4
0.14,0,0,0.12,0,0,1,0,0,0,0,-0.8,0,,0.285714286,,0.2,0,0.2,,0.4,0,0.4
0.1599999,0,0,0.14,0,0,1,0,0,0,0,-0.8,0,,0.285714286,,0.2,0,0.2,,0.4,0,0.4
0.1799999,0,0,0.16,0,0,1,0,0,0,0,-0.8,0,,0.285714286,,0.2,0,0.2,,0.4,0,0.4
0.1999999,0,0,0.1799999,0,0,1,0,0,0,0,-0.8,0,,0.285714286,,0.2,0,0.2,,0.4,0,0.4
0.2199999,0,0,0.1999999,0,0,1,0,0,0,0,-0.8,0,,0.285714286,,0.2,0,0.2,,0.4,0,0.4
0.2399999,0,0,0.2199999,0,0,1,0,0,0,0,-0.8,0,,0.285714286,,0.2,0,0.2,,0.4,0,0.4
0.2599999,0,0,0.2399999,0,0,1,0,0,0,0,-0.8,0,,0.285714286,,0.2,0,0.2,,0.4,0,0.4
0.2799999,0,0,0.2599999,0,0,1,0,0,0,0,-0.8,0,,0.285714286,,0.2,0,0.2,,0.4,0,0.4
0.2999999,0,0,0.2799999,0,0,1,0,0,0,0,-0.8,0,,0.285714286,,0.2,0,0.2,,0.4,0,0.4
0.3199999,0,0,0.2999999,0,0,1,0,0,0,0,-0.8,0,,0.285714286,,0.2,0,0.2,,0.4,0,0.4
0.3399999,0,0,0.3199999,0,0,1,0,0,0,0,-0.8,0,,0.285714286,,0.2,0,0.2,,0.4,0,0.4
0.3599999,0,0,0.3399999,0,0,1,0,0,0,0,-0.8,0,,0.285714286,,0.2,0,0.2,,0.4,0,0.4
0.3799999,0,0,0.3599998,0,0,1,0,0,0,0,-0.8,0,,0.285714286,,0.2,0,0.2,,0.4,0,0.4
0.3999999,0,0,0.3799998,0,0,1,0,0,0,0,-0.8,0,,0.285714286,,0.2,0,0.2,,0.4,0,0.4
0.4199998,0,0,0.3999998,0,0,1,0,0,0,0,-0.8,0,,0.285714286,,0.2,0,0.2,,0.4,0,0.4
0.4399998,0,0,0.4199998,0,0,1,0,0,0,0,-0.8,0,,0.285714286,,0.2,0,0.2,,0.4,0,0.4
0.4599998,0,0,0.4399998,0,0,1,0,0,0,0,-0.8,0,,0.285714286,,0.2,0,0.2,,0.4,0,0.4
0.4799998,0,0,0.4599997,0,0,1,0,0,0,0,-0.8,0,,0.285714286,,0.2,0,0.2,,0.4,0,0.4
0.4999998,0,0,0.4799997,0,0,1,0,0,0,0,-0.8,0,,0.285714286,,0.2,0,0.2,,0.4,0,0.4
0.5199998,0,0,0.4999997,0,0,1,0,0,0,0,-0.8,0,,0.285714286,,0.2,0,0.2,,0.4,0,0.4
0.5399998,0,0,0.5199997,0,0,1,0,0,0,0,-0.8,0,,0.285714286,,0.2,0,0.2,,0.4,0,0.4
0.5599998,0,0,0.5399997,0,0,1,0,0,0,0,-0.8,0,,0.285714286,,0.2,0,0.2,,0.4,0,0.4
0.5799998,0,0,0.5599996,0,0,1,0,0,0,0,-0.8,0,,0.285714286,,0.2,0,0.2,,0.4,0,0.4
0.5999998,0,0,0.5799996,0,0,1,0,0,0,0,-0.8,0,,0.285714286,,0.2,0,0.2,,0.4,0,0.4
0.6199998,0,0,0.5999996,0,0,1,0,0,0,0,-0.8,0,,0.285714286,,0.2,0,0.2,,0.4,0,0.4
0.6399997,0,0,0.6199996,0,0,-1,0,0,0,0,-0.8,0,,-0.285714286,,0.2,0,0.2,,-0.4,0,-0.4
0.6599998,0,0,0.5999996,0,0,-1,0,0,0,0,-0.8,0,,-0.285714286,,0.2,0,0.2,,-0.4,0,-0.4
0.6799998,0,0,0.5799996,0,0,-1,0,0,0,0,-0.8,0,,-0.285714286,,0.2,0,0.2,,-0.4,0,-0.4
0.6999997,0,0,0.5599996,0,0,-1,0,0,0,0,-0.8,0,,-0.285714286,,0.2,0,0.2,,-0.4,0,-0.4
0.7199997,0,0,0.5399997,0,0,-1,0,0,0,0,-0.8,0,,-0.285714286,,0.2,0,0.2,,-0.4,0,-0.4
0.7399997,0,0,0.5199997,0,0,-1,0,0,0,0,-0.8,0,,-0.285714286,,0.2,0,0.2,,-0.4,0,-0.4
0.7599998,0,0,0.4999997,0,0,-1,0,0,0,0,-0.8,0,,-0.285714286,,0.2,0,0.2,,-0.4,0,-0.4
0.7799997,0,0,0.4799997,0,0,-1,0,0,0,0,-0.8,0,,-0.285714286,,0.2,0,0.2,,-0.4,0,-0.4
0.7999997,0,0,0.4599997,0,0,-1,0,0,0,0,-0.8,0,,-0.285714286,,0.2,0,0.2,,-0.4,0,-0.4
0.8199997,0,0,0.4399998,0,0,-1,0,0,0,0,-0.8,0,,-0.285714286,,0.2,0,0.2,,-0.4,0,-0.4
0.8399997,0,0,0.4199998,0,0,-1,0,0,0,0,-0.8,0,,-0.285714286,,0.2,0,0.2,,-0.4,0,-0.4
0.8599997,0,0,0.3999998,0,0,-1,0,0,0,0,-0.8,0,,-0.285714286,,0.2,0,0.2,,-0.4,0,-0.4
0.8799997,0,0,0.3799998,0,0,-1,0,0,0,0,-0.8,0,,-0.285714286,,0.2,0,0.2,,-0.4,0,-0.4
0.8999997,0,0,0.3599998,0,0,-1,0,0,0,0,-0.8,0,,-0.285714286,,0.2,0,0.2,,-0.4,0,-0.4
0.9199997,0,0,0.3399999,0,0,-1,0,0,0,0,-0.8,0,,-0.285714286,,0.2,0,0.2,,-0.4,0,-0.4
0.9399996,0,0,0.3199999,0,0,-1,0,0,0,0,-0.8,0,,-0.285714286,,0.2,0,0.2,,-0.4,0,-0.4
0.9599997,0,0,0.2999999,0,0,-1,0,0,0,0,-0.8,0,,-0.285714286,,0.2,0,0.2,,-0.4,0,-0.4
0.9799997,0,0,0.2799999,0,0,-1,0,0,0,0,-0.8,0,,-0.285714286,,0.2,0,0.2,,-0.4,0,-0.4
0.9999996,0,0,0.2599999,0,0,-1,0,0,0,0,-0.8,0,,-0.285714286,,0.2,0,0.2,,-0.4,0,-0.4
1.02,0,0,0.2399999,0,0,-1,0,0,0,0,-0.8,0,,-0.285714286,,0.2,0,0.2,,-0.4,0,-0.4
1.04,0,0,0.2199999,0,0,-1,0,0,0,0,-0.8,0,,-0.285714286,,0.2,0,0.2,,-0.4,0,-0.4
1.06,0,0,0.1999999,0,0,-1,0,0,0,0,-0.8,0,,-0.285714286,,0.2,0,0.2,,-0.4,0,-0.4
1.08,0,0,0.1799999,0,0,-1,0,0,0,0,-0.8,0,,-0.285714286,,0.2,0,0.2,,-0.4,0,-0.4
1.1,0,0,0.16,0,0,-1,0,0,0,0,-0.8,0,,-0.285714286,,0.2,0,0.2,,-0.4,0,-0.4
1.12,0,0,0.14,0,0,-1,0,0,0,0,-0.8,0,,-0.285714286,,0.2,0,0.2,,-0.4,0,-0.4
1.14,0,0,0.12,0,0,-1,0,0,0,0,-0.8,0,,-0.285714286,,0.2,0,0.2,,-0.4,0,-0.4
1.16,0,0,0.09999996,0,0,-1,0,0,0,0,-0.8,0,,-0.285714286,,0.2,0,0.2,,-0.4,0,-0.4
1.18,0,0,0.07999997,0,0,-1,0,0,0,0,-0.8,0,,-0.285714286,,0.2,0,0.2,,-0.4,0,-0.4
1.2,0,0,0.05999998,0,0,-1,0,0,0,0,-0.8,0,,-0.285714286,,0.2,0,0.2,,-0.4,0,-0.4
1.22,0,0,0.03999998,0,0,-1,0,0,0,0,-0.8,0,,-0.285714286,,0.2,0,0.2,,-0.4,0,-0.4
1.24,0,0,0.01999999,0,0,-1,0,0,0,0,-0.8,0,,-0.285714286,,0.2,0,0.2,,-0.4,0,-0.4
1.26,0,0,0,0,0,-1,0,0,0,0,-0.8,0,,-0.285714286,,0.2,0,0.2,,-0.4,0,-0.4
1.279999,0,0,-0.01999999,0,0,-1,0,0,0,0,-0.8,0,,-0.285714286,,0.2,0,0.2,,-0.4,0,-0.4
1.3,0,0,-0.03999998,0,0,-1,0,0,0,0,-0.8,0,,-0.285714286,,0.2,0,0.2,,-0.4,0,-0.4
1.32,0,0,-0.05999998,0,0,-1,0,0,0,0,-0.8,0,,-0.285714286,,0.2,0,0.2,,-0.4,0,-0.4
1.34,0,0,-0.07999997,0,0,-1,0,0,0,0,-0.8,0,,-0.285714286,,0.2,0,0.2,,-0.4,0,-0.4
1.36,0,0,-0.09999996,0,0,-1,0,0,0,0,-0.8,0,,-0.285714286,,0.2,0,0.2,,-0.4,0,-0.4
1.38,0,0,-0.12,0,0,-1,0,0,0,0,-0.8,0,,-0.285714286,,0.2,0,0.2,,-0.4,0,-0.4
1.399999,0,0,-0.14,0,0,-1,0,0,0,0,-0.8,0,,-0.285714286,,0.2,0,0.2,,-0.4,0,-0.4
1.419999,0,0,-0.16,0,0,-1,0,0,0,0,-0.8,0,,-0.285714286,,0.2,0,0.2,,-0.4,0,-0.4
1.439999,0,0,-0.1799999,0,0,-1,0,0,0,0,-0.8,0,,-0.285714286,,0.2,0,0.2,,-0.4,0,-0.4
1.459999,0,0,-0.1999999,0,0,-1,0,0,0,0,-0.8,0,,-0.285714286,,0.2,0,0.2,,-0.4,0,-0.4
1.479999,0,0,-0.2199999,0,0,-1,0,0,0,0,-0.8,0,,-0.285714286,,0.2,0,0.2,,-0.4,0,-0.4
1.5,0,0,-0.2399999,0,0,-1,0,0,0,0,-0.8,0,,-0.285714286,,0.2,0,0.2,,-0.4,0,-0.4
1.52,0,0,-0.2599999,0,0,-1,0,0,0,0,-0.8,0,,-0.285714286,,0.2,0,0.2,,-0.4,0,-0.4
1.539999,0,0,-0.2799999,0,0,-1,0,0,0,0,-0.8,0,,-0.285714286,,0.2,0,0.2,,-0.4,0,-0.4
1.559999,0,0,-0.2999999,0,0,-1,0,0,0,0,-0.8,0,,-0.285714286,,0.2,0,0.2,,-0.4,0,-0.4
1.579999,0,0,-0.3199999,0,0,-1,0,0,0,0,-0.8,0,,-0.285714286,,0.2,0,0.2,,-0.4,0,-0.4
1.599999,0,0,-0.3399999,0,0,-1,0,0,0,0,-0.8,0,,-0.285714286,,0.2,0,0.2,,-0.4,0,-0.4
1.619999,0,0,-0.3599998,0,0,-1,0,0,0,0,-0.8,0,,-0.285714286,,0.2,0,0.2,,-0.4,0,-0.4
1.639999,0,0,-0.3799998,0,0,-1,0,0,0,0,-0.8,0,,-0.285714286,,0.2,0,0.2,,-0.4,0,-0.4
1.659999,0,0,-0.3999998,0,0,-1,0,0,0,0,-0.8,0,,-0.285714286,,0.2,0,0.2,,-0.4,0,-0.4
1.679999,0,0,-0.4199998,0,0,-1,0,0,0,0,-0.8,0,,-0.285714286,,0.2,0,0.2,,-0.4,0,-0.4
1.699999,0,0,-0.4399998,0,0,-1,0,0,0,0,-0.8,0,,-0.285714286,,0.2,0,0.2,,-0.4,0,-0.4
1.719999,0,0,-0.4599997,0,0,-1,0,0,0,0,-0.8,0,,-0.285714286,,0.2,0,0.2,,-0.4,0,-0.4
1.739999,0,0,-0.4799997,0,0,-1,0,0,0,0,-0.8,0,,-0.285714286,,0.2,0,0.2,,-0.4,0,-0.4
1.759999,0,0,-0.4999997,0,0,-1,0,0,0,0,-0.8,0,,-0.285714286,,0.2,0,0.2,,-0.4,0,-0.4
1.779999,0,0,-0.5199997,0,0,-1,0,0,0,0,-0.8,0,,-0.285714286,,0.2,0,0.2,,-0.4,0,-0.4
1.799999,0,0,-0.5399997,0,0,-1,0,0,0,0,-0.8,0,,-0.285714286,,0.2,0,0.2,,-0.4,0,-0.4
1.819999,0,0,-0.5599996,0,0,-1,0,0,0,0,-0.8,0,,-0.285714286,,0.2,0,0.2,,-0.4,0,-0.4
1.839999,0,0,-0.5799996,0,0,-1,0,0,0,0,-0.8,0,,-0.285714286,,0.2,0,0.2,,-0.4,0,-0.4
1.859999,0,0,-0.5999996,0,0,-1,0,0,0,0,-0.8,0,,-0.285714286,,0.2,0,0.2,,-0.4,0,-0.4
1.879999,0,0,-0.6199996,0,0,-1,0,0,0,0,-0.8,0,,-0.285714286,,0.2,0,0.2,,-0.4,0,-0.4
1.899999,0,0,-0.6257139,0,0,-0.2857143,0,0,0,0,-0.8057143,-0.2857143,,-0.2857143,,0.016326532,0.040816331,0.057142863,,-0.11428572,-0.2857143,-0.40000002
1.919999,0,0,-0.6314282,0,0,-0.2857143,0,0,0,0,-0.8114286,-0.2857143,,-0.2857143,,0.016326532,0.040816331,0.057142863,,-0.11428572,-0.2857143,-0.40000002
1.939999,0,0,-0.6371425,0,0,-0.2857143,0,0,0,0,-0.8171429,-0.2857143,,-0.2857143,,0.016326532,0.040816331,0.057142863,,-0.11428572,-0.2857143,-0.40000002
1.959999,0,0,-0.6428568,0,0,-0.2857143,0,0,0,0,-0.8228572,-0.2857143,,-0.2857143,,0.016326532,0.040816331,0.057142863,,-0.11428572,-0.2857143,-0.40000002
1.979999,0,0,-0.6485711,0,0,-0.2857143,0,0,0,0,-0.8285715,-0.2857143,,-0.2857143,,0.016326532,0.040816331,0.057142863,,-0.11428572,-0.2857143,-0.40000002
1.999999,0,0,-0.6542854,0,0,-0.2857143,0,0,0,0,-0.8342858,-0.2857143,,-0.2857143,,0.016326532,0.040816331,0.057142863,,-0.11428572,-0.2857143,-0.40000002
2.019999,0,0,-0.6599997,0,0,-0.2857143,0,0,0,0,-0.8400001,-0.2857143,,-0.2857143,,0.016326532,0.040816331,0.057142863,,-0.11428572,-0.2857143,-0.40000002
2.039999,0,0,-0.665714,0,0,-0.2857143,0,0,0,0,-0.8457144,-0.2857143,,-0.2857143,,0.016326532,0.040816331,0.057142863,,-0.11428572,-0.2857143,-0.40000002
2.059999,0,0,-0.6714283,0,0,-0.2857143,0,0,0,0,-0.8514287,-0.2857143,,-0.2857143,,0.016326532,0.040816331,0.057142863,,-0.11428572,-0.2857143,-0.40000002
2.079999,0,0,-0.6771426,0,0,-0.2857143,0,0,0,0,-0.857143,-0.2857143,,-0.2857143,,0.016326532,0.040816331,0.057142863,,-0.11428572,-0.2857143,-0.40000002
2.099999,0,0,-0.6828569,0,0,-0.2857143,0,0,0,0,-0.8628573,-0.2857143,,-0.2857143,,0.016326532,0.040816331,0.057142863,,-0.11428572,-0.2857143,-0.40000002
2.119999,0,0,-0.6885712,0,0,-0.2857143,0,0,0,0,-0.8685716,-0.2857143,,-0.2857143,,0.016326532,0.040816331,0.057142863,,-0.11428572,-0.2857143,-0.40000002
2.139999,0,0,-0.6942855,0,0,-0.2857143,0,0,0,0,-0.8742859,-0.2857143,,-0.2857143,,0.016326532,0.040816331,0.057142863,,-0.11428572,-0.2857143,-0.40000002
2.159999,0,0,-0.6999997,0,0,-0.2857143,0,0,0,0,-0.8800002,-0.2857143,,-0.2857143,,0.016326532,0.040816331,0.057142863,,-0.11428572,-0.2857143,-0.40000002
2.179999,0,0,-0.705714,0,0,-0.2857143,0,0,0,0,-0.8857145,-0.2857143,,-0.2857143,,0.016326532,0.040816331,0.057142863,,-0.11428572,-0.2857143,-0.40000002
2.199999,0,0,-0.7114283,0,0,-0.2857143,0,0,0,0,-0.8914288,-0.2857143,,-0.2857143,,0.016326532,0.040816331,0.057142863,,-0.11428572,-0.2857143,-0.40000002
2.219999,0,0,-0.7171426,0,0,-0.2857143,0,0,0,0,-0.8971431,-0.2857143,,-0.2857143,,0.016326532,0.040816331,0.057142863,,-0.11428572,-0.2857143,-0.40000002
2.239999,0,0,-0.7228569,0,0,-0.2857143,0,0,0,0,-0.9028574,-0.2857143,,-0.2857143,,0.016326532,0.040816331,0.057142863,,-0.11428572,-0.2857143,-0.40000002
2.259999,0,0,-0.7285712,0,0,-0.2857143,0,0,0,0,-0.9085717,-0.2857143,,-0.2857143,,0.016326532,0.040816331,0.057142863,,-0.11428572,-0.2857143,-0.40000002
2.279999,0,0,-0.7342855,0,0,-0.2857143,0,0,0,0,-0.914286,-0.2857143,,-0.2857143,,0.016326532,0.040816331,0.057142863,,-0.11428572,-0.2857143,-0.40000002
2.299999,0,0,-0.7399998,0,0,-0.2857143,0,0,0,0,-0.9200003,-0.2857143,,-0.2857143,,0.016326532,0.040816331,0.057142863,,-0.11428572,-0.2857143,-0.40000002
2.319999,0,0,-0.7457141,0,0,-0.2857143,0,0,0,0,-0.9257146,-0.2857143,,-0.2857143,,0.016326532,0.040816331,0.057142863,,-0.11428572,-0.2857143,-0.40000002
2.339999,0,0,-0.7514284,0,0,-0.2857143,0,0,0,0,-0.9314288,-0.2857143,,-0.2857143,,0.016326532,0.040816331,0.057142863,,-0.11428572,-0.2857143,-0.40000002
2.359999,0,0,-0.7571427,0,0,-0.2857143,0,0,0,0,-0.9371431,-0.2857143,,-0.2857143,,0.016326532,0.040816331,0.057142863,,-0.11428572,-0.2857143,-0.40000002
2.379999,0,0,-0.762857,0,0,-0.2857143,0,0,0,0,-0.9428574,-0.2857143,,-0.2857143,,0.016326532,0.040816331,0.057142863,,-0.11428572,-0.2857143,-0.40000002
2.399999,0,0,-0.7685713,0,0,-0.2857143,0,0,0,0,-0.9485717,-0.2857143,,-0.2857143,,0.016326532,0.040816331,0.057142863,,-0.11428572,-0.2857143,-0.40000002
2.419999,0,0,-0.7742856,0,0,-0.2857143,0,0,0,0,-0.954286,-0.2857143,,-0.2857143,,0.016326532,0.040816331,0.057142863,,-0.11428572,-0.2857143,-0.40000002
2.439999,0,0,-0.7799999,0,0,-0.2857143,0,0,0,0,-0.9600003,-0.2857143,,-0.2857143,,0.016326532,0.040816331,0.057142863,,-0.11428572,-0.2857143,-0.40000002
2.459999,0,0,-0.7857142,0,0,-0.2857143,0,0,0,0,-0.9657146,-0.2857143,,-0.2857143,,0.016326532,0.040816331,0.057142863,,-0.11428572,-0.2857143,-0.40000002
2.479999,0,0,-0.7914285,0,0,-0.2857143,0,0,0,0,-0.9714289,-0.2857143,,-0.2857143,,0.016326532,0.040816331,0.057142863,,-0.11428572,-0.2857143,-0.40000002
2.499999,0,0,-0.7971428,0,0,-0.2857143,0,0,0,0,-0.9771432,-0.2857143,,-0.2857143,,0.016326532,0.040816331,0.057142863,,-0.11428572,-0.2857143,-0.40000002
2.519999,0,0,-0.8028571,0,0,-0.2857143,0,0,0,0,-0.9828575,-0.2857143,,-0.2857143,,0.016326532,0.040816331,0.057142863,,-0.11428572,-0.2857143,-0.40000002
2.539999,0,0,-0.8085714,0,0,-0.2857143,0,0,0,0,-0.9885718,-0.2857143,,-0.2857143,,0.016326532,0.040816331,0.057142863,,-0.11428572,-0.2857143,-0.40000002
2.559999,0,0,-0.8142857,0,0,-0.2857143,0,0,0,0,-0.9942861,-0.2857143,,-0.2857143,,0.016326532,0.040816331,0.057142863,,-0.11428572,-0.2857143,-0.40000002
2.579999,0,0,-0.82,0,0,-0.2857143,0,0,0,0,-1,-0.2857143,,-0.2857143,,0.016326532,0.040816331,0.057142863,,-0.11428572,-0.2857143,-0.40000002
2.599999,0,0,-0.8257142,0,0,-0.2857143,0,0,0,0,-1.005715,-0.2857143,,-0.2857143,,0.016326532,0.040816331,0.057142863,,-0.11428572,-0.2857143,-0.40000002
2.619999,0,0,-0.8314285,0,0,-0.2857143,0,0,0,0,-1.011429,-0.2857143,,-0.2857143,,0.016326532,0.040816331,0.057142863,,-0.11428572,-0.2857143,-0.40000002
2.639999,0,0,-0.8371428,0,0,-0.2857143,0,0,0,0,-1.017143,-0.2857143,,-0.2857143,,0.016326532,0.040816331,0.057142863,,-0.11428572,-0.2857143,-0.40000002
2.659999,0,0,-0.8428571,0,0,-0.2857143,0,0,0,0,-1.022858,-0.2857143,,-0.2857143,,0.016326532,0.040816331,0.057142863,,-0.11428572,-0.2857143,-0.40000002
2.679999,0,0,-0.8485714,0,0,-0.2857143,0,0,0,0,-1.028572,-0.2857143,,-0.2857143,,0.016326532,0.040816331,0.057142863,,-0.11428572,-0.2857143,-0.40000002
2.699999,0,0,-0.8542857,0,0,-0.2857143,0,0,0,0,-1.034286,-0.2857143,,-0.2857143,,0.016326532,0.040816331,0.057142863,,-0.11428572,-0.2857143,-0.40000002
2.719999,0,0,-0.86,0,0,-0.2857143,0,0,0,0,-1.04,-0.2857143,,-0.2857143,,0.016326532,0.040816331,0.057142863,,-0.11428572,-0.2857143,-0.40000002
2.739999,0,0,-0.8657143,0,0,-0.2857143,0,0,0,0,-1.045715,-0.2857143,,-0.2857143,,0.016326532,0.040816331,0.057142863,,-0.11428572,-0.2857143,-0.40000002
2.759999,0,0,-0.8714286,0,0,-0.2857143,0,0,0,0,-1.051429,-0.2857143,,-0.2857143,,0.016326532,0.040816331,0.057142863,,-0.11428572,-0.2857143,-0.40000002
2.779999,0,0,-0.8771429,0,0,-0.2857143,0,0,0,0,-1.057143,-0.2857143,,-0.2857143,,0.016326532,0.040816331,0.057142863,,-0.11428572,-0.2857143,-0.40000002
2.799999,0,0,-0.8828572,0,0,-0.2857143,0,0,0,0,-1.062858,-0.2857143,,-0.2857143,,0.016326532,0.040816331,0.057142863,,-0.11428572,-0.2857143,-0.40000002
2.819999,0,0,-0.8885715,0,0,-0.2857143,0,0,0,0,-1.068572,-0.2857143,,-0.2857143,,0.016326532,0.040816331,0.057142863,,-0.11428572,-0.2857143,-0.40000002
2.839999,0,0,-0.8942858,0,0,-0.2857143,0,0,0,0,-1.074286,-0.2857143,,-0.2857143,,0.016326532,0.040816331,0.057142863,,-0.11428572,-0.2857143,-0.40000002
2.859999,0,0,-0.9000001,0,0,-0.2857143,0,0,0,0,-1.080001,-0.2857143,,-0.2857143,,0.016326532,0.040816331,0.057142863,,-0.11428572,-0.2857143,-0.40000002
2.879999,0,0,-0.9057144,0,0,-0.2857143,0,0,0,0,-1.085715,-0.2857143,,-0.2857143,,0.016326532,0.040816331,0.057142863,,-0.11428572,-0.2857143,-0.40000002
2.899999,0,0,-0.9114287,0,0,-0.2857143,0,0,0,0,-1.091429,-0.2857143,,-0.2857143,,0.016326532,0.040816331,0.057142863,,-0.11428572,-0.2857143,-0.40000002
2.919999,0,0,-0.917143,0,0,-0.2857143,0,0,0,0,-1.097143,-0.2857143,,-0.2857143,,0.016326532,0.040816331,0.057142863,,-0.11428572,-0.2857143,-0.40000002
2.939999,0,0,-0.9228573,0,0,-0.2857143,0,0,0,0,-1.102858,-0.2857143,,-0.2857143,,0.016326532,0.040816331,0.057142863,,-0.11428572,-0.2857143,-0.40000002
2.959999,0,0,-0.9285716,0,0,-0.2857143,0,0,0,0,-1.108572,-0.2857143,,-0.2857143,,0.016326532,0.040816331,0.057142863,,-0.11428572,-0.2857143,-0.40000002
2.979999,0,0,-0.9342859,0,0,-0.2857143,0,0,0,0,-1.114286,-0.2857143,,-0.2857143,,0.016326532,0.040816331,0.057142863,,-0.11428572,-0.2857143,-0.40000002
2.999999,0,0,-0.9400002,0,0,-0.2857143,0,0,0,0,-1.120001,-0.2857143,,-0.2857143,,0.016326532,0.040816331,0.057142863,,-0.11428572,-0.2857143,-0.40000002
3.019999,0,0,-0.9457145,0,0,-0.2857143,0,0,0,0,-1.125715,-0.2857143,,-0.2857143,,0.016326532,0.040816331,0.057142863,,-0.11428572,-0.2857143,-0.40000002
3.039999,0,0,-0.9514288,0,0,-0.2857143,0,0,0,0,-1.131429,-0.2857143,,-0.2857143,,0.016326532,0.040816331,0.057142863,,-0.11428572,-0.2857143,-0.40000002
3.059999,0,0,-0.9571431,0,0,-0.2857143,0,0,0,0,-1.137143,-0.2857143,,-0.2857143,,0.016326532,0.040816331,0.057142863,,-0.11428572,-0.2857143,-0.40000002
3.079999,0,0,-0.9628574,0,0,-0.2857143,0,0,0,0,-1.142858,-0.2857143,,-0.2857143,,0.016326532,0.040816331,0.057142863,,-0.11428572,-0.2857143,-0.40000002
3.099999,0,0,-0.9685717,0,0,-0.2857143,0,0,0,0,-1.148572,-0.2857143,,-0.2857143,,0.016326532,0.040816331,0.057142863,,-0.11428572,-0.2857143,-0.40000002
3.119999,0,0,-0.974286,0,0,-0.2857143,0,0,0,0,-1.154286,-0.2857143,,-0.2857143,,0.016326532,0.040816331,0.057142863,,-0.11428572,-0.2857143,-0.40000002
3.139999,0,0,-0.9800003,0,0,-0.2857143,0,0,0,0,-1.160001,-0.2857143,,-0.2857143,,0.016326532,0.040816331,0.057142863,,-0.11428572,-0.2857143,-0.40000002
3.159999,0,0,-0.9857146,0,0,-0.2857143,0,0,0,0,-1.165715,-0.2857143,,-0.2857143,,0.016326532,0.040816331,0.057142863,,-0.11428572,-0.2857143,-0.40000002
3.179999,0,0,-0.9914289,0,0,-0.2857143,0,0,0,0,-1.171429,-0.2857143,,-0.2857143,,0.016326532,0.040816331,0.057142863,,-0.11428572,-0.2857143,-0.40000002
3.199999,0,0,-0.9971431,0,0,-0.2857143,0,0,0,0,-1.177144,-0.2857143,,-0.2857143,,0.016326532,0.040816331,0.057142863,,-0.11428572,-0.2857143,-0.40000002
3.219999,0,0,-1.002857,0,0,-0.2857143,0,0,0,0,-1.182858,-0.2857143,,-0.2857143,,0.016326532,0.040816331,0.057142863,,-0.11428572,-0.2857143,-0.40000002
3.239999,0,0,-1.008572,0,0,-0.2857143,0,0,0,0,-1.188572,-0.2857143,,-0.2857143,,0.016326532,0.040816331,0.057142863,,-0.11428572,-0.2857143,-0.40000002
3.259999,0,0,-1.014286,0,0,-0.2857143,0,0,0,0,-1.194286,-0.2857143,,-0.2857143,,0.016326532,0.040816331,0.057142863,,-0.11428572,-0.2857143,-0.40000002
3.279999,0,0,-1.02,0,0,-0.2857143,0,0,0,0,-1.200001,-0.2857143,,-0.2857143,,0.016326532,0.040816331,0.057142863,,-0.11428572,-0.2857143,-0.40000002
3.299999,0,0,-1.025715,0,0,-0.2857143,0,0,0,0,-1.205715,-0.2857143,,-0.2857143,,0.016326532,0.040816331,0.057142863,,-0.11428572,-0.2857143,-0.40000002
3.319999,0,0,-1.031429,0,0,-0.2857143,0,0,0,0,-1.211429,-0.2857143,,-0.2857143,,0.016326532,0.040816331,0.057142863,,-0.11428572,-0.2857143,-0.40000002
3.339999,0,0,-1.037143,0,0,-0.2857143,0,0,0,0,-1.217144,-0.2857143,,-0.2857143,,0.016326532,0.040816331,0.057142863,,-0.11428572,-0.2857143,-0.40000002
3.359999,0,0,-1.042858,0,0,-0.2857143,0,0,0,0,-1.222858,-0.2857143,,-0.2857143,,0.016326532,0.040816331,0.057142863,,-0.11428572,-0.2857143,-0.40000002
3.379999,0,0,-1.048572,0,0,-0.2857143,0,0,0,0,-1.228572,-0.2857143,,-0.2857143,,0.016326532,0.040816331,0.057142863,,-0.11428572,-0.2857143,-0.40000002
3.399999,0,0,-1.054286,0,0,-0.2857143,0,0,0,0,-1.234287,-0.2857143,,-0.2857143,,0.016326532,0.040816331,0.057142863,,-0.11428572,-0.2857143,-0.40000002
3.419999,0,0,-1.06,0,0,-0.2857143,0,0,0,0,-1.240001,-0.2857143,,-0.2857143,,0.016326532,0.040816331,0.057142863,,-0.11428572,-0.2857143,-0.40000002
3.439999,0,0,-1.065715,0,0,-0.2857143,0,0,0,0,-1.245715,-0.2857143,,-0.2857143,,0.016326532,0.040816331,0.057142863,,-0.11428572,-0.2857143,-0.40000002
3.459999,0,0,-1.071429,0,0,-0.2857143,0,0,0,0,-1.251429,-0.2857143,,-0.2857143,,0.016326532,0.040816331,0.057142863,,-0.11428572,-0.2857143,-0.40000002
3.479999,0,0,-1.077143,0,0,-0.2857143,0,0,0,0,-1.257144,-0.2857143,,-0.2857143,,0.016326532,0.040816331,0.057142863,,-0.11428572,-0.2857143,-0.40000002
3.499999,0,0,-1.082858,0,0,-0.2857143,0,0,0,0,-1.262858,-0.2857143,,-0.2857143,,0.016326532,0.040816331,0.057142863,,-0.11428572,-0.2857143,-0.40000002
3.519999,0,0,-1.088572,0,0,-0.2857143,0,0,0,0,-1.268572,-0.2857143,,-0.2857143,,0.016326532,0.040816331,0.057142863,,-0.11428572,-0.2857143,-0.40000002
3.539999,0,0,-1.094286,0,0,-0.2857143,0,0,0,0,-1.274287,-0.2857143,,-0.2857143,,0.016326532,0.040816331,0.057142863,,-0.11428572,-0.2857143,-0.40000002
3.559999,0,0,-1.100001,0,0,-0.2857143,0,0,0,0,-1.280001,-0.2857143,,-0.2857143,,0.016326532,0.040816331,0.057142863,,-0.11428572,-0.2857143,-0.40000002
3.579999,0,0,-1.105715,0,0,-0.2857143,0,0,0,0,-1.285715,-0.2857143,,-0.2857143,,0.016326532,0.040816331,0.057142863,,-0.11428572,-0.2857143,-0.40000002
3.599999,0,0,-1.111429,0,0,-0.2857143,0,0,0,0,-1.29143,-0.2857143,,-0.2857143,,0.016326532,0.040816331,0.057142863,,-0.11428572,-0.2857143,-0.40000002
3.619999,0,0,-1.117143,0,0,-0.2857143,0,0,0,0,-1.297144,-0.2857143,,-0.2857143,,0.016326532,0.040816331,0.057142863,,-0.11428572,-0.2857143,-0.40000002
3.639999,0,0,-1.122858,0,0,-0.2857143,0,0,0,0,-1.302858,-0.2857143,,-0.2857143,,0.016326532,0.040816331,0.057142863,,-0.11428572,-0.2857143,-0.40000002
3.659999,0,0,-1.128572,0,0,-0.2857143,0,0,0,0,-1.308572,-0.2857143,,-0.2857143,,0.016326532,0.040816331,0.057142863,,-0.11428572,-0.2857143,-0.40000002
3.679999,0,0,-1.134286,0,0,-0.2857143,0,0,0,0,-1.314287,-0.2857143,,-0.2857143,,0.016326532,0.040816331,0.057142863,,-0.11428572,-0.2857143,-0.40000002
3.699999,0,0,-1.140001,0,0,-0.2857143,0,0,0,0,-1.320001,-0.2857143,,-0.2857143,,0.016326532,0.040816331,0.057142863,,-0.11428572,-0.2857143,-0.40000002
3.719999,0,0,-1.145715,0,0,-0.2857143,0,0,0,0,-1.325715,-0.2857143,,-0.2857143,,0.016326532,0.040816331,0.057142863,,-0.11428572,-0.2857143,-0.40000002
3.739999,0,0,-1.151429,0,0,-0.2857143,0,0,0,0,-1.33143,-0.2857143,,-0.2857143,,0.016326532,0.040816331,0.057142863,,-0.11428572,-0.2857143,-0.40000002
3.759999,0,0,-1.157143,0,0,-0.2857143,0,0,0,0,-1.337144,-0.2857143,,-0.2857143,,0.016326532,0.040816331,0.057142863,,-0.11428572,-0.2857143,-0.40000002
3.779999,0,0,-1.162858,0,0,-0.2857143,0,0,0,0,-1.342858,-0.2857143,,-0.2857143,,0.016326532,0.040816331,0.057142863,,-0.11428572,-0.2857143,-0.40000002
3.799999,0,0,-1.168572,0,0,-0.2857143,0,0,0,0,-1.348572,-0.2857143,,-0.2857143,,0.016326532,0.040816331,0.057142863,,-0.11428572,-0.2857143,-0.40000002
3.819999,0,0,-1.174286,0,0,-0.2857143,0,0,0,0,-1.354287,-0.2857143,,-0.2857143,,0.016326532,0.040816331,0.057142863,,-0.11428572,-0.2857143,-0.40000002
3.839999,0,0,-1.180001,0,0,-0.2857143,0,0,0,0,-1.360001,-0.2857143,,-0.2857143,,0.016326532,0.040816331,0.057142863,,-0.11428572,-0.2857143,-0.40000002
3.859999,0,0,-1.185715,0,0,-0.2857143,0,0,0,0,-1.365715,-0.2857143,,-0.2857143,,0.016326532,0.040816331,0.057142863,,-0.11428572,-0.2857143,-0.40000002
3.879999,0,0,-1.191429,0,0,-0.2857143,0,0,0,0,-1.37143,-0.2857143,,-0.2857143,,0.016326532,0.040816331,0.057142863,,-0.11428572,-0.2857143,-0.40000002
3.899999,0,0,-1.197144,0,0,-0.2857143,0,0,0,0,-1.377144,-0.2857143,,-0.2857143,,0.016326532,0.040816331,0.057142863,,-0.11428572,-0.2857143,-0.40000002
3.919999,0,0,-1.202858,0,0,-0.2857143,0,0,0,0,-1.382858,-0.2857143,,-0.2857143,,0.016326532,0.040816331,0.057142863,,-0.11428572,-0.2857143,-0.40000002
3.939999,0,0,-1.208572,0,0,-0.2857143,0,0,0,0,-1.388573,-0.2857143,,-0.2857143,,0.016326532,0.040816331,0.057142863,,-0.11428572,-0.2857143,-0.40000002
3.959999,0,0,-1.214286,0,0,-0.2857143,0,0,0,0,-1.394287,-0.2857143,,-0.2857143,,0.016326532,0.040816331,0.057142863,,-0.11428572,-0.2857143,-0.40000002
3.979999,0,0,-1.220001,0,0,-0.2857143,0,0,0,0,-1.400001,-0.2857143,,-0.2857143,,0.016326532,0.040816331,0.057142863,,-0.11428572,-0.2857143,-0.40000002
3.999999,0,0,-1.225715,0,0,-0.2857143,0,0,0,0,-1.405715,-0.2857143,,-0.2857143,,0.016326532,0.040816331,0.057142863,,-0.11428572,-0.2857143,-0.40000002
4.019999,0,0,-1.231429,0,0,-0.2857143,0,0,0,0,-1.41143,-0.2857143,,-0.2857143,,0.016326532,0.040816331,0.057142863,,-0.11428572,-0.2857143,-0.40000002
4.039999,0,0,-1.237144,0,0,-0.2857143,0,0,0,0,-1.417144,-0.2857143,,-0.2857143,,0.016326532,0.040816331,0.057142863,,-0.11428572,-0.2857143,-0.40000002
4.059999,0,0,-1.242858,0,0,-0.2857143,0,0,0,0,-1.422858,-0.2857143,,-0.2857143,,0.016326532,0.040816331,0.057142863,,-0.11428572,-0.2857143,-0.40000002
4.079998,0,0,-1.248572,0,0,-0.2857143,0,0,0,0,-1.428573,-0.2857143,,-0.2857143,,0.016326532,0.040816331,0.057142863,,-0.11428572,-0.2857143,-0.40000002
4.099998,0,0,-1.254287,0,0,-0.2857143,0,0,0,0,-1.434287,-0.2857143,,-0.2857143,,0.016326532,0.040816331,0.057142863,,-0.11428572,-0.2857143,-0.40000002
4.119998,0,0,-1.260001,0,0,-0.2857143,0,0,0,0,-1.440001,-0.2857143,,-0.2857143,,0.016326532,0.040816331,0.057142863,,-0.11428572,-0.2857143,-0.40000002
4.139998,0,0,-1.265715,0,0,-0.2857143,0,0,0,0,-1.445716,-0.2857143,,-0.2857143,,0.016326532,0.040816331,0.057142863,,-0.11428572,-0.2857143,-0.40000002
4.159998,0,0,-1.271429,0,0,-0.2857143,0,0,0,0,-1.45143,-0.2857143,,-0.2857143,,0.016326532,0.040816331,0.057142863,,-0.11428572,-0.2857143,-0.40000002
4.179998,0,0,-1.277144,0,0,-0.2857143,0,0,0,0,-1.457144,-0.2857143,,-0.2857143,,0.016326532,0.040816331,0.057142863,,-0.11428572,-0.2857143,-0.40000002
4.199998,0,0,-1.282858,0,0,-0.2857143,0,0,0,0,-1.462858,-0.2857143,,-0.2857143,,0.016326532,0.040816331,0.057142863,,-0.11428572,-0.2857143,-0.40000002
4.219998,0,0,-1.288572,0,0,-0.2857143,0,0,0,0,-1.468573,-0.2857143,,-0.2857143,,0.016326532,0.040816331,0.057142863,,-0.11428572,-0.2857143,-0.40000002
4.239998,0,0,-1.294287,0,0,-0.2857143,0,0,0,0,-1.474287,-0.2857143,,-0.2857143,,0.016326532,0.040816331,0.057142863,,-0.11428572,-0.2857143,-0.40000002
4.259998,0,0,-1.300001,0,0,-0.2857143,0,0,0,0,-1.480001,-0.2857143,,-0.2857143,,0.016326532,0.040816331,0.057142863,,-0.11428572,-0.2857143,-0.40000002
4.279998,0,0,-1.305715,0,0,-0.2857143,0,0,0,0,-1.485716,-0.2857143,,-0.2857143,,0.016326532,0.040816331,0.057142863,,-0.11428572,-0.2857143,-0.40000002
4.299998,0,0,-1.31143,0,0,-0.2857143,0,0,0,0,-1.49143,-0.2857143,,-0.2857143,,0.016326532,0.040816331,0.057142863,,-0.11428572,-0.2857143,-0.40000002
4.319998,0,0,-1.317144,0,0,-0.2857143,0,0,0,0,-1.497144,-0.2857143,,-0.2857143,,0.016326532,0.040816331,0.057142863,,-0.11428572,-0.2857143,-0.40000002
4.339998,0,0,-1.322858,0,0,-0.2857143,0,0,0,0,-1.502859,-0.2857143,,-0.2857143,,0.016326532,0.040816331,0.057142863,,-0.11428572,-0.2857143,-0.40000002
4.359998,0,0,-1.328572,0,0,-0.2857143,0,0,0,0,-1.508573,-0.2857143,,-0.2857143,,0.016326532,0.040816331,0.057142863,,-0.11428572,-0.2857143,-0.40000002
4.379999,0,0,-1.334287,0,0,-0.2857143,0,0,0,0,-1.514287,-0.2857143,,-0.2857143,,0.016326532,0.040816331,0.057142863,,-0.11428572,-0.2857143,-0.40000002
4.399999,0,0,-1.340001,0,0,-0.2857143,0,0,0,0,-1.520001,-0.2857143,,-0.2857143,,0.016326532,0.040816331,0.057142863,,-0.11428572,-0.2857143,-0.40000002
4.419999,0,0,-1.345715,0,0,-0.2857143,0,0,0,0,-1.525716,-0.2857143,,-0.2857143,,0.016326532,0.040816331,0.057142863,,-0.11428572,-0.2857143,-0.40000002
4.439999,0,0,-1.35143,0,0,-0.2857143,0,0,0,0,-1.53143,-0.2857143,,-0.2857143,,0.016326532,0.040816331,0.057142863,,-0.11428572,-0.2857143,-0.40000002
4.459999,0,0,-1.357144,0,0,-0.2857143,0,0,0,0,-1.537144,-0.2857143,,-0.2857143,,0.016326532,0.040816331,0.057142863,,-0.11428572,-0.2857143,-0.40000002
4.479999,0,0,-1.362858,0,0,-0.2857143,0,0,0,0,-1.542859,-0.2857143,,-0.2857143,,0.016326532,0.040816331,0.057142863,,-0.11428572,-0.2857143,-0.40000002
4.499999,0,0,-1.368572,0,0,-0.2857143,0,0,0,0,-1.548573,-0.2857143,,-0.2857143,,0.016326532,0.040816331,0.057142863,,-0.11428572,-0.2857143,-0.40000002
4.519999,0,0,-1.374287,0,0,-0.2857143,0,0,0,0,-1.554287,-0.2857143,,-0.2857143,,0.016326532,0.040816331,0.057142863,,-0.11428572,-0.2857143,-0.40000002
4.539999,0,0,-1.380001,0,0,-0.2857143,0,0,0,0,-1.560001,-0.2857143,,-0.2857143,,0.016326532,0.040816331,0.057142863,,-0.11428572,-0.2857143,-0.40000002
4.559999,0,0,-1.385715,0,0,-0.2857143,0,0,0,0,-1.565716,-0.2857143,,-0.2857143,,0.016326532,0.040816331,0.057142863,,-0.11428572,-0.2857143,-0.40000002
4.579998,0,0,-1.39143,0,0,-0.2857143,0,0,0,0,-1.57143,-0.2857143,,-0.2857143,,0.016326532,0.040816331,0.057142863,,-0.11428572,-0.2857143,-0.40000002
4.599998,0,0,-1.397144,0,0,-0.2857143,0,0,0,0,-1.577144,-0.2857143,,-0.2857143,,0.016326532,0.040816331,0.057142863,,-0.11428572,-0.2857143,-0.40000002
4.619998,0,0,-1.402858,0,0,-0.2857143,0,0,0,0,-1.582859,-0.2857143,,-0.2857143,,0.016326532,0.040816331,0.057142863,,-0.11428572,-0.2857143,-0.40000002
4.639998,0,0,-1.408573,0,0,-0.2857143,0,0,0,0,-1.588573,-0.2857143,,-0.2857143,,0.016326532,0.040816331,0.057142863,,-0.11428572,-0.2857143,-0.40000002
4.659998,0,0,-1.414287,0,0,-0.2857143,0,0,0,0,-1.594287,-0.2857143,,-0.2857143,,0.016326532,0.040816331,0.057142863,,-0.11428572,-0.2857143,-0.40000002
4.679998,0,0,-1.420001,0,0,-0.2857143,0,0,0,0,-1.600002,-0.2857143,,-0.2857143,,0.016326532,0.040816331,0.057142863,,-0.11428572,-0.2857143,-0.40000002
4.699998,0,0,-1.425715,0,0,-0.2857143,0,0,0,0,-1.605716,-0.2857143,,-0.2857143,,0.016326532,0.040816331,0.057142863,,-0.11428572,-0.2857143,-0.40000002
4.719998,0,0,-1.43143,0,0,-0.2857143,0,0,0,0,-1.61143,-0.2857143,,-0.2857143,,0.016326532,0.040816331,0.057142863,,-0.11428572,-0.2857143,-0.40000002
4.739998,0,0,-1.437144,0,0,-0.2857143,0,0,0,0,-1.617144,-0.2857143,,-0.2857143,,0.016326532,0.040816331,0.057142863,,-0.11428572,-0.2857143,-0.40000002
4.759998,0,0,-1.442858,0,0,-0.2857143,0,0,0,0,-1.622859,-0.2857143,,-0.2857143,,0.016326532,0.040816331,0.057142863,,-0.11428572,-0.2857143,-0.40000002
4.779998,0,0,-1.448573,0,0,-0.2857143,0,0,0,0,-1.628573,-0.2857143,,-0.2857143,,0.016326532,0.040816331,0.057142863,,-0.11428572,-0.2857143,-0.40000002
4.799998,0,0,-1.454287,0,0,-0.2857143,0,0,0,0,-1.634287,-0.2857143,,-0.2857143,,0.016326532,0.040816331,0.057142863,,-0.11428572,-0.2857143,-0.40000002
4.819998,0,0,-1.460001,0,0,-0.2857143,0,0,0,0,-1.640002,-0.2857143,,-0.2857143,,0.016326532,0.040816331,0.057142863,,-0.11428572,-0.2857143,-0.40000002
4.839998,0,0,-1.465716,0,0,-0.2857143,0,0,0,0,-1.645716,-0.2857143,,-0.2857143,,0.016326532,0.040816331,0.057142863,,-0.11428572,-0.2857143,-0.40000002
4.859998,0,0,-1.47143,0,0,-0.2857143,0,0,0,0,-1.65143,-0.2857143,,-0.2857143,,0.016326532,0.040816331,0.057142863,,-0.11428572,-0.2857143,-0.40000002
4.879998,0,0,-1.477144,0,0,-0.2857143,0,0,0,0,-1.657145,-0.2857143,,-0.2857143,,0.016326532,0.040816331,0.057142863,,-0.11428572,-0.2857143,-0.40000002
4.899998,0,0,-1.482858,0,0,-0.2857143,0,0,0,0,-1.662859,-0.2857143,,-0.2857143,,0.016326532,0.040816331,0.057142863,,-0.11428572,-0.2857143,-0.40000002
4.919998,0,0,-1.488573,0,0,-0.2857143,0,0,0,0,-1.668573,-0.2857143,,-0.2857143,,0.016326532,0.040816331,0.057142863,,-0.11428572,-0.2857143,-0.40000002
4.939998,0,0,-1.494287,0,0,-0.2857143,0,0,0,0,-1.674287,-0.2857143,,-0.2857143,,0.016326532,0.040816331,0.057142863,,-0.11428572,-0.2857143,-0.40000002
4.959998,0,0,-1.500001,0,0,-0.2857143,0,0,0,0,-1.680002,-0.2857143,,-0.2857143,,0.016326532,0.040816331,0.057142863,,-0.11428572,-0.2857143,-0.40000002
4.979998,0,0,-1.505716,0,0,-0.2857143,0,0,0,0,-1.685716,-0.2857143,,-0.2857143,,0.016326532,0.040816331,0.057142863,,-0.11428572,-0.2857143,-0.40000002
4.999998,0,0,-1.51143,0,0,-0.2857143,0,0,0,0,-1.69143,-0.2857143,,-0.2857143,,0.016326532,0.040816331,0.057142863,,-0.11428572,-0.2857143,-0.40000002
5.019998,0,0,-1.517144,0,0,-0.2857143,0,0,0,0,-1.697145,-0.2857143,,-0.2857143,,0.016326532,0.040816331,0.057142863,,-0.11428572,-0.2857143,-0.40000002
5.039998,0,0,-1.522859,0,0,-0.2857143,0,0,0,0,-1.702859,-0.2857143,,-0.2857143,,0.016326532,0.040816331,0.057142863,,-0.11428572,-0.2857143,-0.40000002
5.059998,0,0,-1.528573,0,0,-0.2857143,0,0,0,0,-1.708573,-0.2857143,,-0.2857143,,0.016326532,0.040816331,0.057142863,,-0.11428572,-0.2857143,-0.40000002
5.079998,0,0,-1.534287,0,0,-0.2857143,0,0,0,0,-1.714288,-0.2857143,,-0.2857143,,0.016326532,0.040816331,0.057142863,,-0.11428572,-0.2857143,-0.40000002
5.099998,0,0,-1.540001,0,0,-0.2857143,0,0,0,0,-1.720002,-0.2857143,,-0.2857143,,0.016326532,0.040816331,0.057142863,,-0.11428572,-0.2857143,-0.40000002
5.119998,0,0,-1.545716,0,0,-0.2857143,0,0,0,0,-1.725716,-0.2857143,,-0.2857143,,0.016326532,0.040816331,0.057142863,,-0.11428572,-0.2857143,-0.40000002
5.139998,0,0,-1.55143,0,0,-0.2857143,0,0,0,0,-1.73143,-0.2857143,,-0.2857143,,0.016326532,0.040816331,0.057142863,,-0.11428572,-0.2857143,-0.40000002
5.159998,0,0,-1.557144,0,0,-0.2857143,0,0,0,0,-1.737145,-0.2857143,,-0.2857143,,0.016326532,0.040816331,0.057142863,,-0.11428572,-0.2857143,-0.40000002
5.179998,0,0,-1.562859,0,0,-0.2857143,0,0,0,0,-1.742859,-0.2857143,,-0.2857143,,0.016326532,0.040816331,0.057142863,,-0.11428572,-0.2857143,-0.40000002
5.199998,0,0,-1.568573,0,0,-0.2857143,0,0,0,0,-1.748573,-0.2857143,,-0.2857143,,0.016326532,0.040816331,0.057142863,,-0.11428572,-0.2857143,-0.40000002
5.219998,0,0,-1.574287,0,0,-0.2857143,0,0,0,0,-1.754288,-0.2857143,,-0.2857143,,0.016326532,0.040816331,0.057142863,,-0.11428572,-0.2857143,-0.40000002
5.239998,0,0,-1.580001,0,0,-0.2857143,0,0,0,0,-1.760002,-0.2857143,,-0.2857143,,0.016326532,0.040816331,0.057142863,,-0.11428572,-0.2857143,-0.40000002
5.259998,0,0,-1.585716,0,0,-0.2857143,0,0,0,0,-1.765716,-0.2857143,,-0.2857143,,0.016326532,0.040816331,0.057142863,,-0.11428572,-0.2857143,-0.40000002
5.279998,0,0,-1.59143,0,0,-0.2857143,0,0,0,0,-1.77143,-0.2857143,,-0.2857143,,0.016326532,0.040816331,0.057142863,,-0.11428572,-0.2857143,-0.40000002
5.299998,0,0,-1.597144,0,0,-0.2857143,0,0,0,0,-1.777145,-0.2857143,,-0.2857143,,0.016326532,0.040816331,0.057142863,,-0.11428572,-0.2857143,-0.40000002
5.319998,0,0,-1.602859,0,0,-0.2857143,0,0,0,0,-1.782859,-0.2857143,,-0.2857143,,0.016326532,0.040816331,0.057142863,,-0.11428572,-0.2857143,-0.40000002
5.339998,0,0,-1.608573,0,0,-0.2857143,0,0,0,0,-1.788573,-0.2857143,,-0.2857143,,0.016326532,0.040816331,0.057142863,,-0.11428572,-0.2857143,-0.40000002
5.359998,0,0,-1.614287,0,0,-0.2857143,0,0,0,0,-1.794288,-0.2857143,,-0.2857143,,0.016326532,0.040816331,0.057142863,,-0.11428572,-0.2857143,-0.40000002
5.379998,0,0,-1.620002,0,0,-0.2857143,0,0,0,0,-1.800002,-0.2857143,,-0.2857143,,0.016326532,0.040816331,0.057142863,,-0.11428572,-0.2857143,-0.40000002
5.399998,0,0,-1.625716,0,0,-0.2857143,0,0,0,0,-1.805716,-0.2857143,,-0.2857143,,0.016326532,0.040816331,0.057142863,,-0.11428572,-0.2857143,-0.40000002
5.419998,0,0,-1.63143,0,0,-0.2857143,0,0,0,0,-1.811431,-0.2857143,,-0.2857143,,0.016326532,0.040816331,0.057142863,,-0.11428572,-0.2857143,-0.40000002
5.439998,0,0,-1.637144,0,0,-0.2857143,0,0,0,0,-1.817145,-0.2857143,,-0.2857143,,0.016326532,0.040816331,0.057142863,,-0.11428572,-0.2857143,-0.40000002
5.459998,0,0,-1.642859,0,0,-0.2857143,0,0,0,0,-1.822859,-0.2857143,,-0.2857143,,0.016326532,0.040816331,0.057142863,,-0.11428572,-0.2857143,-0.40000002
5.479998,0,0,-1.648573,0,0,-0.2857143,0,0,0,0,-1.828573,-0.2857143,,-0.2857143,,0.016326532,0.040816331,0.057142863,,-0.11428572,-0.2857143,-0.40000002
5.499998,0,0,-1.654287,0,0,-0.2857143,0,0,0,0,-1.834288,-0.2857143,,-0.2857143,,0.016326532,0.040816331,0.057142863,,-0.11428572,-0.2857143,-0.40000002
5.519998,0,0,-1.660002,0,0,-0.2857143,0,0,0,0,-1.840002,-0.2857143,,-0.2857143,,0.016326532,0.040816331,0.057142863,,-0.11428572,-0.2857143,-0.40000002
5.539998,0,0,-1.665716,0,0,-0.2857143,0,0,0,0,-1.845716,-0.2857143,,-0.2857143,,0.016326532,0.040816331,0.057142863,,-0.11428572,-0.2857143,-0.40000002
5.559998,0,0,-1.67143,0,0,-0.2857143,0,0,0,0,-1.851431,-0.2857143,,-0.2857143,,0.016326532,0.040816331,0.057142863,,-0.11428572,-0.2857143,-0.40000002
5.579998,0,0,-1.677145,0,0,-0.2857143,0,0,0,0,-1.857145,-0.2857143,,-0.2857143,,0.016326532,0.040816331,0.057142863,,-0.11428572,-0.2857143,-0.40000002
5.599998,0,0,-1.682859,0,0,-0.2857143,0,0,0,0,-1.862859,-0.2857143,,-0.2857143,,0.016326532,0.040816331,0.057142863,,-0.11428572,-0.2857143,-0.40000002
5.619998,0,0,-1.688573,0,0,-0.2857143,0,0,0,0,-1.868574,-0.2857143,,-0.2857143,,0.016326532,0.040816331,0.057142863,,-0.11428572,-0.2857143,-0.40000002
5.639998,0,0,-1.694287,0,0,-0.2857143,0,0,0,0,-1.874288,-0.2857143,,-0.2857143,,0.016326532,0.040816331,0.057142863,,-0.11428572,-0.2857143,-0.40000002
5.659998,0,0,-1.700002,0,0,-0.2857143,0,0,0,0,-1.880002,-0.2857143,,-0.2857143,,0.016326532,0.040816331,0.057142863,,-0.11428572,-0.2857143,-0.40000002
5.679998,0,0,-1.705716,0,0,-0.2857143,0,0,0,0,-1.885716,-0.2857143,,-0.2857143,,0.016326532,0.040816331,0.057142863,,-0.11428572,-0.2857143,-0.40000002
5.699998,0,0,-1.71143,0,0,-0.2857143,0,0,0,0,-1.891431,-0.2857143,,-0.2857143,,0.016326532,0.040816331,0.057142863,,-0.11428572,-0.2857143,-0.40000002
5.719998,0,0,-1.717145,0,0,-0.2857143,0,0,0,0,-1.897145,-0.2857143,,-0.2857143,,0.016326532,0.040816331,0.057142863,,-0.11428572,-0.2857143,-0.40000002
5.739998,0,0,-1.722859,0,0,-0.2857143,0,0,0,0,-1.902859,-0.2857143,,-0.2857143,,0.016326532,0.040816331,0.057142863,,-0.11428572,-0.2857143,-0.40000002
5.759998,0,0,-1.728573,0,0,-0.2857143,0,0,0,0,-1.908574,-0.2857143,,-0.2857143,,0.016326532,0.040816331,0.057142863,,-0.11428572,-0.2857143,-0.40000002
5.779998,0,0,-1.734288,0,0,-0.2857143,0,0,0,0,-1.914288,-0.2857143,,-0.2857143,,0.016326532,0.040816331,0.057142863,,-0.11428572,-0.2857143,-0.40000002
5.799998,0,0,-1.740002,0,0,-0.2857143,0,0,0,0,-1.920002,-0.2857143,,-0.2857143,,0.016326532,0.040816331,0.057142863,,-0.11428572,-0.2857143,-0.40000002
5.819998,0,0,-1.745716,0,0,-0.2857143,0,0,0,0,-1.925717,-0.2857143,,-0.2857143,,0.016326532,0.040816331,0.057142863,,-0.11428572,-0.2857143,-0.40000002
5.839998,0,0,-1.75143,0,0,-0.2857143,0,0,0,0,-1.931431,-0.2857143,,-0.2857143,,0.016326532,0.040816331,0.057142863,,-0.11428572,-0.2857143,-0.40000002
5.859998,0,0,-1.757145,0,0,-0.2857143,0,0,0,0,-1.937145,-0.2857143,,-0.2857143,,0.016326532,0.040816331,0.057142863,,-0.11428572,-0.2857143,-0.40000002
5.879998,0,0,-1.762859,0,0,-0.2857143,0,0,0,0,-1.942859,-0.2857143,,-0.2857143,,0.016326532,0.040816331,0.057142863,,-0.11428572,-0.2857143,-0.40000002
5.899998,0,0,-1.768573,0,0,-0.2857143,0,0,0,0,-1.948574,-0.2857143,,-0.2857143,,0.016326532,0.040816331,0.057142863,,-0.11428572,-0.2857143,-0.40000002
5.919998,0,0,-1.774288,0,0,-0.2857143,0,0,0,0,-1.954288,-0.2857143,,-0.2857143,,0.016326532,0.040816331,0.057142863,,-0.11428572,-0.2857143,-0.40000002
5.939998,0,0,-1.780002,0,0,-0.2857143,0,0,0,0,-1.960002,-0.2857143,,-0.2857143,,0.016326532,0.040816331,0.057142863,,-0.11428572,-0.2857143,-0.40000002
5.959998,0,0,-1.785716,0,0,-0.2857143,0,0,0,0,-1.965717,-0.2857143,,-0.2857143,,0.016326532,0.040816331,0.057142863,,-0.11428572,-0.2857143,-0.40000002
5.979998,0,0,-1.79143,0,0,-0.2857143,0,0,0,0,-1.971431,-0.2857143,,-0.2857143,,0.016326532,0.040816331,0.057142863,,-0.11428572,-0.2857143,-0.40000002
5.999998,0,0,-1.797145,0,0,-0.2857143,0,0,0,0,-1.977145,-0.2857143,,-0.2857143,,0.016326532,0.040816331,0.057142863,,-0.11428572,-0.2857143,-0.40000002
6.019998,0,0,-1.802859,0,0,-0.2857143,0,0,0,0,-1.982859,-0.2857143,,-0.2857143,,0.016326532,0.040816331,0.057142863,,-0.11428572,-0.2857143,-0.40000002
6.039998,0,0,-1.808573,0,0,-0.2857143,0,0,0,0,-1.988574,-0.2857143,,-0.2857143,,0.016326532,0.040816331,0.057142863,,-0.11428572,-0.2857143,-0.40000002
6.059998,0,0,-1.814288,0,0,-0.2857143,0,0,0,0,-1.994288,-0.2857143,,-0.2857143,,0.016326532,0.040816331,0.057142863,,-0.11428572,-0.2857143,-0.40000002
6.079998,0,0,-1.820002,0,0,-0.2857143,0,0,0,0,-2.000002,-0.2857143,,-0.2857143,,0.016326532,0.040816331,0.057142863,,-0.11428572,-0.2857143,-0.40000002
6.099998,0,0,-1.825716,0,0,-0.2857143,0,0,0,0,-2.005717,-0.2857143,,-0.2857143,,0.016326532,0.040816331,0.057142863,,-0.11428572,-0.2857143,-0.40000002
6.119998,0,0,-1.83143,0,0,-0.2857143,0,0,0,0,-2.011431,-0.2857143,,-0.2857143,,0.016326532,0.040816331,0.057142863,,-0.11428572,-0.2857143,-0.40000002
6.139998,0,0,-1.837145,0,0,-0.2857143,0,0,0,0,-2.017145,-0.2857143,,-0.2857143,,0.016326532,0.040816331,0.057142863,,-0.11428572,-0.2857143,-0.40000002
6.159998,0,0,-1.842859,0,0,-0.2857143,0,0,0,0,-2.02286,-0.2857143,,-0.2857143,,0.016326532,0.040816331,0.057142863,,-0.11428572,-0.2857143,-0.40000002
6.179998,0,0,-1.848573,0,0,-0.2857143,0,0,0,0,-2.028574,-0.2857143,,-0.2857143,,0.016326532,0.040816331,0.057142863,,-0.11428572,-0.2857143,-0.40000002
6.199998,0,0,-1.854288,0,0,-0.2857143,0,0,0,0,-2.034288,-0.2857143,,-0.2857143,,0.016326532,0.040816331,0.057142863,,-0.11428572,-0.2857143,-0.40000002
6.219998,0,0,-1.860002,0,0,-0.2857143,0,0,0,0,-2.040002,-0.2857143,,-0.2857143,,0.016326532,0.040816331,0.057142863,,-0.11428572,-0.2857143,-0.40000002
6.239998,0,0,-1.865716,0,0,-0.2857143,0,0,0,0,-2.045717,-0.2857143,,-0.2857143,,0.016326532,0.040816331,0.057142863,,-0.11428572,-0.2857143,-0.40000002
6.259998,0,0,-1.871431,0,0,-0.2857143,0,0,0,0,-2.051431,-0.2857143,,-0.2857143,,0.016326532,0.040816331,0.057142863,,-0.11428572,-0.2857143,-0.40000002
6.279998,0,0,-1.877145,0,0,-0.2857143,0,0,0,0,-2.057145,-0.2857143,,-0.2857143,,0.016326532,0.040816331,0.057142863,,-0.11428572,-0.2857143,-0.40000002
6.299998,0,0,-1.882859,0,0,-0.2857143,0,0,0,0,-2.06286,-0.2857143,,-0.2857143,,0.016326532,0.040816331,0.057142863,,-0.11428572,-0.2857143,-0.40000002
6.319998,0,0,-1.888573,0,0,-0.2857143,0,0,0,0,-2.068574,-0.2857143,,-0.2857143,,0.016326532,0.040816331,0.057142863,,-0.11428572,-0.2857143,-0.40000002
6.339998,0,0,-1.894288,0,0,-0.2857143,0,0,0,0,-2.074288,-0.2857143,,-0.2857143,,0.016326532,0.040816331,0.057142863,,-0.11428572,-0.2857143,-0.40000002
6.359998,0,0,-1.900002,0,0,-0.2857143,0,0,0,0,-2.080003,-0.2857143,,-0.2857143,,0.016326532,0.040816331,0.057142863,,-0.11428572,-0.2857143,-0.40000002
6.379998,0,0,-1.905716,0,0,-0.2857143,0,0,0,0,-2.085717,-0.2857143,,-0.2857143,,0.016326532,0.040816331,0.057142863,,-0.11428572,-0.2857143,-0.40000002
6.399998,0,0,-1.911431,0,0,-0.2857143,0,0,0,0,-2.091431,-0.2857143,,-0.2857143,,0.016326532,0.040816331,0.057142863,,-0.11428572,-0.2857143,-0.40000002
6.419998,0,0,-1.917145,0,0,-0.2857143,0,0,0,0,-2.097145,-0.2857143,,-0.2857143,,0.016326532,0.040816331,0.057142863,,-0.11428572,-0.2857143,-0.40000002
6.439998,0,0,-1.922859,0,0,-0.2857143,0,0,0,0,-2.10286,-0.2857143,,-0.2857143,,0.016326532,0.040816331,0.057142863,,-0.11428572,-0.2857143,-0.40000002
6.459998,0,0,-1.928574,0,0,-0.2857143,0,0,0,0,-2.108574,-0.2857143,,-0.2857143,,0.016326532,0.040816331,0.057142863,,-0.11428572,-0.2857143,-0.40000002
6.479998,0,0,-1.934288,0,0,-0.2857143,0,0,0,0,-2.114288,-0.2857143,,-0.2857143,,0.016326532,0.040816331,0.057142863,,-0.11428572,-0.2857143,-0.40000002
6.499998,0,0,-1.940002,0,0,-0.2857143,0,0,0,0,-2.120003,-0.2857143,,-0.2857143,,0.016326532,0.040816331,0.057142863,,-0.11428572,-0.2857143,-0.40000002
6.519998,0,0,-1.945716,0,0,-0.2857143,0,0,0,0,-2.125717,-0.2857143,,-0.2857143,,0.016326532,0.040816331,0.057142863,,-0.11428572,-0.2857143,-0.40000002
6.539998,0,0,-1.951431,0,0,-0.2857143,0,0,0,0,-2.131431,-0.2857143,,-0.2857143,,0.016326532,0.040816331,0.057142863,,-0.11428572,-0.2857143,-0.40000002
6.559998,0,0,-1.957145,0,0,-0.2857143,0,0,0,0,-2.137146,-0.2857143,,-0.2857143,,0.016326532,0.040816331,0.057142863,,-0.11428572,-0.2857143,-0.40000002
6.579998,0,0,-1.962859,0,0,-0.2857143,0,0,0,0,-2.14286,-0.2857143,,-0.2857143,,0.016326532,0.040816331,0.057142863,,-0.11428572,-0.2857143,-0.40000002
6.599998,0,0,-1.968574,0,0,-0.2857143,0,0,0,0,-2.148574,-0.2857143,,-0.2857143,,0.016326532,0.040816331,0.057142863,,-0.11428572,-0.2857143,-0.40000002
6.619998,0,0,-1.974288,0,0,-0.2857143,0,0,0,0,-2.154288,-0.2857143,,-0.2857143,,0.016326532,0.040816331,0.057142863,,-0.11428572,-0.2857143,-0.40000002
6.639997,0,0,-1.980002,0,0,-0.2857143,0,0,0,0,-2.160003,-0.2857143,,-0.2857143,,0.016326532,0.040816331,0.057142863,,-0.11428572,-0.2857143,-0.40000002
6.659997,0,0,-1.985717,0,0,-0.2857143,0,0,0,0,-2.165717,-0.2857143,,-0.2857143,,0.016326532,0.040816331,0.057142863,,-0.11428572,-0.2857143,-0.40000002
6.679997,0,0,-1.991431,0,0,-0.2857143,0,0,0,0,-2.171431,-0.2857143,,-0.2857143,,0.016326532,0.040816331,0.057142863,,-0.11428572,-0.2857143,-0.40000002
6.699997,0,0,-1.997145,0,0,-0.2857143,0,0,0,0,-2.177145,-0.2857143,,-0.2857143,,0.016326532,0.040816331,0.057142863,,-0.11428572,-0.2857143,-0.40000002
6.719997,0,0,-2.002859,0,0,-0.2857143,0,0,0,0,-2.18286,-0.2857143,,-0.2857143,,0.016326532,0.040816331,0.057142863,,-0.11428572,-0.2857143,-0.40000002
6.739997,0,0,-2.008574,0,0,-0.2857143,0,0,0,0,-2.188574,-0.2857143,,-0.2857143,,0.016326532,0.040816331,0.057142863,,-0.11428572,-0.2857143,-0.40000002
6.759997,0,0,-2.014288,0,0,-0.2857143,0,0,0,0,-2.194288,-0.2857143,,-0.2857143,,0.016326532,0.040816331,0.057142863,,-0.11428572,-0.2857143,-0.40000002
6.779998,0,0,-2.020002,0,0,-0.2857143,0,0,0,0,-2.200003,-0.2857143,,-0.2857143,,0.016326532,0.040816331,0.057142863,,-0.11428572,-0.2857143,-0.40000002
6.799998,0,0,-2.025717,0,0,-0.2857143,0,0,0,0,-2.205717,-0.2857143,,-0.2857143,,0.016326532,0.040816331,0.057142863,,-0.11428572,-0.2857143,-0.40000002
6.819998,0,0,-2.031431,0,0,-0.2857143,0,0,0,0,-2.211431,-0.2857143,,-0.2857143,,0.016326532,0.040816331,0.057142863,,-0.11428572,-0.2857143,-0.40000002
6.839998,0,0,-2.037145,0,0,-0.2857143,0,0,0,0,-2.217145,-0.2857143,,-0.2857143,,0.016326532,0.040816331,0.057142863,,-0.11428572,-0.2857143,-0.40000002
6.859998,0,0,-2.042859,0,0,-0.2857143,0,0,0,0,-2.22286,-0.2857143,,-0.2857143,,0.016326532,0.040816331,0.057142863,,-0.11428572,-0.2857143,-0.40000002
6.879998,0,0,-2.048573,0,0,-0.2857143,0,0,0,0,-2.228574,-0.2857143,,-0.2857143,,0.016326532,0.040816331,0.057142863,,-0.11428572,-0.2857143,-0.40000002
6.899998,0,0,-2.054288,0,0,-0.2857143,0,0,0,0,-2.234288,-0.2857143,,-0.2857143,,0.016326532,0.040816331,0.057142863,,-0.11428572,-0.2857143,-0.40000002
6.919998,0,0,-2.060002,0,0,-0.2857143,0,0,0,0,-2.240002,-0.2857143,,-0.2857143,,0.016326532,0.040816331,0.057142863,,-0.11428572,-0.2857143,-0.40000002
6.939998,0,0,-2.065716,0,0,-0.2857143,0,0,0,0,-2.245717,-0.2857143,,-0.2857143,,0.016326532,0.040816331,0.057142863,,-0.11428572,-0.2857143,-0.40000002
6.959998,0,0,-2.07143,0,0,-0.2857143,0,0,0,0,-2.251431,-0.2857143,,-0.2857143,,0.016326532,0.040816331,0.057142863,,-0.11428572,-0.2857143,-0.40000002
6.979998,0,0,-2.077145,0,0,-0.2857143,0,0,0,0,-2.257145,-0.2857143,,-0.2857143,,0.016326532,0.040816331,0.057142863,,-0.11428572,-0.2857143,-0.40000002
6.999998,0,0,-2.082859,0,0,-0.2857143,0,0,0,0,-2.26286,-0.2857143,,-0.2857143,,0.016326532,0.040816331,0.057142863,,-0.11428572,-0.2857143,-0.40000002
7.019998,0,0,-2.088573,0,0,-0.2857143,0,0,0,0,-2.268574,-0.2857143,,-0.2857143,,0.016326532,0.040816331,0.057142863,,-0.11428572,-0.2857143,-0.40000002
7.039998,0,0,-2.094288,0,0,-0.2857143,0,0,0,0,-2.274288,-0.2857143,,-0.2857143,,0.016326532,0.040816331,0.057142863,,-0.11428572,-0.2857143,-0.40000002
7.059998,0,0,-2.100002,0,0,-0.2857143,0,0,0,0,-2.280002,-0.2857143,,-0.2857143,,0.016326532,0.040816331,0.057142863,,-0.11428572,-0.2857143,-0.40000002
7.079998,0,0,-2.105716,0,0,-0.2857143,0,0,0,0,-2.285717,-0.2857143,,-0.2857143,,0.016326532,0.040816331,0.057142863,,-0.11428572,-0.2857143,-0.40000002
7.099998,0,0,-2.11143,0,0,-0.2857143,0,0,0,0,-2.291431,-0.2857143,,-0.2857143,,0.016326532,0.040816331,0.057142863,,-0.11428572,-0.2857143,-0.40000002
7.119998,0,0,-2.117145,0,0,-0.2857143,0,0,0,0,-2.297145,-0.2857143,,-0.2857143,,0.016326532,0.040816331,0.057142863,,-0.11428572,-0.2857143,-0.40000002
7.139997,0,0,-2.122859,0,0,-0.2857143,0,0,0,0,-2.302859,-0.2857143,,-0.2857143,,0.016326532,0.040816331,0.057142863,,-0.11428572,-0.2857143,-0.40000002
7.159997,0,0,-2.128573,0,0,-0.2857143,0,0,0,0,-2.308573,-0.2857143,,-0.2857143,,0.016326532,0.040816331,0.057142863,,-0.11428572,-0.2857143,-0.40000002
7.179997,0,0,-2.134287,0,0,-0.2857143,0,0,0,0,-2.314288,-0.2857143,,-0.2857143,,0.016326532,0.040816331,0.057142863,,-0.11428572,-0.2857143,-0.40000002
7.199997,0,0,-2.140002,0,0,-0.2857143,0,0,0,0,-2.320002,-0.2857143,,-0.2857143,,0.016326532,0.040816331,0.057142863,,-0.11428572,-0.2857143,-0.40000002
7.219997,0,0,-2.145716,0,0,-0.2857143,0,0,0,0,-2.325716,-0.2857143,,-0.2857143,,0.016326532,0.040816331,0.057142863,,-0.11428572,-0.2857143,-0.40000002
7.239997,0,0,-2.15143,0,0,-0.2857143,0,0,0,0,-2.331431,-0.2857143,,-0.2857143,,0.016326532,0.040816331,0.057142863,,-0.11428572,-0.2857143,-0.40000002
7.259997,0,0,-2.157144,0,0,-0.2857143,0,0,0,0,-2.337145,-0.2857143,,-0.2857143,,0.016326532,0.040816331,0.057142863,,-0.11428572,-0.2857143,-0.40000002
7.279997,0,0,-2.162859,0,0,-0.2857143,0,0,0,0,-2.342859,-0.2857143,,-0.2857143,,0.016326532,0.040816331,0.057142863,,-0.11428572,-0.2857143,-0.40000002
7.299997,0,0,-2.168573,0,0,-0.2857143,0,0,0,0,-2.348573,-0.2857143,,-0.2857143,,0.016326532,0.040816331,0.057142863,,-0.11428572,-0.2857143,-0.40000002
7.319997,0,0,-2.174287,0,0,-0.2857143,0,0,0,0,-2.354288,-0.2857143,,-0.2857143,,0.016326532,0.040816331,0.057142863,,-0.11428572,-0.2857143,-0.40000002
7.339997,0,0,-2.180001,0,0,-0.2857143,0,0,0,0,-2.360002,-0.2857143,,-0.2857143,,0.016326532,0.040816331,0.057142863,,-0.11428572,-0.2857143,-0.40000002
7.359997,0,0,-2.185716,0,0,-0.2857143,0,0,0,0,-2.365716,-0.2857143,,-0.2857143,,0.016326532,0.040816331,0.057142863,,-0.11428572,-0.2857143,-0.40000002
7.379997,0,0,-2.19143,0,0,-0.2857143,0,0,0,0,-2.37143,-0.2857143,,-0.2857143,,0.016326532,0.040816331,0.057142863,,-0.11428572,-0.2857143,-0.40000002
7.399997,0,0,-2.197144,0,0,-0.2857143,0,0,0,0,-2.377145,-0.2857143,,-0.2857143,,0.016326532,0.040816331,0.057142863,,-0.11428572,-0.2857143,-0.40000002
7.419997,0,0,-2.202858,0,0,-0.2857143,0,0,0,0,-2.382859,-0.2857143,,-0.2857143,,0.016326532,0.040816331,0.057142863,,-0.11428572,-0.2857143,-0.40000002
7.439997,0,0,-2.208573,0,0,-0.2857143,0,0,0,0,-2.388573,-0.2857143,,-0.2857143,,0.016326532,0.040816331,0.057142863,,-0.11428572,-0.2857143,-0.40000002
7.459997,0,0,-2.214287,0,0,-0.2857143,0,0,0,0,-2.394287,-0.2857143,,-0.2857143,,0.016326532,0.040816331,0.057142863,,-0.11428572,-0.2857143,-0.40000002
7.479997,0,0,-2.220001,0,0,-0.2857143,0,0,0,0,-2.400002,-0.2857143,,-0.2857143,,0.016326532,0.040816331,0.057142863,,-0.11428572,-0.2857143,-0.40000002
7.499997,0,0,-2.225715,0,0,-0.2857143,0,0,0,0,-2.405716,-0.2857143,,-0.2857143,,0.016326532,0.040816331,0.057142863,,-0.11428572,-0.2857143,-0.40000002
7.519997,0,0,-2.23143,0,0,-0.2857143,0,0,0,0,-2.41143,-0.2857143,,-0.2857143,,0.016326532,0.040816331,0.057142863,,-0.11428572,-0.2857143,-0.40000002
7.539997,0,0,-2.237144,0,0,-0.2857143,0,0,0,0,-2.417145,-0.2857143,,-0.2857143,,0.016326532,0.040816331,0.057142863,,-0.11428572,-0.2857143,-0.40000002
7.559998,0,0,-2.242858,0,0,-0.2857143,0,0,0,0,-2.422859,-0.2857143,,-0.2857143,,0.016326532,0.040816331,0.057142863,,-0.11428572,-0.2857143,-0.40000002
7.579998,0,0,-2.248573,0,0,-0.2857143,0,0,0,0,-2.428573,-0.2857143,,-0.2857143,,0.016326532,0.040816331,0.057142863,,-0.11428572,-0.2857143,-0.40000002
