t,x,y,z,vx,vy,vz,dl_left,F_left,dl_right,F_right,z_bumper,vz_bumper
0.01999999,0,0,0,0,0,1,0,0,0,0,-0.8,0
0.03999998,0,0,0.01999999,0,0,1,0,0,0,0,-0.8,0
0.05999998,0,0,0.03999998,0,0,1,0,0,0,0,-0.8,0
0.07999997,0,0,0.05999998,0,0,1,0,0,0,0,-0.8,0
0.09999996,0,0,0.07999997,0,0,1,0,0,0,0,-0.8,0
0.12,0,0,0.09999996,0,0,1,0,0,0,0,-0.8,0
0.14,0,0,0.12,0,0,1,0,0,0,0,-0.8,0
0.1599999,0,0,0.14,0,0,1,0,0,0,0,-0.8,0
0.1799999,0,0,0.16,0,0,1,0,0,0,0,-0.8,0
0.1999999,0,0,0.1799999,0,0,1,0,0,0,0,-0.8,0
0.2199999,0,0,0.1999999,0,0,1,0,0,0,0,-0.8,0
0.2399999,0,0,0.2199999,0,0,1,0,0,0,0,-0.8,0
0.2599999,0,0,0.2399999,0,0,1,0,0,0,0,-0.8,0
0.2799999,0,0,0.2599999,0,0,1,0,0,0,0,-0.8,0
0.2999999,0,0,0.2799999,0,0,1,0,0,0,0,-0.8,0
0.3199999,0,0,0.2999999,0,0,1,0,0,0,0,-0.8,0
0.3399999,0,0,0.3199999,0,0,1,0,0,0,0,-0.8,0
0.3599999,0,0,0.3399999,0,0,1,0,0,0,0,-0.8,0
0.3799999,0,0,0.3599998,0,0,1,0,0,0,0,-0.8,0
0.3999999,0,0,0.3799998,0,0,1,0,0,0,0,-0.8,0
0.4199998,0,0,0.3999998,0,0,1,0,0,0,0,-0.8,0
0.4399998,0,0,0.4199998,0,0,1,0,0,0,0,-0.8,0
0.4599998,0,0,0.4399998,0,0,1,0,0,0,0,-0.8,0
0.4799998,0,0,0.4599997,0,0,1,0,0,0.009999737,0.1999947,-0.8,0
0.4999998,0,0,0.4797997,0,0,0.9900002,0,0,0.02979974,0.5959949,-0.8,0
0.5199998,0,0,0.4990037,0,0,0.9602005,0,0,0.04900374,0.9800747,-0.8,0
0.5399998,0,0,0.5172276,0,0,0.9111968,0,0,0.06722765,1.344553,-0.8,0
0.5599998,0,0,0.534107,0,0,0.8439692,0,0,0.08410703,1.682141,-0.8,0
0.5799998,0,0,0.5493042,0,0,0.7598622,0,0,0.09930424,1.986085,-0.8,0
0.5999998,0,0,0.5625154,0,0,0.660558,0,0,0.1125154,2.250308,-0.8,0
0.6199998,0,0,0.5734763,0,0,0.5480427,0,0,0.1234763,2.469525,-0.8,0
0.6399997,0,0,0.5819676,0,0,0.4245664,0,0,0.1319676,2.639352,-0.8,0
0.6599998,0,0,0.5878196,0,0,0.2925989,0,0,0.1378196,2.756392,-0.8,0
0.6799998,0,0,0.5909151,0,0,0.1547794,0,0,0.1409151,2.818303,-0.8,0
0.6999997,0,0,0.5911924,0,0,0.01386428,0,0,0.1411924,2.823848,-0.8,0
0.7199997,0,0,0.5886459,0,0,-0.1273281,0,0,0.1386459,2.772918,-0.8,0
0.7399997,0,0,0.5833264,0,0,-0.2659739,0,0,0.1333264,2.666528,-0.8,0
0.7599998,0,0,0.5753404,0,0,-0.3993003,0,0,0.1253404,2.506808,-0.8,0
0.7799997,0,0,0.5648476,0,0,-0.5246406,0,0,0.1148476,2.296952,-0.8,0
0.7999997,0,0,0.5520578,0,0,-0.6394882,0,0,0.1020578,2.041156,-0.8,0
0.8199997,0,0,0.5372269,0,0,-0.7415459,0,0,0.08722691,1.744538,-0.8,0
0.8399997,0,0,0.5206515,0,0,-0.8287728,0,0,0.07065146,1.413029,-0.8,0
0.8599997,0,0,0.502663,0,0,-0.8994242,0,0,0.05266295,1.053259,-0.8,0
0.8799997,0,0,0.4836212,0,0,-0.9520871,0,0,0.03362121,0.6724241,-0.8,0
0.8999997,0,0,0.4639071,0,0,-0.9857083,0,0,0.01390706,0.2781412,-0.8,0
0.9199997,0,0,0.4439148,0,0,-0.9996154,0,0,0,0,-0.8,0
0.9399996,0,0,0.4239225,0,0,-0.9996154,0,0,0,0,-0.8,0
0.9599997,0,0,0.4039302,0,0,-0.9996154,0,0,0,0,-0.8,0
0.9799997,0,0,0.3839379,0,0,-0.9996154,0,0,0,0,-0.8,0
0.9999996,0,0,0.3639456,0,0,-0.9996154,0,0,0,0,-0.8,0
1.02,0,0,0.3439533,0,0,-0.9996154,0,0,0,0,-0.8,0
1.04,0,0,0.323961,0,0,-0.9996154,0,0,0,0,-0.8,0
1.06,0,0,0.3039687,0,0,-0.9996154,0,0,0,0,-0.8,0
1.08,0,0,0.2839764,0,0,-0.9996154,0,0,0,0,-0.8,0
1.1,0,0,0.2639841,0,0,-0.9996154,0,0,0,0,-0.8,0
1.12,0,0,0.2439919,0,0,-0.9996154,0,0,0,0,-0.8,0
1.14,0,0,0.2239996,0,0,-0.9996154,0,0,0,0,-0.8,0
1.16,0,0,0.2040073,0,0,-0.9996154,0,0,0,0,-0.8,0
1.18,0,0,0.184015,0,0,-0.9996154,0,0,0,0,-0.8,0
1.2,0,0,0.1640227,0,0,-0.9996154,0,0,0,0,-0.8,0
1.22,0,0,0.1440304,0,0,-0.9996154,0,0,0,0,-0.8,0
1.24,0,0,0.1240381,0,0,-0.9996154,0,0,0,0,-0.8,0
1.26,0,0,0.1040458,0,0,-0.9996154,0,0,0,0,-0.8,0
1.279999,0,0,0.08405349,0,0,-0.9996154,0,0,0,0,-0.8,0
1.3,0,0,0.06406119,0,0,-0.9996154,0,0,0,0,-0.8,0
1.32,0,0,0.0440689,0,0,-0.9996154,0,0,0,0,-0.8,0
1.34,0,0,0.0240766,0,0,-0.9996154,0,0,0,0,-0.8,0
1.36,0,0,0.004084297,0,0,-0.9996154,0,0,0,0,-0.8,0
1.38,0,0,-0.015908,0,0,-0.9996154,0,0,0,0,-0.8,0
1.399999,0,0,-0.0359003,0,0,-0.9996154,0,0,0,0,-0.8,0
1.419999,0,0,-0.0558926,0,0,-0.9996154,0,0,0,0,-0.8,0
1.439999,0,0,-0.0758849,0,0,-0.9996154,0,0,0,0,-0.8,0
1.459999,0,0,-0.0958772,0,0,-0.9996154,0,0,0,0,-0.8,0
1.479999,0,0,-0.1158695,0,0,-0.9996154,0,0,0,0,-0.8,0
1.5,0,0,-0.1358618,0,0,-0.9996154,0,0,0,0,-0.8,0
1.52,0,0,-0.1558541,0,0,-0.9996154,0,0,0,0,-0.8,0
1.539999,0,0,-0.1758464,0,0,-0.9996154,0,0,0,0,-0.8,0
1.559999,0,0,-0.1958387,0,0,-0.9996154,0,0,0,0,-0.8,0
1.579999,0,0,-0.215831,0,0,-0.9996154,0,0,0,0,-0.8,0
1.599999,0,0,-0.2358233,0,0,-0.9996154,0,0,0,0,-0.8,0
1.619999,0,0,-0.2558156,0,0,-0.9996154,0,0,0,0,-0.8,0
1.639999,0,0,-0.2758079,0,0,-0.9996154,0,0,0,0,-0.8,0
1.659999,0,0,-0.2958001,0,0,-0.9996154,0,0,0,0,-0.8,0
1.679999,0,0,-0.3157924,0,0,-0.9996154,0,0,0,0,-0.8,0
1.699999,0,0,-0.3357847,0,0,-0.9996154,0,0,0,0,-0.8,0
1.719999,0,0,-0.355777,0,0,-0.9996154,0,0,0,0,-0.8,0
1.739999,0,0,-0.3757693,0,0,-0.9996154,0,0,0,0,-0.8,0
1.759999,0,0,-0.3957616,0,0,-0.9996154,0,0,0,0,-0.8,0
1.779999,0,0,-0.4157539,0,0,-0.9996154,0,0,0,0,-0.8,0
1.799999,0,0,-0.4357462,0,0,-0.9996154,0,0,0,0,-0.8,0
1.819999,0,0,-0.4557385,0,0,-0.9996154,0.005738482,0.1147696,0,0,-0.8,0
1.839999,0,0,-0.475616,0,0,-0.9938769,0.02550121,0.5100241,0,0,-0.8001148,-0.00573848
1.859999,0,0,-0.4949835,0,0,-0.9683757,0.04430129,0.8860257,0,0,-0.8006822,-0.02837044
1.879999,0,0,-0.513465,0,0,-0.9240744,0.06161301,1.23226,0,0,-0.801852,-0.05848649
1.899999,0,0,-0.5307142,0,0,-0.8624614,0.07704513,1.540903,0,0,-0.8036691,-0.09085625
1.919999,0,0,-0.5464225,0,0,-0.7854164,0.090304,1.80608,0,0,-0.8061185,-0.1224732
1.939999,0,0,-0.5603248,0,0,-0.6951124,0.1011754,2.023508,0,0,-0.8091494,-0.1515406
1.959999,0,0,-0.5722035,0,0,-0.593937,0.1095152,2.190305,0,0,-0.8126883,-0.1769457
1.979999,0,0,-0.581892,0,0,-0.4844218,0.1152439,2.304878,0,0,-0.8166481,-0.1979881
1.999999,0,0,-0.5892755,0,0,-0.369178,0.1183427,2.366855,0,0,-0.8209328,-0.2142379
2.019999,0,0,-0.5942922,0,0,-0.2508353,0.1188502,2.377004,0,0,-0.825442,-0.2254617
2.039999,0,0,-0.5969319,0,0,-0.1319851,0.1168583,2.337166,0,0,-0.8300737,-0.2315811
2.059999,0,0,-0.5972345,0,0,-0.01512688,0.1125079,2.250157,0,0,-0.8347266,-0.2326488
2.079999,0,0,-0.5952868,0,0,0.09738094,0.1059836,2.119672,0,0,-0.8393033,-0.2288323
2.099999,0,0,-0.5912195,0,0,0.2033645,0.0975083,1.950166,0,0,-0.8437113,-0.2203998
2.119999,0,0,-0.5852021,0,0,0.3008727,0.0873367,1.746734,0,0,-0.8478654,-0.2077082
2.139999,0,0,-0.5774379,0,0,0.3882094,0.07574873,1.514975,0,0,-0.8516892,-0.1911908
2.159999,0,0,-0.5681588,0,0,0.4639581,0.06304269,1.260854,0,0,-0.8551161,-0.1713441
2.179999,0,0,-0.5576188,0,0,0.5270007,0.04952841,0.9905681,0,0,-0.8580904,-0.1487148
2.199999,0,0,-0.5460882,0,0,0.5765291,0.03552012,0.7104024,0,0,-0.8605681,-0.1238858
2.219999,0,0,-0.5338472,0,0,0.6120492,0.02132986,0.4265973,0,0,-0.8625174,-0.09746303
2.239999,0,0,-0.5211796,0,0,0.6333791,0.007261023,0.1452205,0,0,-0.8639186,-0.07006139
2.259999,0,0,-0.5083668,0,0,0.6406401,0,0,0,0,-0.8647645,-0.04229173
2.279999,0,0,-0.495554,0,0,0.6406401,0,0,0,0,-0.8651873,-0.02114587
2.299999,0,0,-0.4827412,0,0,0.6406401,0,0,0,0,-0.8653988,-0.01057294
2.319999,0,0,-0.4699284,0,0,0.6406401,0,0,0,0,-0.8655046,-0.005286472
2.339999,0,0,-0.4571157,0,0,0.6406401,0,0,0,0,-0.8655574,-0.002643237
2.359999,0,0,-0.4443029,0,0,0.6406401,0,0,0,0,-0.8655838,-0.001321619
2.379999,0,0,-0.4314901,0,0,0.6406401,0,0,0,0,-0.8655971,-0.0006608098
2.399999,0,0,-0.4186773,0,0,0.6406401,0,0,0,0,-0.8656037,-0.000330405
2.419999,0,0,-0.4058645,0,0,0.6406401,0,0,0,0,-0.865607,-0.0001652026
2.439999,0,0,-0.3930517,0,0,0.6406401,0,0,0,0,-0.8656086,-8.260133E-05
2.459999,0,0,-0.3802389,0,0,0.6406401,0,0,0,0,-0.8656095,-4.130068E-05
2.479999,0,0,-0.3674261,0,0,0.6406401,0,0,0,0,-0.8656099,-2.065035E-05
2.499999,0,0,-0.3546133,0,0,0.6406401,0,0,0,0,-0.8656101,-1.032518E-05
2.519999,0,0,-0.3418005,0,0,0.6406401,0,0,0,0,-0.8656102,-5.162591E-06
2.539999,0,0,-0.3289877,0,0,0.6406401,0,0,0,0,-0.8656102,-2.581297E-06
2.559999,0,0,-0.3161749,0,0,0.6406401,0,0,0,0,-0.8656102,-1.290649E-06
2.579999,0,0,-0.3033621,0,0,0.6406401,0,0,0,0,-0.8656102,-6.453247E-07
2.599999,0,0,-0.2905493,0,0,0.6406401,0,0,0,0,-0.8656102,-3.226625E-07
2.619999,0,0,-0.2777365,0,0,0.6406401,0,0,0,0,-0.8656102,-1.613313E-07
2.639999,0,0,-0.2649238,0,0,0.6406401,0,0,0,0,-0.8656102,-8.066569E-08
2.659999,0,0,-0.252111,0,0,0.6406401,0,0,0,0,-0.8656102,-4.033286E-08
2.679999,0,0,-0.2392982,0,0,0.6406401,0,0,0,0,-0.8656102,-2.016644E-08
2.699999,0,0,-0.2264854,0,0,0.6406401,0,0,0,0,-0.8656102,-1.008322E-08
2.719999,0,0,-0.2136726,0,0,0.6406401,0,0,0,0,-0.8656102,-5.041613E-09
2.739999,0,0,-0.2008598,0,0,0.6406401,0,0,0,0,-0.8656102,-2.520808E-09
2.759999,0,0,-0.188047,0,0,0.6406401,0,0,0,0,-0.8656102,-1.260404E-09
2.779999,0,0,-0.1752342,0,0,0.6406401,0,0,0,0,-0.8656102,-6.302024E-10
2.799999,0,0,-0.1624214,0,0,0.6406401,0,0,0,0,-0.8656102,-3.151013E-10
2.819999,0,0,-0.1496086,0,0,0.6406401,0,0,0,0,-0.8656102,-1.575507E-10
2.839999,0,0,-0.1367958,0,0,0.6406401,0,0,0,0,-0.8656102,-7.87754E-11
2.859999,0,0,-0.123983,0,0,0.6406401,0,0,0,0,-0.8656102,-3.938772E-11
2.879999,0,0,-0.1111702,0,0,0.6406401,0,0,0,0,-0.8656102,-1.969386E-11
2.899999,0,0,-0.09835742,0,0,0.6406401,0,0,0,0,-0.8656102,-9.846937E-12
2.919999,0,0,-0.08554462,0,0,0.6406401,0,0,0,0,-0.8656102,-4.92347E-12
2.939999,0,0,-0.07273182,0,0,0.6406401,0,0,0,0,-0.8656102,-2.461736E-12
2.959999,0,0,-0.05991902,0,0,0.6406401,0,0,0,0,-0.8656102,-1.230869E-12
2.979999,0,0,-0.04710622,0,0,0.6406401,0,0,0,0,-0.8656102,-6.154345E-13
2.999999,0,0,-0.03429342,0,0,0.6406401,0,0,0,0,-0.8656102,-3.077174E-13
3.019999,0,0,-0.02148063,0,0,0.6406401,0,0,0,0,-0.8656102,-1.538588E-13
3.039999,0,0,-0.008667829,0,0,0.6406401,0,0,0,0,-0.8656102,-7.692941E-14
3.059999,0,0,0.004144968,0,0,0.6406401,0,0,0,0,-0.8656102,-3.846472E-14
3.079999,0,0,0.01695777,0,0,0.6406401,0,0,0,0,-0.8656102,-1.923237E-14
3.099999,0,0,0.02977056,0,0,0.6406401,0,0,0,0,-0.8656102,-9.616188E-15
3.119999,0,0,0.04258336,0,0,0.6406401,0,0,0,0,-0.8656102,-4.808096E-15
3.139999,0,0,0.05539616,0,0,0.6406401,0,0,0,0,-0.8656102,-2.404049E-15
3.159999,0,0,0.06820896,0,0,0.6406401,0,0,0,0,-0.8656102,-1.202025E-15
3.179999,0,0,0.08102176,0,0,0.6406401,0,0,0,0,-0.8656102,-6.010127E-16
3.199999,0,0,0.09383456,0,0,0.6406401,0,0,0,0,-0.8656102,-3.005065E-16
3.219999,0,0,0.1066474,0,0,0.6406401,0,0,0,0,-0.8656102,-1.502533E-16
3.239999,0,0,0.1194602,0,0,0.6406401,0,0,0,0,-0.8656102,-7.512668E-17
3.259999,0,0,0.132273,0,0,0.6406401,0,0,0,0,-0.8656102,-3.756335E-17
3.279999,0,0,0.1450858,0,0,0.6406401,0,0,0,0,-0.8656102,-1.878169E-17
3.299999,0,0,0.1578985,0,0,0.6406401,0,0,0,0,-0.8656102,-9.390846E-18
3.319999,0,0,0.1707113,0,0,0.6406401,0,0,0,0,-0.8656102,-4.695425E-18
3.339999,0,0,0.1835241,0,0,0.6406401,0,0,0,0,-0.8656102,-2.347714E-18
3.359999,0,0,0.1963369,0,0,0.6406401,0,0,0,0,-0.8656102,-1.173857E-18
3.379999,0,0,0.2091497,0,0,0.6406401,0,0,0,0,-0.8656102,-5.869288E-19
3.399999,0,0,0.2219625,0,0,0.6406401,0,0,0,0,-0.8656102,-2.934645E-19
3.419999,0,0,0.2347753,0,0,0.6406401,0,0,0,0,-0.8656102,-1.467323E-19
3.439999,0,0,0.2475881,0,0,0.6406401,0,0,0,0,-0.8656102,-7.336619E-20
3.459999,0,0,0.2604009,0,0,0.6406401,0,0,0,0,-0.8656102,-3.668311E-20
3.479999,0,0,0.2732137,0,0,0.6406401,0,0,0,0,-0.8656102,-1.834156E-20
3.499999,0,0,0.2860265,0,0,0.6406401,0,0,0,0,-0.8656102,-9.170785E-21
3.519999,0,0,0.2988393,0,0,0.6406401,0,0,0,0,-0.8656102,-4.585395E-21
3.539999,0,0,0.3116521,0,0,0.6406401,0,0,0,0,-0.8656102,-2.292698E-21
3.559999,0,0,0.3244649,0,0,0.6406401,0,0,0,0,-0.8656102,-1.14635E-21
3.579999,0,0,0.3372777,0,0,0.6406401,0,0,0,0,-0.8656102,-5.73175E-22
3.599999,0,0,0.3500904,0,0,0.6406401,0,0,0,0,-0.8656102,-2.865876E-22
3.619999,0,0,0.3629032,0,0,0.6406401,0,0,0,0,-0.8656102,-1.432939E-22
3.639999,0,0,0.375716,0,0,0.6406401,0,0,0,0,-0.8656102,-7.164696E-23
3.659999,0,0,0.3885288,0,0,0.6406401,0,0,0,0,-0.8656102,-3.58235E-23
3.679999,0,0,0.4013416,0,0,0.6406401,0,0,0,0,-0.8656102,-1.791175E-23
3.699999,0,0,0.4141544,0,0,0.6406401,0,0,0,0,-0.8656102,-8.955881E-24
3.719999,0,0,0.4269672,0,0,0.6406401,0,0,0,0,-0.8656102,-4.477942E-24
3.739999,0,0,0.43978,0,0,0.6406401,0,0,0,0,-0.8656102,-2.238972E-24
3.759999,0,0,0.4525928,0,0,0.6406401,0,0,0.002592787,0.05185574,-0.8656102,-1.119487E-24
3.779999,0,0,0.4653537,0,0,0.6380473,0,0,0.01535372,0.3070745,-0.8656102,-5.597435E-25
3.799999,0,0,0.4778076,0,0,0.6226936,0,0,0.02780758,0.5561516,-0.8656102,-2.798719E-25
3.819999,0,0,0.4897053,0,0,0.594886,0,0,0.03970529,0.7941058,-0.8656102,-1.39936E-25
3.839999,0,0,0.5008089,0,0,0.5551807,0,0,0.05080889,1.016178,-0.8656102,-6.996802E-26
3.859999,0,0,0.5108963,0,0,0.5043719,0,0,0.06089632,1.217927,-0.8656102,-3.498402E-26
3.879999,0,0,0.5197659,0,0,0.4434756,0,0,0.06976585,1.395317,-0.8656102,-1.749202E-26
3.899999,0,0,0.52724,0,0,0.3737097,0,0,0.07724003,1.544801,-0.8656102,-8.746013E-27
3.919999,0,0,0.5331694,0,0,0.2964697,0,0,0.08316945,1.663389,-0.8656102,-4.373008E-27
3.939999,0,0,0.5374355,0,0,0.2133003,0,0,0.08743547,1.748709,-0.8656102,-2.186505E-27
3.959999,0,0,0.5399528,0,0,0.1258649,0,0,0.08995275,1.799055,-0.8656102,-1.093253E-27
3.979999,0,0,0.540671,0,0,0.03591217,0,0,0.09067099,1.81342,-0.8656102,-5.466267E-28
3.999999,0,0,0.5395758,0,0,-0.05475878,0,0,0.08957581,1.791516,-0.8656102,-2.733134E-28
4.019999,0,0,0.5366891,0,0,-0.1443346,0,0,0.0866891,1.733782,-0.8656102,-1.366568E-28
4.039999,0,0,0.5320686,0,0,-0.2310236,0,0,0.08206861,1.641372,-0.8656102,-6.832842E-29
4.059999,0,0,0.5258068,0,0,-0.3130922,0,0,0.07580678,1.516136,-0.8656102,-3.416422E-29
4.079998,0,0,0.5180288,0,0,-0.388899,0,0,0.06802879,1.360576,-0.8656102,-1.708212E-29
4.099998,0,0,0.5088903,0,0,-0.4569277,0,0,0.05889027,1.177805,-0.8656102,-8.541062E-30
4.119998,0,0,0.4985739,0,0,-0.5158179,0,0,0.04857393,0.9714785,-0.8656102,-4.270533E-30
4.139998,0,0,0.4872861,0,0,-0.5643919,0,0,0.03728609,0.7457218,-0.8656102,-2.135267E-30
4.159998,0,0,0.4752525,0,0,-0.6016779,0,0,0.02525254,0.5050507,-0.8656102,-1.067634E-30
4.179998,0,0,0.4627139,0,0,-0.6269304,0,0,0.01271392,0.2542785,-0.8656102,-5.338173E-31
4.199998,0,0,0.449921,0,0,-0.6396443,0,0,0,0,-0.8656102,-2.669087E-31
4.219998,0,0,0.4371282,0,0,-0.6396443,0,0,0,0,-0.8656102,-1.334544E-31
4.239998,0,0,0.4243353,0,0,-0.6396443,0,0,0,0,-0.8656102,-6.672724E-32
4.259998,0,0,0.4115424,0,0,-0.6396443,0,0,0,0,-0.8656102,-3.336363E-32
4.279998,0,0,0.3987495,0,0,-0.6396443,0,0,0,0,-0.8656102,-1.668182E-32
4.299998,0,0,0.3859566,0,0,-0.6396443,0,0,0,0,-0.8656102,-8.340915E-33
4.319998,0,0,0.3731637,0,0,-0.6396443,0,0,0,0,-0.8656102,-4.170459E-33
4.339998,0,0,0.3603708,0,0,-0.6396443,0,0,0,0,-0.8656102,-2.08523E-33
4.359998,0,0,0.347578,0,0,-0.6396443,0,0,0,0,-0.8656102,-1.042616E-33
4.379999,0,0,0.3347851,0,0,-0.6396443,0,0,0,0,-0.8656102,-5.21308E-34
4.399999,0,0,0.3219922,0,0,-0.6396443,0,0,0,0,-0.8656102,-2.606541E-34
4.419999,0,0,0.3091993,0,0,-0.6396443,0,0,0,0,-0.8656102,-1.303271E-34
4.439999,0,0,0.2964064,0,0,-0.6396443,0,0,0,0,-0.8656102,-6.516358E-35
4.459999,0,0,0.2836135,0,0,-0.6396443,0,0,0,0,-0.8656102,-3.25818E-35
4.479999,0,0,0.2708206,0,0,-0.6396443,0,0,0,0,-0.8656102,-1.629091E-35
4.499999,0,0,0.2580278,0,0,-0.6396443,0,0,0,0,-0.8656102,-8.145458E-36
4.519999,0,0,0.2452349,0,0,-0.6396443,0,0,0,0,-0.8656102,-4.07273E-36
4.539999,0,0,0.232442,0,0,-0.6396443,0,0,0,0,-0.8656102,-2.036366E-36
4.559999,0,0,0.2196491,0,0,-0.6396443,0,0,0,0,-0.8656102,-1.018183E-36
4.579998,0,0,0.2068562,0,0,-0.6396443,0,0,0,0,-0.8656102,-5.090919E-37
4.599998,0,0,0.1940633,0,0,-0.6396443,0,0,0,0,-0.8656102,-2.545461E-37
4.619998,0,0,0.1812705,0,0,-0.6396443,0,0,0,0,-0.8656102,-1.272731E-37
4.639998,0,0,0.1684776,0,0,-0.6396443,0,0,0,0,-0.8656102,-6.363657E-38
4.659998,0,0,0.1556847,0,0,-0.6396443,0,0,0,0,-0.8656102,-3.181829E-38
4.679998,0,0,0.1428918,0,0,-0.6396443,0,0,0,0,-0.8656102,-1.590915E-38
4.699998,0,0,0.1300989,0,0,-0.6396443,0,0,0,0,-0.8656102,-1.590915E-38
4.719998,0,0,0.117306,0,0,-0.6396443,0,0,0,0,-0.8656102,-1.590915E-38
4.739998,0,0,0.1045131,0,0,-0.6396443,0,0,0,0,-0.8656102,-1.590915E-38
4.759998,0,0,0.09172025,0,0,-0.6396443,0,0,0,0,-0.8656102,-1.590915E-38
4.779998,0,0,0.07892737,0,0,-0.6396443,0,0,0,0,-0.8656102,-1.590915E-38
4.799998,0,0,0.06613448,0,0,-0.6396443,0,0,0,0,-0.8656102,-1.590915E-38
4.819998,0,0,0.0533416,0,0,-0.6396443,0,0,0,0,-0.8656102,-1.590915E-38
4.839998,0,0,0.04054872,0,0,-0.6396443,0,0,0,0,-0.8656102,-1.590915E-38
4.859998,0,0,0.02775584,0,0,-0.6396443,0,0,0,0,-0.8656102,-1.590915E-38
4.879998,0,0,0.01496296,0,0,-0.6396443,0,0,0,0,-0.8656102,-1.590915E-38
4.899998,0,0,0.002170075,0,0,-0.6396443,0,0,0,0,-0.8656102,-1.590915E-38
4.919998,0,0,-0.01062281,0,0,-0.6396443,0,0,0,0,-0.8656102,-1.590915E-38
4.939998,0,0,-0.02341569,0,0,-0.6396443,0,0,0,0,-0.8656102,-1.590915E-38
4.959998,0,0,-0.03620857,0,0,-0.6396443,0,0,0,0,-0.8656102,-1.590915E-38
4.979998,0,0,-0.04900145,0,0,-0.6396443,0,0,0,0,-0.8656102,-1.590915E-38
4.999998,0,0,-0.06179433,0,0,-0.6396443,0,0,0,0,-0.8656102,-1.590915E-38
5.019998,0,0,-0.07458721,0,0,-0.6396443,0,0,0,0,-0.8656102,-1.590915E-38
5.039998,0,0,-0.0873801,0,0,-0.6396443,0,0,0,0,-0.8656102,-1.590915E-38
5.059998,0,0,-0.100173,0,0,-0.6396443,0,0,0,0,-0.8656102,-1.590915E-38
5.079998,0,0,-0.1129659,0,0,-0.6396443,0,0,0,0,-0.8656102,-1.590915E-38
5.099998,0,0,-0.1257588,0,0,-0.6396443,0,0,0,0,-0.8656102,-1.590915E-38
5.119998,0,0,-0.1385516,0,0,-0.6396443,0,0,0,0,-0.8656102,-1.590915E-38
5.139998,0,0,-0.1513445,0,0,-0.6396443,0,0,0,0,-0.8656102,-1.590915E-38
5.159998,0,0,-0.1641374,0,0,-0.6396443,0,0,0,0,-0.8656102,-1.590915E-38
5.179998,0,0,-0.1769303,0,0,-0.6396443,0,0,0,0,-0.8656102,-1.590915E-38
5.199998,0,0,-0.1897232,0,0,-0.6396443,0,0,0,0,-0.8656102,-1.590915E-38
5.219998,0,0,-0.2025161,0,0,-0.6396443,0,0,0,0,-0.8656102,-1.590915E-38
5.239998,0,0,-0.2153089,0,0,-0.6396443,0,0,0,0,-0.8656102,-1.590915E-38
5.259998,0,0,-0.2281018,0,0,-0.6396443,0,0,0,0,-0.8656102,-1.590915E-38
5.279998,0,0,-0.2408947,0,0,-0.6396443,0,0,0,0,-0.8656102,-1.590915E-38
5.299998,0,0,-0.2536876,0,0,-0.6396443,0,0,0,0,-0.8656102,-1.590915E-38
5.319998,0,0,-0.2664805,0,0,-0.6396443,0,0,0,0,-0.8656102,-1.590915E-38
5.339998,0,0,-0.2792734,0,0,-0.6396443,0,0,0,0,-0.8656102,-1.590915E-38
5.359998,0,0,-0.2920662,0,0,-0.6396443,0,0,0,0,-0.8656102,-1.590915E-38
5.379998,0,0,-0.3048591,0,0,-0.6396443,0,0,0,0,-0.8656102,-1.590915E-38
5.399998,0,0,-0.317652,0,0,-0.6396443,0,0,0,0,-0.8656102,-1.590915E-38
5.419998,0,0,-0.3304449,0,0,-0.6396443,0,0,0,0,-0.8656102,-1.590915E-38
5.439998,0,0,-0.3432378,0,0,-0.6396443,0,0,0,0,-0.8656102,-1.590915E-38
5.459998,0,0,-0.3560307,0,0,-0.6396443,0,0,0,0,-0.8656102,-1.590915E-38
5.479998,0,0,-0.3688236,0,0,-0.6396443,0,0,0,0,-0.8656102,-1.590915E-38
5.499998,0,0,-0.3816164,0,0,-0.6396443,0,0,0,0,-0.8656102,-1.590915E-38
5.519998,0,0,-0.3944093,0,0,-0.6396443,0,0,0,0,-0.8656102,-1.590915E-38
5.539998,0,0,-0.4072022,0,0,-0.6396443,0,0,0,0,-0.8656102,-1.590915E-38
5.559998,0,0,-0.4199951,0,0,-0.6396443,0,0,0,0,-0.8656102,-1.590915E-38
5.579998,0,0,-0.432788,0,0,-0.6396443,0,0,0,0,-0.8656102,-1.590915E-38
5.599998,0,0,-0.4455809,0,0,-0.6396443,0,0,0,0,-0.8656102,-1.590915E-38
5.619998,0,0,-0.4583738,0,0,-0.6396443,0,0,0,0,-0.8656102,-1.590915E-38
5.639998,0,0,-0.4711666,0,0,-0.6396443,0,0,0,0,-0.8656102,-1.590915E-38
5.659998,0,0,-0.4839595,0,0,-0.6396443,0,0,0,0,-0.8656102,-1.590915E-38
5.679998,0,0,-0.4967524,0,0,-0.6396443,0,0,0,0,-0.8656102,-1.590915E-38
5.699998,0,0,-0.5095453,0,0,-0.6396443,0,0,0,0,-0.8656102,-1.590915E-38
5.719998,0,0,-0.5223382,0,0,-0.6396443,0.006727919,0.1345584,0,0,-0.8656102,-1.590915E-38
5.739998,0,0,-0.5349964,0,0,-0.6329164,0.01925163,0.3850326,0,0,-0.8657448,-0.006727916
5.759998,0,0,-0.5472698,0,0,-0.6136647,0.0310726,0.621452,0,0,-0.8661972,-0.02261558
5.779998,0,0,-0.5589216,0,0,-0.5825921,0.04187684,0.8375368,0,0,-0.8670447,-0.04238039
5.799998,0,0,-0.5697359,0,0,-0.5407153,0.05142979,1.028596,0,0,-0.8683061,-0.06306702
5.819998,0,0,-0.5795216,0,0,-0.4892856,0.05955623,1.191125,0,0,-0.8699654,-0.0829633
5.839998,0,0,-0.5881162,0,0,-0.4297293,0.06613003,1.322601,0,0,-0.8719862,-0.1010379
5.859998,0,0,-0.5953882,0,0,-0.3635993,0.07106905,1.421381,0,0,-0.8743191,-0.116649
5.879998,0,0,-0.6012388,0,0,-0.2925303,0.07433181,1.486636,0,0,-0.876907,-0.1293935
5.899998,0,0,-0.6056027,0,0,-0.2181985,0.0759152,1.518304,0,0,-0.8796875,-0.1390286
5.919998,0,0,-0.6084484,0,0,-0.1422834,0.07585226,1.517045,0,0,-0.8825961,-0.1454295
5.939998,0,0,-0.609777,0,0,-0.06643112,0.07420956,1.484191,0,0,-0.8855675,-0.148567
5.959998,0,0,-0.6096215,0,0,0.007778406,0.07108413,1.421683,0,0,-0.8885373,-0.1484931
5.979998,0,0,-0.6080442,0,0,0.0788625,0.06660025,1.332005,0,0,-0.891444,-0.1453307
5.999998,0,0,-0.605135,0,0,0.1454627,0.06090568,1.218114,0,0,-0.8942293,-0.1392656
6.019998,0,0,-0.6010076,0,0,0.2063684,0.05416755,1.083351,0,0,-0.89684,-0.1305385
6.039998,0,0,-0.5957969,0,0,0.2605359,0.04656814,0.9313628,0,0,-0.8992288,-0.1194368
6.059998,0,0,-0.5896548,0,0,0.3071041,0.03830032,0.7660064,0,0,-0.9013545,-0.1062865
6.079998,0,0,-0.5827467,0,0,0.3454044,0.02956341,0.5912682,0,0,-0.9031833,-0.09144361
6.099998,0,0,-0.5752474,0,0,0.3749678,0.02055834,0.4111668,0,0,-0.9046891,-0.07528523
6.119998,0,0,-0.5673369,0,0,0.3955261,0.01148383,0.2296767,0,0,-0.9058531,-0.05820096
6.139998,0,0,-0.5591967,0,0,0.4070099,0.002531931,0.05063862,0,0,-0.9066648,-0.04058433
6.159998,0,0,-0.5510059,0,0,0.4095418,0,0,0,0,-0.9071212,-0.0228241
6.179998,0,0,-0.5428151,0,0,0.4095418,0,0,0,0,-0.9073495,-0.01141206
6.199998,0,0,-0.5346243,0,0,0.4095418,0,0,0,0,-0.9074636,-0.00570603
6.219998,0,0,-0.5264335,0,0,0.4095418,0,0,0,0,-0.9075207,-0.002853016
6.239998,0,0,-0.5182427,0,0,0.4095418,0,0,0,0,-0.9075492,-0.001426509
6.259998,0,0,-0.5100518,0,0,0.4095418,0,0,0,0,-0.9075634,-0.0007132546
6.279998,0,0,-0.501861,0,0,0.4095418,0,0,0,0,-0.9075706,-0.0003566274
6.299998,0,0,-0.4936702,0,0,0.4095418,0,0,0,0,-0.9075742,-0.0001783138
6.319998,0,0,-0.4854794,0,0,0.4095418,0,0,0,0,-0.907576,-8.915691E-05
6.339998,0,0,-0.4772885,0,0,0.4095418,0,0,0,0,-0.9075769,-4.457848E-05
6.359998,0,0,-0.4690977,0,0,0.4095418,0,0,0,0,-0.9075773,-2.228924E-05
6.379998,0,0,-0.4609068,0,0,0.4095418,0,0,0,0,-0.9075775,-1.114463E-05
6.399998,0,0,-0.452716,0,0,0.4095418,0,0,0,0,-0.9075776,-5.572315E-06
6.419998,0,0,-0.4445252,0,0,0.4095418,0,0,0,0,-0.9075777,-2.786159E-06
6.439998,0,0,-0.4363343,0,0,0.4095418,0,0,0,0,-0.9075777,-1.39308E-06
6.459998,0,0,-0.4281435,0,0,0.4095418,0,0,0,0,-0.9075777,-6.965403E-07
6.479998,0,0,-0.4199526,0,0,0.4095418,0,0,0,0,-0.9075777,-3.482703E-07
6.499998,0,0,-0.4117618,0,0,0.4095418,0,0,0,0,-0.9075777,-1.741352E-07
6.519998,0,0,-0.403571,0,0,0.4095418,0,0,0,0,-0.9075777,-8.706763E-08
6.539998,0,0,-0.3953801,0,0,0.4095418,0,0,0,0,-0.9075777,-4.353383E-08
6.559998,0,0,-0.3871893,0,0,0.4095418,0,0,0,0,-0.9075777,-2.176692E-08
6.579998,0,0,-0.3789984,0,0,0.4095418,0,0,0,0,-0.9075777,-1.088347E-08
6.599998,0,0,-0.3708076,0,0,0.4095418,0,0,0,0,-0.9075777,-5.441735E-09
6.619998,0,0,-0.3626167,0,0,0.4095418,0,0,0,0,-0.9075777,-2.720868E-09
6.639997,0,0,-0.3544259,0,0,0.4095418,0,0,0,0,-0.9075777,-1.360435E-09
6.659997,0,0,-0.3462351,0,0,0.4095418,0,0,0,0,-0.9075777,-6.802176E-10
6.679997,0,0,-0.3380442,0,0,0.4095418,0,0,0,0,-0.9075777,-3.401089E-10
6.699997,0,0,-0.3298534,0,0,0.4095418,0,0,0,0,-0.9075777,-1.700545E-10
6.719997,0,0,-0.3216625,0,0,0.4095418,0,0,0,0,-0.9075777,-8.50273E-11
6.739997,0,0,-0.3134717,0,0,0.4095418,0,0,0,0,-0.9075777,-4.251367E-11
6.759997,0,0,-0.3052809,0,0,0.4095418,0,0,0,0,-0.9075777,-2.125684E-11
6.779998,0,0,-0.29709,0,0,0.4095418,0,0,0,0,-0.9075777,-1.062842E-11
6.799998,0,0,-0.2888992,0,0,0.4095418,0,0,0,0,-0.9075777,-5.314214E-12
6.819998,0,0,-0.2807083,0,0,0.4095418,0,0,0,0,-0.9075777,-2.657108E-12
6.839998,0,0,-0.2725175,0,0,0.4095418,0,0,0,0,-0.9075777,-1.328554E-12
6.859998,0,0,-0.2643267,0,0,0.4095418,0,0,0,0,-0.9075777,-6.642775E-13
6.879998,0,0,-0.2561358,0,0,0.4095418,0,0,0,0,-0.9075777,-3.321389E-13
6.899998,0,0,-0.247945,0,0,0.4095418,0,0,0,0,-0.9075777,-1.660695E-13
6.919998,0,0,-0.2397541,0,0,0.4095418,0,0,0,0,-0.9075777,-8.303478E-14
6.939998,0,0,-0.2315633,0,0,0.4095418,0,0,0,0,-0.9075777,-4.15174E-14
6.959998,0,0,-0.2233725,0,0,0.4095418,0,0,0,0,-0.9075777,-2.075871E-14
6.979998,0,0,-0.2151816,0,0,0.4095418,0,0,0,0,-0.9075777,-1.037936E-14
6.999998,0,0,-0.2069908,0,0,0.4095418,0,0,0,0,-0.9075777,-5.189682E-15
7.019998,0,0,-0.1987999,0,0,0.4095418,0,0,0,0,-0.9075777,-2.594842E-15
7.039998,0,0,-0.1906091,0,0,0.4095418,0,0,0,0,-0.9075777,-1.297421E-15
7.059998,0,0,-0.1824183,0,0,0.4095418,0,0,0,0,-0.9075777,-6.487109E-16
7.079998,0,0,-0.1742274,0,0,0.4095418,0,0,0,0,-0.9075777,-3.243556E-16
7.099998,0,0,-0.1660366,0,0,0.4095418,0,0,0,0,-0.9075777,-1.621778E-16
7.119998,0,0,-0.1578457,0,0,0.4095418,0,0,0,0,-0.9075777,-8.108895E-17
7.139997,0,0,-0.1496549,0,0,0.4095418,0,0,0,0,-0.9075777,-4.054449E-17
7.159997,0,0,-0.1414641,0,0,0.4095418,0,0,0,0,-0.9075777,-2.027225E-17
7.179997,0,0,-0.1332732,0,0,0.4095418,0,0,0,0,-0.9075777,-1.013613E-17
7.199997,0,0,-0.1250824,0,0,0.4095418,0,0,0,0,-0.9075777,-5.068067E-18
7.219997,0,0,-0.1168915,0,0,0.4095418,0,0,0,0,-0.9075777,-2.534035E-18
7.239997,0,0,-0.1087007,0,0,0.4095418,0,0,0,0,-0.9075777,-1.267018E-18
7.259997,0,0,-0.1005099,0,0,0.4095418,0,0,0,0,-0.9075777,-6.335091E-19
7.279997,0,0,-0.09231904,0,0,0.4095418,0,0,0,0,-0.9075777,-3.167547E-19
7.299997,0,0,-0.08412821,0,0,0.4095418,0,0,0,0,-0.9075777,-1.583774E-19
7.319997,0,0,-0.07593738,0,0,0.4095418,0,0,0,0,-0.9075777,-7.918873E-20
7.339997,0,0,-0.06774654,0,0,0.4095418,0,0,0,0,-0.9075777,-3.959438E-20
7.359997,0,0,-0.05955571,0,0,0.4095418,0,0,0,0,-0.9075777,-1.97972E-20
7.379997,0,0,-0.05136488,0,0,0.4095418,0,0,0,0,-0.9075777,-9.898601E-21
7.399997,0,0,-0.04317404,0,0,0.4095418,0,0,0,0,-0.9075777,-4.949303E-21
7.419997,0,0,-0.03498321,0,0,0.4095418,0,0,0,0,-0.9075777,-2.474652E-21
7.439997,0,0,-0.02679238,0,0,0.4095418,0,0,0,0,-0.9075777,-1.237327E-21
7.459997,0,0,-0.01860154,0,0,0.4095418,0,0,0,0,-0.9075777,-6.186635E-22
7.479997,0,0,-0.01041071,0,0,0.4095418,0,0,0,0,-0.9075777,-3.093319E-22
7.499997,0,0,-0.002219878,0,0,0.4095418,0,0,0,0,-0.9075777,-1.54666E-22
7.519997,0,0,0.005970955,0,0,0.4095418,0,0,0,0,-0.9075777,-7.733303E-23
7.539997,0,0,0.01416179,0,0,0.4095418,0,0,0,0,-0.9075777,-3.866653E-23
7.559998,0,0,0.02235262,0,0,0.4095418,0,0,0,0,-0.9075777,-1.933327E-23
7.579998,0,0,0.03054345,0,0,0.4095418,0,0,0,0,-0.9075777,-9.666641E-24
7.599998,0,0,0.03873429,0,0,0.4095418,0,0,0,0,-0.9075777,-4.833322E-24
7.619998,0,0,0.04692512,0,0,0.4095418,0,0,0,0,-0.9075777,-2.416662E-24
7.639997,0,0,0.05511595,0,0,0.4095418,0,0,0,0,-0.9075777,-1.208331E-24
7.659997,0,0,0.06330679,0,0,0.4095418,0,0,0,0,-0.9075777,-6.041658E-25
7.679997,0,0,0.07149762,0,0,0.4095418,0,0,0,0,-0.9075777,-3.02083E-25
7.699997,0,0,0.07968845,0,0,0.4095418,0,0,0,0,-0.9075777,-1.510416E-25
7.719997,0,0,0.08787929,0,0,0.4095418,0,0,0,0,-0.9075777,-7.552082E-26
7.739997,0,0,0.09607012,0,0,0.4095418,0,0,0,0,-0.9075777,-3.776042E-26
7.759997,0,0,0.104261,0,0,0.4095418,0,0,0,0,-0.9075777,-1.888022E-26
7.779997,0,0,0.1124518,0,0,0.4095418,0,0,0,0,-0.9075777,-9.440113E-27
7.799997,0,0,0.1206426,0,0,0.4095418,0,0,0,0,-0.9075777,-4.720058E-27
7.819997,0,0,0.1288334,0,0,0.4095418,0,0,0,0,-0.9075777,-2.36003E-27
7.839997,0,0,0.1370243,0,0,0.4095418,0,0,0,0,-0.9075777,-1.180015E-27
7.859997,0,0,0.1452151,0,0,0.4095418,0,0,0,0,-0.9075777,-5.90008E-28
7.879997,0,0,0.153406,0,0,0.4095418,0,0,0,0,-0.9075777,-2.950041E-28
7.899997,0,0,0.1615968,0,0,0.4095418,0,0,0,0,-0.9075777,-1.475021E-28
7.919997,0,0,0.1697876,0,0,0.4095418,0,0,0,0,-0.9075777,-7.375107E-29
7.939997,0,0,0.1779785,0,0,0.4095418,0,0,0,0,-0.9075777,-3.687555E-29
7.959997,0,0,0.1861693,0,0,0.4095418,0,0,0,0,-0.9075777,-1.843778E-29
7.979997,0,0,0.1943602,0,0,0.4095418,0,0,0,0,-0.9075777,-9.218895E-30
7.999997,0,0,0.202551,0,0,0.4095418,0,0,0,0,-0.9075777,-4.609449E-30
8.019998,0,0,0.2107418,0,0,0.4095418,0,0,0,0,-0.9075777,-2.304725E-30
8.039997,0,0,0.2189327,0,0,0.4095418,0,0,0,0,-0.9075777,-1.152363E-30
8.059998,0,0,0.2271235,0,0,0.4095418,0,0,0,0,-0.9075777,-5.761818E-31
8.079997,0,0,0.2353144,0,0,0.4095418,0,0,0,0,-0.9075777,-2.88091E-31
8.099998,0,0,0.2435052,0,0,0.4095418,0,0,0,0,-0.9075777,-1.440455E-31
8.119997,0,0,0.2516961,0,0,0.4095418,0,0,0,0,-0.9075777,-7.20228E-32
8.139997,0,0,0.2598869,0,0,0.4095418,0,0,0,0,-0.9075777,-3.601142E-32
8.159997,0,0,0.2680777,0,0,0.4095418,0,0,0,0,-0.9075777,-1.800572E-32
8.179997,0,0,0.2762686,0,0,0.4095418,0,0,0,0,-0.9075777,-9.002861E-33
8.199997,0,0,0.2844594,0,0,0.4095418,0,0,0,0,-0.9075777,-4.501432E-33
8.219997,0,0,0.2926503,0,0,0.4095418,0,0,0,0,-0.9075777,-2.250717E-33
8.239997,0,0,0.3008411,0,0,0.4095418,0,0,0,0,-0.9075777,-1.125359E-33
8.259997,0,0,0.3090319,0,0,0.4095418,0,0,0,0,-0.9075777,-5.626796E-34
8.279997,0,0,0.3172228,0,0,0.4095418,0,0,0,0,-0.9075777,-2.813399E-34
8.299997,0,0,0.3254136,0,0,0.4095418,0,0,0,0,-0.9075777,-1.4067E-34
8.319997,0,0,0.3336045,0,0,0.4095418,0,0,0,0,-0.9075777,-7.033503E-35
8.339997,0,0,0.3417953,0,0,0.4095418,0,0,0,0,-0.9075777,-3.516753E-35
8.359997,0,0,0.3499861,0,0,0.4095418,0,0,0,0,-0.9075777,-1.758377E-35
8.379997,0,0,0.358177,0,0,0.4095418,0,0,0,0,-0.9075777,-8.791888E-36
8.399997,0,0,0.3663678,0,0,0.4095418,0,0,0,0,-0.9075777,-4.395946E-36
8.419997,0,0,0.3745587,0,0,0.4095418,0,0,0,0,-0.9075777,-2.197974E-36
8.439997,0,0,0.3827495,0,0,0.4095418,0,0,0,0,-0.9075777,-1.098987E-36
8.459997,0,0,0.3909403,0,0,0.4095418,0,0,0,0,-0.9075777,-5.494939E-37
8.479997,0,0,0.3991312,0,0,0.4095418,0,0,0,0,-0.9075777,-2.74747E-37
8.499997,0,0,0.407322,0,0,0.4095418,0,0,0,0,-0.9075777,-1.373736E-37
8.519997,0,0,0.4155129,0,0,0.4095418,0,0,0,0,-0.9075777,-6.868681E-38
8.539997,0,0,0.4237037,0,0,0.4095418,0,0,0,0,-0.9075777,-3.434342E-38
8.559997,0,0,0.4318945,0,0,0.4095418,0,0,0,0,-0.9075777,-1.717171E-38
8.579997,0,0,0.4400854,0,0,0.4095418,0,0,0,0,-0.9075777,-1.717171E-38
8.599997,0,0,0.4482762,0,0,0.4095418,0,0,0,0,-0.9075777,-1.717171E-38
8.619997,0,0,0.4564671,0,0,0.4095418,0,0,0.006467059,0.1293412,-0.9075777,-1.717171E-38
8.639997,0,0,0.4645286,0,0,0.4030748,0,0,0.01452856,0.2905712,-0.9075777,-1.717171E-38
8.659997,0,0,0.4722995,0,0,0.3885462,0,0,0.02229948,0.4459897,-0.9075777,-1.717171E-38
8.679996,0,0,0.4796244,0,0,0.3662468,0,0,0.02962442,0.5924883,-0.9075777,-1.717171E-38
8.699997,0,0,0.4863569,0,0,0.3366224,0,0,0.03635685,0.727137,-0.9075777,-1.717171E-38
8.719996,0,0,0.4923622,0,0,0.3002655,0,0,0.04236217,0.8472434,-0.9075777,-1.717171E-38
8.739997,0,0,0.4975202,0,0,0.2579034,0,0,0.04752024,0.9504047,-0.9075777,-1.717171E-38
8.759997,0,0,0.5017279,0,0,0.2103831,0,0,0.05172788,1.034558,-0.9075777,-1.717171E-38
8.779997,0,0,0.504901,0,0,0.1586553,0,0,0.05490099,1.09802,-0.9075777,-1.717171E-38
8.799997,0,0,0.5069761,0,0,0.1037543,0,0,0.05697607,1.139521,-0.9075777,-1.717171E-38
8.819997,0,0,0.5079116,0,0,0.04677827,0,0,0.05791162,1.158232,-0.9075777,-1.717171E-38
8.839997,0,0,0.5076889,0,0,-0.01113333,0,0,0.05768894,1.153779,-0.9075777,-1.717171E-38
8.859997,0,0,0.5063125,0,0,-0.06882225,0,0,0.05631249,1.12625,-0.9075777,-1.717171E-38
8.879997,0,0,0.5038098,0,0,-0.1251347,0,0,0.05380981,1.076196,-0.9075777,-1.717171E-38
8.899997,0,0,0.5002309,0,0,-0.1789445,0,0,0.05023091,1.004618,-0.9075777,-1.717171E-38
8.919997,0,0,0.4956474,0,0,-0.2291754,0,0,0.0456474,0.912948,-0.9075777,-1.717171E-38
8.939997,0,0,0.490151,0,0,-0.2748228,0,0,0.04015096,0.8030191,-0.9075777,-1.717171E-38
8.959997,0,0,0.4838515,0,0,-0.3149737,0,0,0.03385149,0.6770298,-0.9075777,-1.717171E-38
8.979997,0,0,0.476875,0,0,-0.3488252,0,0,0.02687497,0.5374995,-0.9075777,-1.717171E-38
8.999997,0,0,0.469361,0,0,-0.3757001,0,0,0.01936097,0.3872195,-0.9075777,-1.717171E-38
9.019997,0,0,0.4614598,0,0,-0.3950611,0,0,0.01145975,0.2291951,-0.9075777,-1.717171E-38
9.039997,0,0,0.4533294,0,0,-0.4065208,0,0,0.003329352,0.06658703,-0.9075777,-1.717171E-38
9.059997,0,0,0.4451323,0,0,-0.4098502,0,0,0,0,-0.9075777,-1.717171E-38
9.079997,0,0,0.4369353,0,0,-0.4098502,0,0,0,0,-0.9075777,-1.717171E-38
9.099997,0,0,0.4287383,0,0,-0.4098502,0,0,0,0,-0.9075777,-1.717171E-38
9.119997,0,0,0.4205413,0,0,-0.4098502,0,0,0,0,-0.9075777,-1.717171E-38
9.139997,0,0,0.4123443,0,0,-0.4098502,0,0,0,0,-0.9075777,-1.717171E-38
9.159997,0,0,0.4041473,0,0,-0.4098502,0,0,0,0,-0.9075777,-1.717171E-38
9.179996,0,0,0.3959503,0,0,-0.4098502,0,0,0,0,-0.9075777,-1.717171E-38
9.199997,0,0,0.3877533,0,0,-0.4098502,0,0,0,0,-0.9075777,-1.717171E-38
9.219996,0,0,0.3795563,0,0,-0.4098502,0,0,0,0,-0.9075777,-1.717171E-38
9.239997,0,0,0.3713593,0,0,-0.4098502,0,0,0,0,-0.9075777,-1.717171E-38
9.259996,0,0,0.3631622,0,0,-0.4098502,0,0,0,0,-0.9075777,-1.717171E-38
9.279997,0,0,0.3549652,0,0,-0.4098502,0,0,0,0,-0.9075777,-1.717171E-38
9.299996,0,0,0.3467682,0,0,-0.4098502,0,0,0,0,-0.9075777,-1.717171E-38
9.319997,0,0,0.3385712,0,0,-0.4098502,0,0,0,0,-0.9075777,-1.717171E-38
9.339996,0,0,0.3303742,0,0,-0.4098502,0,0,0,0,-0.9075777,-1.717171E-38
9.359997,0,0,0.3221772,0,0,-0.4098502,0,0,0,0,-0.9075777,-1.717171E-38
9.379996,0,0,0.3139802,0,0,-0.4098502,0,0,0,0,-0.9075777,-1.717171E-38
9.399997,0,0,0.3057832,0,0,-0.4098502,0,0,0,0,-0.9075777,-1.717171E-38
9.419996,0,0,0.2975862,0,0,-0.4098502,0,0,0,0,-0.9075777,-1.717171E-38
9.439997,0,0,0.2893892,0,0,-0.4098502,0,0,0,0,-0.9075777,-1.717171E-38
9.459996,0,0,0.2811922,0,0,-0.4098502,0,0,0,0,-0.9075777,-1.717171E-38
9.479997,0,0,0.2729951,0,0,-0.4098502,0,0,0,0,-0.9075777,-1.717171E-38
9.499996,0,0,0.2647981,0,0,-0.4098502,0,0,0,0,-0.9075777,-1.717171E-38
9.519997,0,0,0.2566011,0,0,-0.4098502,0,0,0,0,-0.9075777,-1.717171E-38
9.539996,0,0,0.2484041,0,0,-0.4098502,0,0,0,0,-0.9075777,-1.717171E-38
9.559997,0,0,0.2402071,0,0,-0.4098502,0,0,0,0,-0.9075777,-1.717171E-38
9.579997,0,0,0.2320101,0,0,-0.4098502,0,0,0,0,-0.9075777,-1.717171E-38
9.599997,0,0,0.2238131,0,0,-0.4098502,0,0,0,0,-0.9075777,-1.717171E-38
9.619997,0,0,0.2156162,0,0,-0.4098502,0,0,0,0,-0.9075777,-1.717171E-38
9.639997,0,0,0.2074192,0,0,-0.4098502,0,0,0,0,-0.9075777,-1.717171E-38
9.659997,0,0,0.1992222,0,0,-0.4098502,0,0,0,0,-0.9075777,-1.717171E-38
9.679996,0,0,0.1910252,0,0,-0.4098502,0,0,0,0,-0.9075777,-1.717171E-38
9.699997,0,0,0.1828282,0,0,-0.4098502,0,0,0,0,-0.9075777,-1.717171E-38
9.719996,0,0,0.1746312,0,0,-0.4098502,0,0,0,0,-0.9075777,-1.717171E-38
9.739997,0,0,0.1664342,0,0,-0.4098502,0,0,0,0,-0.9075777,-1.717171E-38
9.759996,0,0,0.1582372,0,0,-0.4098502,0,0,0,0,-0.9075777,-1.717171E-38
9.779997,0,0,0.1500402,0,0,-0.4098502,0,0,0,0,-0.9075777,-1.717171E-38
9.799996,0,0,0.1418432,0,0,-0.4098502,0,0,0,0,-0.9075777,-1.717171E-38
9.819997,0,0,0.1336462,0,0,-0.4098502,0,0,0,0,-0.9075777,-1.717171E-38
9.839996,0,0,0.1254492,0,0,-0.4098502,0,0,0,0,-0.9075777,-1.717171E-38
9.859997,0,0,0.1172522,0,0,-0.4098502,0,0,0,0,-0.9075777,-1.717171E-38
9.879996,0,0,0.1090552,0,0,-0.4098502,0,0,0,0,-0.9075777,-1.717171E-38
9.899997,0,0,0.1008582,0,0,-0.4098502,0,0,0,0,-0.9075777,-1.717171E-38
9.919996,0,0,0.0926612,0,0,-0.4098502,0,0,0,0,-0.9075777,-1.717171E-38
9.939997,0,0,0.0844642,0,0,-0.4098502,0,0,0,0,-0.9075777,-1.717171E-38
9.959996,0,0,0.0762672,0,0,-0.4098502,0,0,0,0,-0.9075777,-1.717171E-38
9.979997,0,0,0.0680702,0,0,-0.4098502,0,0,0,0,-0.9075777,-1.717171E-38
9.999996,0,0,0.05987319,0,0,-0.4098502,0,0,0,0,-0.9075777,-1.717171E-38
10.02,0,0,0.05167619,0,0,-0.4098502,0,0,0,0,-0.9075777,-1.717171E-38
10.04,0,0,0.04347919,0,0,-0.4098502,0,0,0,0,-0.9075777,-1.717171E-38
10.06,0,0,0.03528219,0,0,-0.4098502,0,0,0,0,-0.9075777,-1.717171E-38
10.08,0,0,0.02708519,0,0,-0.4098502,0,0,0,0,-0.9075777,-1.717171E-38
10.1,0,0,0.01888819,0,0,-0.4098502,0,0,0,0,-0.9075777,-1.717171E-38
10.12,0,0,0.01069119,0,0,-0.4098502,0,0,0,0,-0.9075777,-1.717171E-38
10.14,0,0,0.002494186,0,0,-0.4098502,0,0,0,0,-0.9075777,-1.717171E-38
10.16,0,0,-0.005702814,0,0,-0.4098502,0,0,0,0,-0.9075777,-1.717171E-38
10.18,0,0,-0.01389981,0,0,-0.4098502,0,0,0,0,-0.9075777,-1.717171E-38
10.2,0,0,-0.02209681,0,0,-0.4098502,0,0,0,0,-0.9075777,-1.717171E-38
10.22,0,0,-0.03029381,0,0,-0.4098502,0,0,0,0,-0.9075777,-1.717171E-38
10.24,0,0,-0.03849082,0,0,-0.4098502,0,0,0,0,-0.9075777,-1.717171E-38
10.26,0,0,-0.04668782,0,0,-0.4098502,0,0,0,0,-0.9075777,-1.717171E-38
10.28,0,0,-0.05488482,0,0,-0.4098502,0,0,0,0,-0.9075777,-1.717171E-38
10.3,0,0,-0.06308182,0,0,-0.4098502,0,0,0,0,-0.9075777,-1.717171E-38
10.32,0,0,-0.07127883,0,0,-0.4098502,0,0,0,0,-0.9075777,-1.717171E-38
10.34,0,0,-0.07947583,0,0,-0.4098502,0,0,0,0,-0.9075777,-1.717171E-38
10.36,0,0,-0.08767283,0,0,-0.4098502,0,0,0,0,-0.9075777,-1.717171E-38
10.38,0,0,-0.09586983,0,0,-0.4098502,0,0,0,0,-0.9075777,-1.717171E-38
10.4,0,0,-0.1040668,0,0,-0.4098502,0,0,0,0,-0.9075777,-1.717171E-38
10.42,0,0,-0.1122638,0,0,-0.4098502,0,0,0,0,-0.9075777,-1.717171E-38
10.44,0,0,-0.1204608,0,0,-0.4098502,0,0,0,0,-0.9075777,-1.717171E-38
10.46,0,0,-0.1286578,0,0,-0.4098502,0,0,0,0,-0.9075777,-1.717171E-38
10.48,0,0,-0.1368548,0,0,-0.4098502,0,0,0,0,-0.9075777,-1.717171E-38
10.5,0,0,-0.1450518,0,0,-0.4098502,0,0,0,0,-0.9075777,-1.717171E-38
10.52,0,0,-0.1532488,0,0,-0.4098502,0,0,0,0,-0.9075777,-1.717171E-38
10.54,0,0,-0.1614458,0,0,-0.4098502,0,0,0,0,-0.9075777,-1.717171E-38
10.56,0,0,-0.1696428,0,0,-0.4098502,0,0,0,0,-0.9075777,-1.717171E-38
10.58,0,0,-0.1778398,0,0,-0.4098502,0,0,0,0,-0.9075777,-1.717171E-38
10.6,0,0,-0.1860368,0,0,-0.4098502,0,0,0,0,-0.9075777,-1.717171E-38
10.62,0,0,-0.1942338,0,0,-0.4098502,0,0,0,0,-0.9075777,-1.717171E-38
10.64,0,0,-0.2024308,0,0,-0.4098502,0,0,0,0,-0.9075777,-1.717171E-38
10.66,0,0,-0.2106278,0,0,-0.4098502,0,0,0,0,-0.9075777,-1.717171E-38
10.68,0,0,-0.2188248,0,0,-0.4098502,0,0,0,0,-0.9075777,-1.717171E-38
10.7,0,0,-0.2270218,0,0,-0.4098502,0,0,0,0,-0.9075777,-1.717171E-38
10.72,0,0,-0.2352188,0,0,-0.4098502,0,0,0,0,-0.9075777,-1.717171E-38
10.74,0,0,-0.2434158,0,0,-0.4098502,0,0,0,0,-0.9075777,-1.717171E-38
10.76,0,0,-0.2516128,0,0,-0.4098502,0,0,0,0,-0.9075777,-1.717171E-38
10.78,0,0,-0.2598098,0,0,-0.4098502,0,0,0,0,-0.9075777,-1.717171E-38
10.8,0,0,-0.2680068,0,0,-0.4098502,0,0,0,0,-0.9075777,-1.717171E-38
10.82,0,0,-0.2762038,0,0,-0.4098502,0,0,0,0,-0.9075777,-1.717171E-38
10.84,0,0,-0.2844008,0,0,-0.4098502,0,0,0,0,-0.9075777,-1.717171E-38
10.86,0,0,-0.2925978,0,0,-0.4098502,0,0,0,0,-0.9075777,-1.717171E-38
10.88,0,0,-0.3007948,0,0,-0.4098502,0,0,0,0,-0.9075777,-1.717171E-38
10.9,0,0,-0.3089918,0,0,-0.4098502,0,0,0,0,-0.9075777,-1.717171E-38
10.92,0,0,-0.3171888,0,0,-0.4098502,0,0,0,0,-0.9075777,-1.717171E-38
10.94,0,0,-0.3253858,0,0,-0.4098502,0,0,0,0,-0.9075777,-1.717171E-38
10.96,0,0,-0.3335828,0,0,-0.4098502,0,0,0,0,-0.9075777,-1.717171E-38
10.98,0,0,-0.3417799,0,0,-0.4098502,0,0,0,0,-0.9075777,-1.717171E-38
11,0,0,-0.3499769,0,0,-0.4098502,0,0,0,0,-0.9075777,-1.717171E-38
11.02,0,0,-0.3581739,0,0,-0.4098502,0,0,0,0,-0.9075777,-1.717171E-38
11.04,0,0,-0.3663709,0,0,-0.4098502,0,0,0,0,-0.9075777,-1.717171E-38
11.06,0,0,-0.3745679,0,0,-0.4098502,0,0,0,0,-0.9075777,-1.717171E-38
11.08,0,0,-0.3827649,0,0,-0.4098502,0,0,0,0,-0.9075777,-1.717171E-38
11.1,0,0,-0.3909619,0,0,-0.4098502,0,0,0,0,-0.9075777,-1.717171E-38
11.12,0,0,-0.3991589,0,0,-0.4098502,0,0,0,0,-0.9075777,-1.717171E-38
11.14,0,0,-0.4073559,0,0,-0.4098502,0,0,0,0,-0.9075777,-1.717171E-38
11.16,0,0,-0.4155529,0,0,-0.4098502,0,0,0,0,-0.9075777,-1.717171E-38
11.18,0,0,-0.42375,0,0,-0.4098502,0,0,0,0,-0.9075777,-1.717171E-38
11.2,0,0,-0.431947,0,0,-0.4098502,0,0,0,0,-0.9075777,-1.717171E-38
11.22,0,0,-0.440144,0,0,-0.4098502,0,0,0,0,-0.9075777,-1.717171E-38
11.24,0,0,-0.448341,0,0,-0.4098502,0,0,0,0,-0.9075777,-1.717171E-38
11.26,0,0,-0.456538,0,0,-0.4098502,0,0,0,0,-0.9075777,-1.717171E-38
11.28,0,0,-0.464735,0,0,-0.4098502,0,0,0,0,-0.9075777,-1.717171E-38
11.3,0,0,-0.472932,0,0,-0.4098502,0,0,0,0,-0.9075777,-1.717171E-38
11.32,0,0,-0.481129,0,0,-0.4098502,0,0,0,0,-0.9075777,-1.717171E-38
11.34,0,0,-0.489326,0,0,-0.4098502,0,0,0,0,-0.9075777,-1.717171E-38
11.36,0,0,-0.497523,0,0,-0.4098502,0,0,0,0,-0.9075777,-1.717171E-38
11.38,0,0,-0.50572,0,0,-0.4098502,0,0,0,0,-0.9075777,-1.717171E-38
11.4,0,0,-0.513917,0,0,-0.4098502,0,0,0,0,-0.9075777,-1.717171E-38
11.42,0,0,-0.522114,0,0,-0.4098502,0,0,0,0,-0.9075777,-1.717171E-38
11.44,0,0,-0.530311,0,0,-0.4098502,0,0,0,0,-0.9075777,-1.717171E-38
11.46,0,0,-0.5385081,0,0,-0.4098502,0,0,0,0,-0.9075777,-1.717171E-38
11.48,0,0,-0.5467051,0,0,-0.4098502,0,0,0,0,-0.9075777,-1.717171E-38
11.5,0,0,-0.5549021,0,0,-0.4098502,0,0,0,0,-0.9075777,-1.717171E-38
11.52,0,0,-0.5630991,0,0,-0.4098502,0.005521402,0.110428,0,0,-0.9075777,-1.717171E-38
11.54,0,0,-0.5711856,0,0,-0.4043288,0.01349752,0.2699503,0,0,-0.9076881,-0.005521399
11.56,0,0,-0.5790023,0,0,-0.3908313,0.02098899,0.4197797,0,0,-0.9080133,-0.01625821
11.58,0,0,-0.5863991,0,0,-0.3698423,0.02780347,0.5560693,0,0,-0.9085956,-0.02911809
11.6,0,0,-0.5932398,0,0,-0.3420389,0.03379701,0.6759402,0,0,-0.9094428,-0.0423625
11.62,0,0,-0.5994047,0,0,-0.3082419,0.03886227,0.7772455,0,0,-0.9105424,-0.05497826
11.64,0,0,-0.6047923,0,0,-0.2693796,0.04292284,0.8584568,0,0,-0.9118695,-0.0663514
11.66,0,0,-0.6093214,0,0,-0.2264568,0.04593001,0.9186003,0,0,-0.9133914,-0.07609853
11.68,0,0,-0.612932,0,0,-0.1805268,0.04786097,0.9572193,0,0,-0.915071,-0.08397928
11.7,0,0,-0.6155853,0,0,-0.1326658,0.04871725,0.9743449,0,0,-0.916868,-0.0898506
11.72,0,0,-0.6172642,0,0,-0.08394861,0.04852335,0.970467,0,0,-0.9187409,-0.09364255
11.74,0,0,-0.6179727,0,0,-0.03542528,0.047325,0.9465,0,0,-0.9206477,-0.09534463
11.76,0,0,-0.6177347,0,0,0.0118997,0.04518704,0.9037408,0,0,-0.9225477,-0.09499731
11.78,0,0,-0.616593,0,0,0.05708672,0.04219161,0.8438322,0,0,-0.9244014,-0.09268569
11.8,0,0,-0.6146075,0,0,0.09927832,0.03843538,0.7687077,0,0,-0.9261721,-0.08853446
11.82,0,0,-0.6118532,0,0,0.1377137,0.03402708,0.6805417,0,0,-0.9278261,-0.08270261
11.84,0,0,-0.6084183,0,0,0.1717408,0.02908467,0.5816934,0,0,-0.9293337,-0.0753784
11.86,0,0,-0.6044018,0,0,0.2008254,0.02373265,0.4746529,0,0,-0.9306692,-0.06677387
11.88,0,0,-0.5999107,0,0,0.224558,0.01809911,0.3619823,0,0,-0.9318116,-0.05711959
11.9,0,0,-0.5950575,0,0,0.2426572,0.01231281,0.2462563,0,0,-0.9327447,-0.04665891
11.92,0,0,-0.5899581,0,0,0.25497,0.006500527,0.1300105,0,0,-0.9334576,-0.03564228
11.94,0,0,-0.5847287,0,0,0.2614705,0.0007846802,0.0156936,0,0,-0.933944,-0.02432167
11.96,0,0,-0.5794836,0,0,0.2622551,0,0,0,0,-0.934203,-0.01294552
11.98,0,0,-0.5742385,0,0,0.2622551,0,0,0,0,-0.9343324,-0.006472763
12,0,0,-0.5689934,0,0,0.2622551,0,0,0,0,-0.9343972,-0.003236383
12.02,0,0,-0.5637484,0,0,0.2622551,0,0,0,0,-0.9344295,-0.001618192
12.04,0,0,-0.5585033,0,0,0.2622551,0,0,0,0,-0.9344457,-0.0008090963
12.06,0,0,-0.5532582,0,0,0.2622551,0,0,0,0,-0.9344538,-0.0004045483
12.08,0,0,-0.5480131,0,0,0.2622551,0,0,0,0,-0.9344578,-0.0002022742
12.1,0,0,-0.542768,0,0,0.2622551,0,0,0,0,-0.9344599,-0.0001011371
12.12,0,0,-0.5375229,0,0,0.2622551,0,0,0,0,-0.9344609,-5.056859E-05
12.14,0,0,-0.5322778,0,0,0.2622551,0,0,0,0,-0.9344614,-2.528431E-05
12.16,0,0,-0.5270327,0,0,0.2622551,0,0,0,0,-0.9344616,-1.264216E-05
12.18,0,0,-0.5217876,0,0,0.2622551,0,0,0,0,-0.9344617,-6.321082E-06
12.2,0,0,-0.5165426,0,0,0.2622551,0,0,0,0,-0.9344618,-3.160542E-06
12.22,0,0,-0.5112975,0,0,0.2622551,0,0,0,0,-0.9344618,-1.580272E-06
12.24,0,0,-0.5060524,0,0,0.2622551,0,0,0,0,-0.9344618,-7.901361E-07
12.26,0,0,-0.5008073,0,0,0.2622551,0,0,0,0,-0.9344618,-3.950682E-07
12.28,0,0,-0.4955622,0,0,0.2622551,0,0,0,0,-0.9344618,-1.975342E-07
12.3,0,0,-0.4903171,0,0,0.2622551,0,0,0,0,-0.9344618,-9.876713E-08
12.32,0,0,-0.485072,0,0,0.2622551,0,0,0,0,-0.9344618,-4.938358E-08
12.34,0,0,-0.4798269,0,0,0.2622551,0,0,0,0,-0.9344618,-2.46918E-08
12.36,0,0,-0.4745818,0,0,0.2622551,0,0,0,0,-0.9344618,-1.23459E-08
12.38,0,0,-0.4693367,0,0,0.2622551,0,0,0,0,-0.9344618,-6.172955E-09
12.4,0,0,-0.4640917,0,0,0.2622551,0,0,0,0,-0.9344618,-3.086479E-09
12.42,0,0,-0.4588466,0,0,0.2622551,0,0,0,0,-0.9344618,-1.54324E-09
12.44,0,0,-0.4536015,0,0,0.2622551,0,0,0,0,-0.9344618,-7.716203E-10
12.46,0,0,-0.4483564,0,0,0.2622551,0,0,0,0,-0.9344618,-3.858103E-10
12.48,0,0,-0.4431113,0,0,0.2622551,0,0,0,0,-0.9344618,-1.929052E-10
12.5,0,0,-0.4378662,0,0,0.2622551,0,0,0,0,-0.9344618,-9.645264E-11
12.52,0,0,-0.4326211,0,0,0.2622551,0,0,0,0,-0.9344618,-4.822634E-11
12.54,0,0,-0.427376,0,0,0.2622551,0,0,0,0,-0.9344618,-2.411318E-11
12.56,0,0,-0.4221309,0,0,0.2622551,0,0,0,0,-0.9344618,-1.205659E-11
12.58,0,0,-0.4168859,0,0,0.2622551,0,0,0,0,-0.9344618,-6.028299E-12
12.6,0,0,-0.4116408,0,0,0.2622551,0,0,0,0,-0.9344618,-3.014151E-12
12.62,0,0,-0.4063957,0,0,0.2622551,0,0,0,0,-0.9344618,-1.507076E-12
12.64,0,0,-0.4011506,0,0,0.2622551,0,0,0,0,-0.9344618,-7.535383E-13
12.66,0,0,-0.3959055,0,0,0.2622551,0,0,0,0,-0.9344618,-3.767693E-13
12.68,0,0,-0.3906604,0,0,0.2622551,0,0,0,0,-0.9344618,-1.883847E-13
12.7,0,0,-0.3854153,0,0,0.2622551,0,0,0,0,-0.9344618,-9.419239E-14
12.72,0,0,-0.3801702,0,0,0.2622551,0,0,0,0,-0.9344618,-4.709621E-14
12.74,0,0,-0.3749251,0,0,0.2622551,0,0,0,0,-0.9344618,-2.354812E-14
12.76,0,0,-0.36968,0,0,0.2622551,0,0,0,0,-0.9344618,-1.177406E-14
12.78,0,0,-0.364435,0,0,0.2622551,0,0,0,0,-0.9344618,-5.887034E-15
12.8,0,0,-0.3591899,0,0,0.2622551,0,0,0,0,-0.9344618,-2.943518E-15
12.82,0,0,-0.3539448,0,0,0.2622551,0,0,0,0,-0.9344618,-1.47176E-15
12.84,0,0,-0.3486997,0,0,0.2622551,0,0,0,0,-0.9344618,-7.3588E-16
12.86,0,0,-0.3434546,0,0,0.2622551,0,0,0,0,-0.9344618,-3.679402E-16
12.88,0,0,-0.3382095,0,0,0.2622551,0,0,0,0,-0.9344618,-1.839702E-16
12.9,0,0,-0.3329644,0,0,0.2622551,0,0,0,0,-0.9344618,-9.198512E-17
12.92,0,0,-0.3277193,0,0,0.2622551,0,0,0,0,-0.9344618,-4.599258E-17
12.94,0,0,-0.3224742,0,0,0.2622551,0,0,0,0,-0.9344618,-2.29963E-17
12.96,0,0,-0.3172292,0,0,0.2622551,0,0,0,0,-0.9344618,-1.149815E-17
12.98,0,0,-0.3119841,0,0,0.2622551,0,0,0,0,-0.9344618,-5.749078E-18
13,0,0,-0.306739,0,0,0.2622551,0,0,0,0,-0.9344618,-2.87454E-18
13.02,0,0,-0.3014939,0,0,0.2622551,0,0,0,0,-0.9344618,-1.437271E-18
13.04,0,0,-0.2962488,0,0,0.2622551,0,0,0,0,-0.9344618,-7.186356E-19
13.06,0,0,-0.2910037,0,0,0.2622551,0,0,0,0,-0.9344618,-3.59318E-19
13.08,0,0,-0.2857586,0,0,0.2622551,0,0,0,0,-0.9344618,-1.79659E-19
13.1,0,0,-0.2805135,0,0,0.2622551,0,0,0,0,-0.9344618,-8.982956E-20
13.12,0,0,-0.2752684,0,0,0.2622551,0,0,0,0,-0.9344618,-4.49148E-20
13.14,0,0,-0.2700233,0,0,0.2622551,0,0,0,0,-0.9344618,-2.245741E-20
13.16,0,0,-0.2647783,0,0,0.2622551,0,0,0,0,-0.9344618,-1.122871E-20
13.18,0,0,-0.2595332,0,0,0.2622551,0,0,0,0,-0.9344618,-5.614356E-21
13.2,0,0,-0.2542881,0,0,0.2622551,0,0,0,0,-0.9344618,-2.807179E-21
13.22,0,0,-0.249043,0,0,0.2622551,0,0,0,0,-0.9344618,-1.40359E-21
13.24,0,0,-0.2437979,0,0,0.2622551,0,0,0,0,-0.9344618,-7.017953E-22
13.26,0,0,-0.2385528,0,0,0.2622551,0,0,0,0,-0.9344618,-3.508978E-22
13.27999,0,0,-0.2333077,0,0,0.2622551,0,0,0,0,-0.9344618,-1.75449E-22
13.3,0,0,-0.2280626,0,0,0.2622551,0,0,0,0,-0.9344618,-8.772451E-23
13.31999,0,0,-0.2228175,0,0,0.2622551,0,0,0,0,-0.9344618,-4.386227E-23
13.34,0,0,-0.2175723,0,0,0.2622551,0,0,0,0,-0.9344618,-2.193115E-23
13.35999,0,0,-0.2123272,0,0,0.2622551,0,0,0,0,-0.9344618,-1.096558E-23
13.38,0,0,-0.2070821,0,0,0.2622551,0,0,0,0,-0.9344618,-5.482791E-24
13.39999,0,0,-0.201837,0,0,0.2622551,0,0,0,0,-0.9344618,-2.741396E-24
13.42,0,0,-0.1965919,0,0,0.2622551,0,0,0,0,-0.9344618,-1.370699E-24
13.43999,0,0,-0.1913468,0,0,0.2622551,0,0,0,0,-0.9344618,-6.853496E-25
13.46,0,0,-0.1861017,0,0,0.2622551,0,0,0,0,-0.9344618,-3.426749E-25
13.47999,0,0,-0.1808566,0,0,0.2622551,0,0,0,0,-0.9344618,-1.713375E-25
13.5,0,0,-0.1756115,0,0,0.2622551,0,0,0,0,-0.9344618,-8.56688E-26
13.51999,0,0,-0.1703664,0,0,0.2622551,0,0,0,0,-0.9344618,-4.283442E-26
13.54,0,0,-0.1651213,0,0,0.2622551,0,0,0,0,-0.9344618,-2.141722E-26
13.56,0,0,-0.1598762,0,0,0.2622551,0,0,0,0,-0.9344618,-1.070861E-26
13.58,0,0,-0.1546311,0,0,0.2622551,0,0,0,0,-0.9344618,-5.354308E-27
13.6,0,0,-0.149386,0,0,0.2622551,0,0,0,0,-0.9344618,-2.677155E-27
13.62,0,0,-0.1441409,0,0,0.2622551,0,0,0,0,-0.9344618,-1.338578E-27
13.64,0,0,-0.1388958,0,0,0.2622551,0,0,0,0,-0.9344618,-6.692893E-28
13.66,0,0,-0.1336507,0,0,0.2622551,0,0,0,0,-0.9344618,-3.346448E-28
13.68,0,0,-0.1284056,0,0,0.2622551,0,0,0,0,-0.9344618,-1.673224E-28
13.7,0,0,-0.1231605,0,0,0.2622551,0,0,0,0,-0.9344618,-8.366125E-29
13.72,0,0,-0.1179154,0,0,0.2622551,0,0,0,0,-0.9344618,-4.183064E-29
13.74,0,0,-0.1126703,0,0,0.2622551,0,0,0,0,-0.9344618,-2.091533E-29
13.76,0,0,-0.1074252,0,0,0.2622551,0,0,0,0,-0.9344618,-1.045767E-29
13.77999,0,0,-0.10218,0,0,0.2622551,0,0,0,0,-0.9344618,-5.228837E-30
13.8,0,0,-0.09693494,0,0,0.2622551,0,0,0,0,-0.9344618,-2.614419E-30
13.81999,0,0,-0.09168984,0,0,0.2622551,0,0,0,0,-0.9344618,-1.30721E-30
13.84,0,0,-0.08644474,0,0,0.2622551,0,0,0,0,-0.9344618,-6.536053E-31
13.85999,0,0,-0.08119963,0,0,0.2622551,0,0,0,0,-0.9344618,-3.268028E-31
13.88,0,0,-0.07595453,0,0,0.2622551,0,0,0,0,-0.9344618,-1.634015E-31
13.89999,0,0,-0.07070942,0,0,0.2622551,0,0,0,0,-0.9344618,-8.170076E-32
13.92,0,0,-0.06546432,0,0,0.2622551,0,0,0,0,-0.9344618,-4.085039E-32
13.93999,0,0,-0.06021922,0,0,0.2622551,0,0,0,0,-0.9344618,-2.04252E-32
13.96,0,0,-0.05497412,0,0,0.2622551,0,0,0,0,-0.9344618,-1.021261E-32
13.97999,0,0,-0.04972902,0,0,0.2622551,0,0,0,0,-0.9344618,-5.106306E-33
14,0,0,-0.04448391,0,0,0.2622551,0,0,0,0,-0.9344618,-2.553154E-33
14.01999,0,0,-0.03923881,0,0,0.2622551,0,0,0,0,-0.9344618,-1.276577E-33
14.04,0,0,-0.03399371,0,0,0.2622551,0,0,0,0,-0.9344618,-6.382889E-34
14.05999,0,0,-0.02874861,0,0,0.2622551,0,0,0,0,-0.9344618,-3.191446E-34
14.08,0,0,-0.02350351,0,0,0.2622551,0,0,0,0,-0.9344618,-1.595723E-34
14.09999,0,0,-0.01825841,0,0,0.2622551,0,0,0,0,-0.9344618,-7.978621E-35
14.12,0,0,-0.01301331,0,0,0.2622551,0,0,0,0,-0.9344618,-3.989312E-35
14.13999,0,0,-0.00776821,0,0,0.2622551,0,0,0,0,-0.9344618,-1.994657E-35
14.16,0,0,-0.002523109,0,0,0.2622551,0,0,0,0,-0.9344618,-9.973287E-36
14.17999,0,0,0.002721991,0,0,0.2622551,0,0,0,0,-0.9344618,-4.986645E-36
14.2,0,0,0.007967092,0,0,0.2622551,0,0,0,0,-0.9344618,-2.493324E-36
14.21999,0,0,0.01321219,0,0,0.2622551,0,0,0,0,-0.9344618,-1.246662E-36
14.24,0,0,0.01845729,0,0,0.2622551,0,0,0,0,-0.9344618,-6.233314E-37
14.25999,0,0,0.02370239,0,0,0.2622551,0,0,0,0,-0.9344618,-3.116658E-37
14.27999,0,0,0.02894749,0,0,0.2622551,0,0,0,0,-0.9344618,-1.55833E-37
14.29999,0,0,0.0341926,0,0,0.2622551,0,0,0,0,-0.9344618,-7.791652E-38
14.31999,0,0,0.0394377,0,0,0.2622551,0,0,0,0,-0.9344618,-3.895827E-38
