t,x,y,z,vx,vy,vz,dl_left,F_left,dl_right,F_right,z_bumper,vz_bumper,,a_z,impuls_p
0.01999999,0,0,0,0,0,1,0,0,0,0,-0.8,0,,,0.4
0.03999998,0,0,0.01999999,0,0,1,0,0,0,0,-0.8,0,,0,0.4
0.05999998,0,0,0.03999998,0,0,1,0,0,0,0,-0.8,0,,0,0.4
0.07999997,0,0,0.05999998,0,0,1,0,0,0,0,-0.8,0,,0,0.4
0.09999996,0,0,0.07999997,0,0,1,0,0,0,0,-0.8,0,,0,0.4
0.12,0,0,0.09999996,0,0,1,0,0,0,0,-0.8,0,,0,0.4
0.14,0,0,0.12,0,0,1,0,0,0,0,-0.8,0,,0,0.4
0.1599999,0,0,0.14,0,0,1,0,0,0,0,-0.8,0,,0,0.4
0.1799999,0,0,0.16,0,0,1,0,0,0,0,-0.8,0,,0,0.4
0.1999999,0,0,0.1799999,0,0,1,0,0,0,0,-0.8,0,,0,0.4
0.2199999,0,0,0.1999999,0,0,1,0,0,0,0,-0.8,0,,0,0.4
0.2399999,0,0,0.2199999,0,0,1,0,0,0,0,-0.8,0,,0,0.4
0.2599999,0,0,0.2399999,0,0,1,0,0,0,0,-0.8,0,,0,0.4
0.2799999,0,0,0.2599999,0,0,1,0,0,0,0,-0.8,0,,0,0.4
0.2999999,0,0,0.2799999,0,0,1,0,0,0,0,-0.8,0,,0,0.4
0.3199999,0,0,0.2999999,0,0,1,0,0,0,0,-0.8,0,,0,0.4
0.3399999,0,0,0.3199999,0,0,1,0,0,0,0,-0.8,0,,0,0.4
0.3599999,0,0,0.3399999,0,0,1,0,0,0,0,-0.8,0,,0,0.4
0.3799999,0,0,0.3599998,0,0,1,0,0,0,0,-0.8,0,,0,0.4
0.3999999,0,0,0.3799998,0,0,1,0,0,0,0,-0.8,0,,0,0.4
0.4199998,0,0,0.3999998,0,0,1,0,0,0,0,-0.8,0,,0,0.4
0.4399998,0,0,0.4199998,0,0,1,0,0,0,0,-0.8,0,,0,0.4
0.4599998,0,0,0.4399998,0,0,1,0,0,0,0,-0.8,0,,0,0.4
0.4799998,0,0,0.4599997,0,0,1,0,0,0,0,-0.8,0,,0,0.4
0.4999998,0,0,0.4799997,0,0,1,0,0,0,0,-0.8,0,,0,0.4
0.5199998,0,0,0.4999997,0,0,1,0,0,0,0,-0.8,0,,0,0.4
0.5399998,0,0,0.5199997,0,0,1,0,0,0,0,-0.8,0,,0,0.4
0.5599998,0,0,0.5399997,0,0,1,0,0,0,0,-0.8,0,,0,0.4
0.5799998,0,0,0.5599996,0,0,1,0,0,0,0,-0.8,0,,0,0.4
0.5999998,0,0,0.5799996,0,0,1,0,0,0,0,-0.8,0,,0,0.4
0.6199998,0,0,0.5999996,0,0,1,0,0,0,0,-0.8,0,,0,0.4
0.6399997,0,0,0.6199996,0,0,1,0,0,0,0,-0.8,0,,0,0.4
0.6599998,0,0,0.6399996,0,0,1,0,0,0,0,-0.8,0,,0,0.4
0.6799998,0,0,0.6599995,0,0,1,0,0,0,0,-0.8,0,,0,0.4
0.6999997,0,0,0.6799995,0,0,1,0,0,0,0,-0.8,0,,0,0.4
0.7199997,0,0,0.6999995,0,0,1,0,0,0,0,-0.8,0,,0,0.4
0.7399997,0,0,0.7199995,0,0,1,0,0,0,0,-0.8,0,,0,0.4
0.7599998,0,0,0.7399995,0,0,1,0,0,0,0,-0.8,0,,0,0.4
0.7799997,0,0,0.7599995,0,0,1,0,0,0,0,-0.8,0,,0,0.4
0.7999997,0,0,0.7799994,0,0,1,0,0,0,0,-0.8,0,,0,0.4
0.8199997,0,0,0.7999994,0,0,1,0,0,0,0,-0.8,0,,0,0.4
0.8399997,0,0,0.8199994,0,0,-1,0,0,0,0,-0.8,0,,-100,-0.4
0.8599997,0,0,0.7999994,0,0,-1,0,0,0,0,-0.8,0,,0,-0.4
0.8799997,0,0,0.7799994,0,0,-1,0,0,0,0,-0.8,0,,0,-0.4
0.8999997,0,0,0.7599995,0,0,-1,0,0,0,0,-0.8,0,,0,-0.4
0.9199997,0,0,0.7399995,0,0,-1,0,0,0,0,-0.8,0,,0,-0.4
0.9399996,0,0,0.7199995,0,0,-1,0,0,0,0,-0.8,0,,0,-0.4
0.9599997,0,0,0.6999995,0,0,-1,0,0,0,0,-0.8,0,,0,-0.4
0.9799997,0,0,0.6799995,0,0,-1,0,0,0,0,-0.8,0,,0,-0.4
0.9999996,0,0,0.6599995,0,0,-1,0,0,0,0,-0.8,0,,0,-0.4
1.02,0,0,0.6399996,0,0,-1,0,0,0,0,-0.8,0,,0,-0.4
1.04,0,0,0.6199996,0,0,-1,0,0,0,0,-0.8,0,,0,-0.4
1.06,0,0,0.5999996,0,0,-1,0,0,0,0,-0.8,0,,0,-0.4
1.08,0,0,0.5799996,0,0,-1,0,0,0,0,-0.8,0,,0,-0.4
1.1,0,0,0.5599996,0,0,-1,0,0,0,0,-0.8,0,,0,-0.4
1.12,0,0,0.5399997,0,0,-1,0,0,0,0,-0.8,0,,0,-0.4
1.14,0,0,0.5199997,0,0,-1,0,0,0,0,-0.8,0,,0,-0.4
1.16,0,0,0.4999997,0,0,-1,0,0,0,0,-0.8,0,,0,-0.4
1.18,0,0,0.4799997,0,0,-1,0,0,0,0,-0.8,0,,0,-0.4
1.2,0,0,0.4599997,0,0,-1,0,0,0,0,-0.8,0,,0,-0.4
1.22,0,0,0.4399998,0,0,-1,0,0,0,0,-0.8,0,,0,-0.4
1.24,0,0,0.4199998,0,0,-1,0,0,0,0,-0.8,0,,0,-0.4
1.26,0,0,0.3999998,0,0,-1,0,0,0,0,-0.8,0,,0,-0.4
1.279999,0,0,0.3799998,0,0,-1,0,0,0,0,-0.8,0,,0,-0.4
1.3,0,0,0.3599998,0,0,-1,0,0,0,0,-0.8,0,,0,-0.4
1.32,0,0,0.3399999,0,0,-1,0,0,0,0,-0.8,0,,0,-0.4
1.34,0,0,0.3199999,0,0,-1,0,0,0,0,-0.8,0,,0,-0.4
1.36,0,0,0.2999999,0,0,-1,0,0,0,0,-0.8,0,,0,-0.4
1.38,0,0,0.2799999,0,0,-1,0,0,0,0,-0.8,0,,0,-0.4
1.399999,0,0,0.2599999,0,0,-1,0,0,0,0,-0.8,0,,0,-0.4
1.419999,0,0,0.2399999,0,0,-1,0,0,0,0,-0.8,0,,0,-0.4
1.439999,0,0,0.2199999,0,0,-1,0,0,0,0,-0.8,0,,0,-0.4
1.459999,0,0,0.1999999,0,0,-1,0,0,0,0,-0.8,0,,0,-0.4
1.479999,0,0,0.1799999,0,0,-1,0,0,0,0,-0.8,0,,0,-0.4
1.5,0,0,0.16,0,0,-1,0,0,0,0,-0.8,0,,0,-0.4
1.52,0,0,0.14,0,0,-1,0,0,0,0,-0.8,0,,0,-0.4
1.539999,0,0,0.12,0,0,-1,0,0,0,0,-0.8,0,,0,-0.4
1.559999,0,0,0.09999996,0,0,-1,0,0,0,0,-0.8,0,,0,-0.4
1.579999,0,0,0.07999997,0,0,-1,0,0,0,0,-0.8,0,,0,-0.4
1.599999,0,0,0.05999998,0,0,-1,0,0,0,0,-0.8,0,,0,-0.4
1.619999,0,0,0.03999998,0,0,-1,0,0,0,0,-0.8,0,,0,-0.4
1.639999,0,0,0.01999999,0,0,-1,0,0,0,0,-0.8,0,,0,-0.4
1.659999,0,0,0,0,0,-1,0,0,0,0,-0.8,0,,0,-0.4
1.679999,0,0,-0.01999999,0,0,-1,0,0,0,0,-0.8,0,,0,-0.4
1.699999,0,0,-0.03999998,0,0,-1,0,0,0,0,-0.8,0,,0,-0.4
1.719999,0,0,-0.05999998,0,0,-1,0,0,0,0,-0.8,0,,0,-0.4
1.739999,0,0,-0.07999997,0,0,-1,0,0,0,0,-0.8,0,,0,-0.4
1.759999,0,0,-0.09999996,0,0,-1,0,0,0,0,-0.8,0,,0,-0.4
1.779999,0,0,-0.12,0,0,-1,0,0,0,0,-0.8,0,,0,-0.4
1.799999,0,0,-0.14,0,0,-1,0,0,0,0,-0.8,0,,0,-0.4
1.819999,0,0,-0.16,0,0,-1,0,0,0,0,-0.8,0,,0,-0.4
1.839999,0,0,-0.1799999,0,0,-1,0,0,0,0,-0.8,0,,0,-0.4
1.859999,0,0,-0.1999999,0,0,-1,0,0,0,0,-0.8,0,,0,-0.4
1.879999,0,0,-0.2199999,0,0,-1,0,0,0,0,-0.8,0,,0,-0.4
1.899999,0,0,-0.2399999,0,0,-1,0,0,0,0,-0.8,0,,0,-0.4
1.919999,0,0,-0.2599999,0,0,-1,0,0,0,0,-0.8,0,,0,-0.4
1.939999,0,0,-0.2799999,0,0,-1,0,0,0,0,-0.8,0,,0,-0.4
1.959999,0,0,-0.2999999,0,0,-1,0,0,0,0,-0.8,0,,0,-0.4
1.979999,0,0,-0.3199999,0,0,-1,0,0,0,0,-0.8,0,,0,-0.4
1.999999,0,0,-0.3399999,0,0,-1,0,0,0,0,-0.8,0,,0,-0.4
2.019999,0,0,-0.3599998,0,0,-1,0,0,0,0,-0.8,0,,0,-0.4
2.039999,0,0,-0.3799998,0,0,-1,0,0,0,0,-0.8,0,,0,-0.4
2.059999,0,0,-0.3999998,0,0,-1,0,0,0,0,-0.8,0,,0,-0.4
2.079999,0,0,-0.4199998,0,0,-1,0,0,0,0,-0.8,0,,0,-0.4
2.099999,0,0,-0.4399998,0,0,-1,0,0,0,0,-0.8,0,,0,-0.4
2.119999,0,0,-0.4599997,0,0,-1,0.009999737,0.1999947,0,0,-0.8,0,,0,-0.4
2.139999,0,0,-0.4797997,0,0,-0.9900002,0.02979974,0.5959949,0,0,-0.8,0,,0.49999,-0.39600008
2.159999,0,0,-0.4990037,0,0,-0.9602005,0.04900374,0.9800747,0,0,-0.8,0,,1.489985,-0.3840802
2.179999,0,0,-0.5172276,0,0,-0.9111968,0.06722765,1.344553,0,0,-0.8,0,,2.450185,-0.36447872
2.199999,0,0,-0.534107,0,0,-0.8439692,0.08410703,1.682141,0,0,-0.8,0,,3.36138,-0.33758768
2.219999,0,0,-0.5493042,0,0,-0.7598622,0.09930424,1.986085,0,0,-0.8,0,,4.20535,-0.30394488
2.239999,0,0,-0.5625154,0,0,-0.660558,0.1125154,2.250308,0,0,-0.8,0,,4.96521,-0.2642232
2.259999,0,0,-0.5734763,0,0,-0.5480427,0.1234763,2.469525,0,0,-0.8,0,,5.625765,-0.21921708
2.279999,0,0,-0.5819676,0,0,-0.4245664,0.1319676,2.639352,0,0,-0.8,0,,6.173815,-0.16982656
2.299999,0,0,-0.5878196,0,0,-0.2925989,0.1378196,2.756392,0,0,-0.8,0,,6.598375,-0.11703956
2.319999,0,0,-0.5909151,0,0,-0.1547794,0.1409151,2.818303,0,0,-0.8,0,,6.890975,-0.06191176
2.339999,0,0,-0.5911924,0,0,-0.01386428,0.1411924,2.823848,0,0,-0.8,0,,7.045756,-0.005545712
2.359999,0,0,-0.5886459,0,0,0.1273281,0.1386459,2.772918,0,0,-0.8,0,,7.059619,0.05093124
2.379999,0,0,-0.5833264,0,0,0.2659739,0.1333264,2.666528,0,0,-0.8,0,,6.93229,0.10638956
2.399999,0,0,-0.5753404,0,0,0.3993003,0.1253404,2.506808,0,0,-0.8,0,,6.66632,0.15972012
2.419999,0,0,-0.5648476,0,0,0.5246406,0.1148476,2.296952,0,0,-0.8,0,,6.267015,0.20985624
2.439999,0,0,-0.5520578,0,0,0.6394882,0.1020578,2.041156,0,0,-0.8,0,,5.74238,0.25579528
2.459999,0,0,-0.5372269,0,0,0.7415459,0.08722691,1.744538,0,0,-0.8,0,,5.102885,0.29661836
2.479999,0,0,-0.5206515,0,0,0.8287728,0.07065146,1.413029,0,0,-0.8,0,,4.361345,0.33150912
2.499999,0,0,-0.502663,0,0,0.8994242,0.05266295,1.053259,0,0,-0.8,0,,3.53257,0.35976968
2.519999,0,0,-0.4836212,0,0,0.9520871,0.03362121,0.6724241,0,0,-0.8,0,,2.633145,0.38083484
2.539999,0,0,-0.4639071,0,0,0.9857083,0.01390706,0.2781412,0,0,-0.8,0,,1.68106,0.39428332
2.559999,0,0,-0.4439148,0,0,0.9996154,0,0,0,0,-0.8,0,,0.695355,0.39984616
2.579999,0,0,-0.4239225,0,0,0.9996154,0,0,0,0,-0.8,0,,0,0.39984616
2.599999,0,0,-0.4039302,0,0,0.9996154,0,0,0,0,-0.8,0,,0,0.39984616
2.619999,0,0,-0.3839379,0,0,0.9996154,0,0,0,0,-0.8,0,,0,0.39984616
2.639999,0,0,-0.3639456,0,0,0.9996154,0,0,0,0,-0.8,0,,0,0.39984616
2.659999,0,0,-0.3439533,0,0,0.9996154,0,0,0,0,-0.8,0,,0,0.39984616
2.679999,0,0,-0.323961,0,0,0.9996154,0,0,0,0,-0.8,0,,0,0.39984616
2.699999,0,0,-0.3039687,0,0,0.9996154,0,0,0,0,-0.8,0,,0,0.39984616
2.719999,0,0,-0.2839764,0,0,0.9996154,0,0,0,0,-0.8,0,,0,0.39984616
2.739999,0,0,-0.2639841,0,0,0.9996154,0,0,0,0,-0.8,0,,0,0.39984616
2.759999,0,0,-0.2439919,0,0,0.9996154,0,0,0,0,-0.8,0,,0,0.39984616
2.779999,0,0,-0.2239996,0,0,0.9996154,0,0,0,0,-0.8,0,,0,0.39984616
2.799999,0,0,-0.2040073,0,0,0.9996154,0,0,0,0,-0.8,0,,0,0.39984616
2.819999,0,0,-0.184015,0,0,0.9996154,0,0,0,0,-0.8,0,,0,0.39984616
2.839999,0,0,-0.1640227,0,0,0.9996154,0,0,0,0,-0.8,0,,0,0.39984616
2.859999,0,0,-0.1440304,0,0,0.9996154,0,0,0,0,-0.8,0,,0,0.39984616
2.879999,0,0,-0.1240381,0,0,0.9996154,0,0,0,0,-0.8,0,,0,0.39984616
2.899999,0,0,-0.1040458,0,0,0.9996154,0,0,0,0,-0.8,0,,0,0.39984616
2.919999,0,0,-0.08405349,0,0,0.9996154,0,0,0,0,-0.8,0,,0,0.39984616
2.939999,0,0,-0.06406119,0,0,0.9996154,0,0,0,0,-0.8,0,,0,0.39984616
2.959999,0,0,-0.0440689,0,0,0.9996154,0,0,0,0,-0.8,0,,0,0.39984616
2.979999,0,0,-0.0240766,0,0,0.9996154,0,0,0,0,-0.8,0,,0,0.39984616
2.999999,0,0,-0.004084297,0,0,0.9996154,0,0,0,0,-0.8,0,,0,0.39984616
3.019999,0,0,0.015908,0,0,0.9996154,0,0,0,0,-0.8,0,,0,0.39984616
3.039999,0,0,0.0359003,0,0,0.9996154,0,0,0,0,-0.8,0,,0,0.39984616
3.059999,0,0,0.0558926,0,0,0.9996154,0,0,0,0,-0.8,0,,0,0.39984616
3.079999,0,0,0.0758849,0,0,0.9996154,0,0,0,0,-0.8,0,,0,0.39984616
3.099999,0,0,0.0958772,0,0,0.9996154,0,0,0,0,-0.8,0,,0,0.39984616
3.119999,0,0,0.1158695,0,0,0.9996154,0,0,0,0,-0.8,0,,0,0.39984616
3.139999,0,0,0.1358618,0,0,0.9996154,0,0,0,0,-0.8,0,,0,0.39984616
3.159999,0,0,0.1558541,0,0,0.9996154,0,0,0,0,-0.8,0,,0,0.39984616
3.179999,0,0,0.1758464,0,0,0.9996154,0,0,0,0,-0.8,0,,0,0.39984616
3.199999,0,0,0.1958387,0,0,0.9996154,0,0,0,0,-0.8,0,,0,0.39984616
3.219999,0,0,0.215831,0,0,0.9996154,0,0,0,0,-0.8,0,,0,0.39984616
3.239999,0,0,0.2358233,0,0,0.9996154,0,0,0,0,-0.8,0,,0,0.39984616
3.259999,0,0,0.2558156,0,0,0.9996154,0,0,0,0,-0.8,0,,0,0.39984616
3.279999,0,0,0.2758079,0,0,0.9996154,0,0,0,0,-0.8,0,,0,0.39984616
3.299999,0,0,0.2958001,0,0,0.9996154,0,0,0,0,-0.8,0,,0,0.39984616
3.319999,0,0,0.3157924,0,0,0.9996154,0,0,0,0,-0.8,0,,0,0.39984616
3.339999,0,0,0.3357847,0,0,0.9996154,0,0,0,0,-0.8,0,,0,0.39984616
3.359999,0,0,0.355777,0,0,0.9996154,0,0,0,0,-0.8,0,,0,0.39984616
3.379999,0,0,0.3757693,0,0,0.9996154,0,0,0,0,-0.8,0,,0,0.39984616
3.399999,0,0,0.3957616,0,0,0.9996154,0,0,0,0,-0.8,0,,0,0.39984616
3.419999,0,0,0.4157539,0,0,0.9996154,0,0,0,0,-0.8,0,,0,0.39984616
3.439999,0,0,0.4357462,0,0,0.9996154,0,0,0,0,-0.8,0,,0,0.39984616
3.459999,0,0,0.4557385,0,0,0.9996154,0,0,0,0,-0.8,0,,0,0.39984616
3.479999,0,0,0.4757308,0,0,0.9996154,0,0,0,0,-0.8,0,,0,0.39984616
3.499999,0,0,0.4957231,0,0,0.9996154,0,0,0,0,-0.8,0,,0,0.39984616
3.519999,0,0,0.5157154,0,0,0.9996154,0,0,0,0,-0.8,0,,0,0.39984616
3.539999,0,0,0.5357077,0,0,0.9996154,0,0,0,0,-0.8,0,,0,0.39984616
3.559999,0,0,0.5556999,0,0,0.9996154,0,0,0,0,-0.8,0,,0,0.39984616
3.579999,0,0,0.5756922,0,0,0.9996154,0,0,0,0,-0.8,0,,0,0.39984616
3.599999,0,0,0.5956845,0,0,0.9996154,0,0,0,0,-0.8,0,,0,0.39984616
3.619999,0,0,0.6156768,0,0,0.9996154,0,0,0,0,-0.8,0,,0,0.39984616
3.639999,0,0,0.6356691,0,0,0.9996154,0,0,0,0,-0.8,0,,0,0.39984616
3.659999,0,0,0.6556614,0,0,0.9996154,0,0,0,0,-0.8,0,,0,0.39984616
3.679999,0,0,0.6756537,0,0,0.9996154,0,0,0,0,-0.8,0,,0,0.39984616
3.699999,0,0,0.695646,0,0,0.9996154,0,0,0,0,-0.8,0,,0,0.39984616
3.719999,0,0,0.7156383,0,0,0.9996154,0,0,0,0,-0.8,0,,0,0.39984616
3.739999,0,0,0.7356306,0,0,0.9996154,0,0,0,0,-0.8,0,,0,0.39984616
3.759999,0,0,0.7556229,0,0,0.9996154,0,0,0,0,-0.8,0,,0,0.39984616
3.779999,0,0,0.7756152,0,0,0.9996154,0,0,0,0,-0.8,0,,0,0.39984616
3.799999,0,0,0.7956074,0,0,0.9996154,0,0,0,0,-0.8,0,,0,0.39984616
3.819999,0,0,0.8155997,0,0,-0.9996154,0,0,0,0,-0.8,0,,-99.96154,-0.39984616
3.839999,0,0,0.7956074,0,0,-0.9996154,0,0,0,0,-0.8,0,,0,-0.39984616
3.859999,0,0,0.7756152,0,0,-0.9996154,0,0,0,0,-0.8,0,,0,-0.39984616
3.879999,0,0,0.7556229,0,0,-0.9996154,0,0,0,0,-0.8,0,,0,-0.39984616
3.899999,0,0,0.7356306,0,0,-0.9996154,0,0,0,0,-0.8,0,,0,-0.39984616
3.919999,0,0,0.7156383,0,0,-0.9996154,0,0,0,0,-0.8,0,,0,-0.39984616
3.939999,0,0,0.695646,0,0,-0.9996154,0,0,0,0,-0.8,0,,0,-0.39984616
3.959999,0,0,0.6756537,0,0,-0.9996154,0,0,0,0,-0.8,0,,0,-0.39984616
3.979999,0,0,0.6556614,0,0,-0.9996154,0,0,0,0,-0.8,0,,0,-0.39984616
3.999999,0,0,0.6356691,0,0,-0.9996154,0,0,0,0,-0.8,0,,0,-0.39984616
4.019999,0,0,0.6156768,0,0,-0.9996154,0,0,0,0,-0.8,0,,0,-0.39984616
4.039999,0,0,0.5956845,0,0,-0.9996154,0,0,0,0,-0.8,0,,0,-0.39984616
4.059999,0,0,0.5756922,0,0,-0.9996154,0,0,0,0,-0.8,0,,0,-0.39984616
4.079998,0,0,0.5556999,0,0,-0.9996154,0,0,0,0,-0.8,0,,0,-0.39984616
4.099998,0,0,0.5357077,0,0,-0.9996154,0,0,0,0,-0.8,0,,0,-0.39984616
4.119998,0,0,0.5157154,0,0,-0.9996154,0,0,0,0,-0.8,0,,0,-0.39984616
4.139998,0,0,0.4957231,0,0,-0.9996154,0,0,0,0,-0.8,0,,0,-0.39984616
4.159998,0,0,0.4757308,0,0,-0.9996154,0,0,0,0,-0.8,0,,0,-0.39984616
4.179998,0,0,0.4557385,0,0,-0.9996154,0,0,0,0,-0.8,0,,0,-0.39984616
4.199998,0,0,0.4357462,0,0,-0.9996154,0,0,0,0,-0.8,0,,0,-0.39984616
4.219998,0,0,0.4157539,0,0,-0.9996154,0,0,0,0,-0.8,0,,0,-0.39984616
4.239998,0,0,0.3957616,0,0,-0.9996154,0,0,0,0,-0.8,0,,0,-0.39984616
4.259998,0,0,0.3757693,0,0,-0.9996154,0,0,0,0,-0.8,0,,0,-0.39984616
4.279998,0,0,0.355777,0,0,-0.9996154,0,0,0,0,-0.8,0,,0,-0.39984616
4.299998,0,0,0.3357847,0,0,-0.9996154,0,0,0,0,-0.8,0,,0,-0.39984616
4.319998,0,0,0.3157924,0,0,-0.9996154,0,0,0,0,-0.8,0,,0,-0.39984616
4.339998,0,0,0.2958001,0,0,-0.9996154,0,0,0,0,-0.8,0,,0,-0.39984616
4.359998,0,0,0.2758079,0,0,-0.9996154,0,0,0,0,-0.8,0,,0,-0.39984616
4.379999,0,0,0.2558156,0,0,-0.9996154,0,0,0,0,-0.8,0,,0,-0.39984616
4.399999,0,0,0.2358233,0,0,-0.9996154,0,0,0,0,-0.8,0,,0,-0.39984616
4.419999,0,0,0.215831,0,0,-0.9996154,0,0,0,0,-0.8,0,,0,-0.39984616
4.439999,0,0,0.1958387,0,0,-0.9996154,0,0,0,0,-0.8,0,,0,-0.39984616
4.459999,0,0,0.1758464,0,0,-0.9996154,0,0,0,0,-0.8,0,,0,-0.39984616
4.479999,0,0,0.1558541,0,0,-0.9996154,0,0,0,0,-0.8,0,,0,-0.39984616
4.499999,0,0,0.1358618,0,0,-0.9996154,0,0,0,0,-0.8,0,,0,-0.39984616
4.519999,0,0,0.1158695,0,0,-0.9996154,0,0,0,0,-0.8,0,,0,-0.39984616
4.539999,0,0,0.09587722,0,0,-0.9996154,0,0,0,0,-0.8,0,,0,-0.39984616
4.559999,0,0,0.07588492,0,0,-0.9996154,0,0,0,0,-0.8,0,,0,-0.39984616
4.579998,0,0,0.05589262,0,0,-0.9996154,0,0,0,0,-0.8,0,,0,-0.39984616
4.599998,0,0,0.03590032,0,0,-0.9996154,0,0,0,0,-0.8,0,,0,-0.39984616
4.619998,0,0,0.01590802,0,0,-0.9996154,0,0,0,0,-0.8,0,,0,-0.39984616
4.639998,0,0,-0.004084282,0,0,-0.9996154,0,0,0,0,-0.8,0,,0,-0.39984616
4.659998,0,0,-0.02407658,0,0,-0.9996154,0,0,0,0,-0.8,0,,0,-0.39984616
4.679998,0,0,-0.04406888,0,0,-0.9996154,0,0,0,0,-0.8,0,,0,-0.39984616
4.699998,0,0,-0.06406118,0,0,-0.9996154,0,0,0,0,-0.8,0,,0,-0.39984616
4.719998,0,0,-0.08405348,0,0,-0.9996154,0,0,0,0,-0.8,0,,0,-0.39984616
4.739998,0,0,-0.1040458,0,0,-0.9996154,0,0,0,0,-0.8,0,,0,-0.39984616
4.759998,0,0,-0.1240381,0,0,-0.9996154,0,0,0,0,-0.8,0,,0,-0.39984616
4.779998,0,0,-0.1440304,0,0,-0.9996154,0,0,0,0,-0.8,0,,0,-0.39984616
4.799998,0,0,-0.1640227,0,0,-0.9996154,0,0,0,0,-0.8,0,,0,-0.39984616
4.819998,0,0,-0.184015,0,0,-0.9996154,0,0,0,0,-0.8,0,,0,-0.39984616
4.839998,0,0,-0.2040073,0,0,-0.9996154,0,0,0,0,-0.8,0,,0,-0.39984616
4.859998,0,0,-0.2239996,0,0,-0.9996154,0,0,0,0,-0.8,0,,0,-0.39984616
4.879998,0,0,-0.2439919,0,0,-0.9996154,0,0,0,0,-0.8,0,,0,-0.39984616
4.899998,0,0,-0.2639841,0,0,-0.9996154,0,0,0,0,-0.8,0,,0,-0.39984616
4.919998,0,0,-0.2839764,0,0,-0.9996154,0,0,0,0,-0.8,0,,0,-0.39984616
4.939998,0,0,-0.3039687,0,0,-0.9996154,0,0,0,0,-0.8,0,,0,-0.39984616
4.959998,0,0,-0.323961,0,0,-0.9996154,0,0,0,0,-0.8,0,,0,-0.39984616
4.979998,0,0,-0.3439533,0,0,-0.9996154,0,0,0,0,-0.8,0,,0,-0.39984616
4.999998,0,0,-0.3639456,0,0,-0.9996154,0,0,0,0,-0.8,0,,0,-0.39984616
5.019998,0,0,-0.3839379,0,0,-0.9996154,0,0,0,0,-0.8,0,,0,-0.39984616
5.039998,0,0,-0.4039302,0,0,-0.9996154,0,0,0,0,-0.8,0,,0,-0.39984616
5.059998,0,0,-0.4239225,0,0,-0.9996154,0,0,0,0,-0.8,0,,0,-0.39984616
5.079998,0,0,-0.4439148,0,0,-0.9996154,0,0,0,0,-0.8,0,,0,-0.39984616
5.099998,0,0,-0.4639071,0,0,-0.9996154,0.01390706,0.2781412,0,0,-0.8,0,,0,-0.39984616
5.119998,0,0,-0.4836212,0,0,-0.9857083,0.03362121,0.6724241,0,0,-0.8,0,,0.695355,-0.39428332
5.139998,0,0,-0.502663,0,0,-0.9520871,0.05266295,1.053259,0,0,-0.8,0,,1.68106,-0.38083484
5.159998,0,0,-0.5206515,0,0,-0.8994242,0.07065146,1.413029,0,0,-0.8,0,,2.633145,-0.35976968
5.179998,0,0,-0.5372269,0,0,-0.8287728,0.08722691,1.744538,0,0,-0.8,0,,3.53257,-0.33150912
5.199998,0,0,-0.5520578,0,0,-0.7415459,0.1020578,2.041156,0,0,-0.8,0,,4.361345,-0.29661836
5.219998,0,0,-0.5648476,0,0,-0.6394882,0.1148476,2.296952,0,0,-0.8,0,,5.102885,-0.25579528
5.239998,0,0,-0.5753404,0,0,-0.5246406,0.1253404,2.506808,0,0,-0.8,0,,5.74238,-0.20985624
5.259998,0,0,-0.5833264,0,0,-0.3993003,0.1333264,2.666528,0,0,-0.8,0,,6.267015,-0.15972012
5.279998,0,0,-0.5886459,0,0,-0.2659739,0.1386459,2.772918,0,0,-0.8,0,,6.66632,-0.10638956
5.299998,0,0,-0.5911924,0,0,-0.1273281,0.1411924,2.823848,0,0,-0.8,0,,6.93229,-0.05093124
5.319998,0,0,-0.5909151,0,0,0.01386428,0.1409151,2.818303,0,0,-0.8,0,,7.059619,0.005545712
5.339998,0,0,-0.5878196,0,0,0.1547794,0.1378196,2.756392,0,0,-0.8,0,,7.045756,0.06191176
5.359998,0,0,-0.5819676,0,0,0.2925989,0.1319676,2.639352,0,0,-0.8,0,,6.890975,0.11703956
5.379998,0,0,-0.5734763,0,0,0.4245664,0.1234763,2.469525,0,0,-0.8,0,,6.598375,0.16982656
5.399998,0,0,-0.5625154,0,0,0.5480427,0.1125154,2.250308,0,0,-0.8,0,,6.173815,0.21921708
5.419998,0,0,-0.5493042,0,0,0.660558,0.09930424,1.986085,0,0,-0.8,0,,5.625765,0.2642232
5.439998,0,0,-0.534107,0,0,0.7598622,0.08410703,1.682141,0,0,-0.8,0,,4.96521,0.30394488
5.459998,0,0,-0.5172276,0,0,0.8439692,0.06722765,1.344553,0,0,-0.8,0,,4.20535,0.33758768
5.479998,0,0,-0.4990037,0,0,0.9111968,0.04900371,0.9800741,0,0,-0.8,0,,3.36138,0.36447872
5.499998,0,0,-0.4797997,0,0,0.9602004,0.02979971,0.5959943,0,0,-0.8,0,,2.45018,0.38408016
5.519998,0,0,-0.4599997,0,0,0.9900001,0.009999707,0.1999941,0,0,-0.8,0,,1.489985,0.39600004
5.539998,0,0,-0.4399997,0,0,0.9999998,0,0,0,0,-0.8,0,,0.499985,0.39999992
5.559998,0,0,-0.4199997,0,0,0.9999998,0,0,0,0,-0.8,0,,0,0.39999992
5.579998,0,0,-0.3999998,0,0,0.9999998,0,0,0,0,-0.8,0,,0,0.39999992
5.599998,0,0,-0.3799998,0,0,0.9999998,0,0,0,0,-0.8,0,,0,0.39999992
5.619998,0,0,-0.3599998,0,0,0.9999998,0,0,0,0,-0.8,0,,0,0.39999992
5.639998,0,0,-0.3399998,0,0,0.9999998,0,0,0,0,-0.8,0,,0,0.39999992
5.659998,0,0,-0.3199998,0,0,0.9999998,0,0,0,0,-0.8,0,,0,0.39999992
5.679998,0,0,-0.2999999,0,0,0.9999998,0,0,0,0,-0.8,0,,0,0.39999992
5.699998,0,0,-0.2799999,0,0,0.9999998,0,0,0,0,-0.8,0,,0,0.39999992
5.719998,0,0,-0.2599999,0,0,0.9999998,0,0,0,0,-0.8,0,,0,0.39999992
5.739998,0,0,-0.2399999,0,0,0.9999998,0,0,0,0,-0.8,0,,0,0.39999992
5.759998,0,0,-0.2199999,0,0,0.9999998,0,0,0,0,-0.8,0,,0,0.39999992
5.779998,0,0,-0.2,0,0,0.9999998,0,0,0,0,-0.8,0,,0,0.39999992
5.799998,0,0,-0.18,0,0,0.9999998,0,0,0,0,-0.8,0,,0,0.39999992
5.819998,0,0,-0.16,0,0,0.9999998,0,0,0,0,-0.8,0,,0,0.39999992
5.839998,0,0,-0.14,0,0,0.9999998,0,0,0,0,-0.8,0,,0,0.39999992
5.859998,0,0,-0.12,0,0,0.9999998,0,0,0,0,-0.8,0,,0,0.39999992
5.879998,0,0,-0.1,0,0,0.9999998,0,0,0,0,-0.8,0,,0,0.39999992
5.899998,0,0,-0.08000005,0,0,0.9999998,0,0,0,0,-0.8,0,,0,0.39999992
5.919998,0,0,-0.06000006,0,0,0.9999998,0,0,0,0,-0.8,0,,0,0.39999992
5.939998,0,0,-0.04000007,0,0,0.9999998,0,0,0,0,-0.8,0,,0,0.39999992
5.959998,0,0,-0.02000009,0,0,0.9999998,0,0,0,0,-0.8,0,,0,0.39999992
5.979998,0,0,-9.69E-08,0,0,0.9999998,0,0,0,0,-0.8,0,,0,0.39999992
5.999998,0,0,0.01999989,0,0,0.9999998,0,0,0,0,-0.8,0,,0,0.39999992
6.019998,0,0,0.03999988,0,0,0.9999998,0,0,0,0,-0.8,0,,0,0.39999992
6.039998,0,0,0.05999987,0,0,0.9999998,0,0,0,0,-0.8,0,,0,0.39999992
6.059998,0,0,0.07999986,0,0,0.9999998,0,0,0,0,-0.8,0,,0,0.39999992
6.079998,0,0,0.09999985,0,0,0.9999998,0,0,0,0,-0.8,0,,0,0.39999992
6.099998,0,0,0.1199998,0,0,0.9999998,0,0,0,0,-0.8,0,,0,0.39999992
6.119998,0,0,0.1399998,0,0,0.9999998,0,0,0,0,-0.8,0,,0,0.39999992
6.139998,0,0,0.1599998,0,0,0.9999998,0,0,0,0,-0.8,0,,0,0.39999992
6.159998,0,0,0.1799998,0,0,0.9999998,0,0,0,0,-0.8,0,,0,0.39999992
6.179998,0,0,0.1999998,0,0,0.9999998,0,0,0,0,-0.8,0,,0,0.39999992
6.199998,0,0,0.2199998,0,0,0.9999998,0,0,0,0,-0.8,0,,0,0.39999992
6.219998,0,0,0.2399997,0,0,0.9999998,0,0,0,0,-0.8,0,,0,0.39999992
6.239998,0,0,0.2599997,0,0,0.9999998,0,0,0,0,-0.8,0,,0,0.39999992
6.259998,0,0,0.2799997,0,0,0.9999998,0,0,0,0,-0.8,0,,0,0.39999992
6.279998,0,0,0.2999997,0,0,0.9999998,0,0,0,0,-0.8,0,,0,0.39999992
6.299998,0,0,0.3199997,0,0,0.9999998,0,0,0,0,-0.8,0,,0,0.39999992
6.319998,0,0,0.3399996,0,0,0.9999998,0,0,0,0,-0.8,0,,0,0.39999992
6.339998,0,0,0.3599996,0,0,0.9999998,0,0,0,0,-0.8,0,,0,0.39999992
6.359998,0,0,0.3799996,0,0,0.9999998,0,0,0,0,-0.8,0,,0,0.39999992
6.379998,0,0,0.3999996,0,0,0.9999998,0,0,0,0,-0.8,0,,0,0.39999992
6.399998,0,0,0.4199996,0,0,0.9999998,0,0,0,0,-0.8,0,,0,0.39999992
6.419998,0,0,0.4399996,0,0,0.9999998,0,0,0,0,-0.8,0,,0,0.39999992
6.439998,0,0,0.4599995,0,0,0.9999998,0,0,0,0,-0.8,0,,0,0.39999992
6.459998,0,0,0.4799995,0,0,0.9999998,0,0,0,0,-0.8,0,,0,0.39999992
6.479998,0,0,0.4999995,0,0,0.9999998,0,0,0,0,-0.8,0,,0,0.39999992
6.499998,0,0,0.5199995,0,0,0.9999998,0,0,0,0,-0.8,0,,0,0.39999992
6.519998,0,0,0.5399995,0,0,0.9999998,0,0,0,0,-0.8,0,,0,0.39999992
6.539998,0,0,0.5599995,0,0,0.9999998,0,0,0,0,-0.8,0,,0,0.39999992
6.559998,0,0,0.5799994,0,0,0.9999998,0,0,0,0,-0.8,0,,0,0.39999992
6.579998,0,0,0.5999994,0,0,0.9999998,0,0,0,0,-0.8,0,,0,0.39999992
6.599998,0,0,0.6199994,0,0,0.9999998,0,0,0,0,-0.8,0,,0,0.39999992
6.619998,0,0,0.6399994,0,0,0.9999998,0,0,0,0,-0.8,0,,0,0.39999992
6.639997,0,0,0.6599994,0,0,0.9999998,0,0,0,0,-0.8,0,,0,0.39999992
6.659997,0,0,0.6799994,0,0,0.9999998,0,0,0,0,-0.8,0,,0,0.39999992
6.679997,0,0,0.6999993,0,0,0.9999998,0,0,0,0,-0.8,0,,0,0.39999992
6.699997,0,0,0.7199993,0,0,0.9999998,0,0,0,0,-0.8,0,,0,0.39999992
6.719997,0,0,0.7399993,0,0,0.9999998,0,0,0,0,-0.8,0,,0,0.39999992
6.739997,0,0,0.7599993,0,0,0.9999998,0,0,0,0,-0.8,0,,0,0.39999992
6.759997,0,0,0.7799993,0,0,0.9999998,0,0,0,0,-0.8,0,,0,0.39999992
6.779998,0,0,0.7999992,0,0,0.9999998,0,0,0,0,-0.8,0,,0,0.39999992
6.799998,0,0,0.8199992,0,0,-0.9999998,0,0,0,0,-0.8,0,,-99.99998,-0.39999992
6.819998,0,0,0.7999992,0,0,-0.9999998,0,0,0,0,-0.8,0,,0,-0.39999992
6.839998,0,0,0.7799993,0,0,-0.9999998,0,0,0,0,-0.8,0,,0,-0.39999992
6.859998,0,0,0.7599993,0,0,-0.9999998,0,0,0,0,-0.8,0,,0,-0.39999992
6.879998,0,0,0.7399993,0,0,-0.9999998,0,0,0,0,-0.8,0,,0,-0.39999992
6.899998,0,0,0.7199993,0,0,-0.9999998,0,0,0,0,-0.8,0,,0,-0.39999992
6.919998,0,0,0.6999993,0,0,-0.9999998,0,0,0,0,-0.8,0,,0,-0.39999992
6.939998,0,0,0.6799994,0,0,-0.9999998,0,0,0,0,-0.8,0,,0,-0.39999992
6.959998,0,0,0.6599994,0,0,-0.9999998,0,0,0,0,-0.8,0,,0,-0.39999992
6.979998,0,0,0.6399994,0,0,-0.9999998,0,0,0,0,-0.8,0,,0,-0.39999992
6.999998,0,0,0.6199994,0,0,-0.9999998,0,0,0,0,-0.8,0,,0,-0.39999992
7.019998,0,0,0.5999994,0,0,-0.9999998,0,0,0,0,-0.8,0,,0,-0.39999992
7.039998,0,0,0.5799994,0,0,-0.9999998,0,0,0,0,-0.8,0,,0,-0.39999992
7.059998,0,0,0.5599995,0,0,-0.9999998,0,0,0,0,-0.8,0,,0,-0.39999992
7.079998,0,0,0.5399995,0,0,-0.9999998,0,0,0,0,-0.8,0,,0,-0.39999992
7.099998,0,0,0.5199995,0,0,-0.9999998,0,0,0,0,-0.8,0,,0,-0.39999992
7.119998,0,0,0.4999995,0,0,-0.9999998,0,0,0,0,-0.8,0,,0,-0.39999992
7.139997,0,0,0.4799995,0,0,-0.9999998,0,0,0,0,-0.8,0,,0,-0.39999992
7.159997,0,0,0.4599996,0,0,-0.9999998,0,0,0,0,-0.8,0,,0,-0.39999992
7.179997,0,0,0.4399996,0,0,-0.9999998,0,0,0,0,-0.8,0,,0,-0.39999992
7.199997,0,0,0.4199996,0,0,-0.9999998,0,0,0,0,-0.8,0,,0,-0.39999992
7.219997,0,0,0.3999996,0,0,-0.9999998,0,0,0,0,-0.8,0,,0,-0.39999992
7.239997,0,0,0.3799996,0,0,-0.9999998,0,0,0,0,-0.8,0,,0,-0.39999992
7.259997,0,0,0.3599997,0,0,-0.9999998,0,0,0,0,-0.8,0,,0,-0.39999992
7.279997,0,0,0.3399997,0,0,-0.9999998,0,0,0,0,-0.8,0,,0,-0.39999992
7.299997,0,0,0.3199997,0,0,-0.9999998,0,0,0,0,-0.8,0,,0,-0.39999992
7.319997,0,0,0.2999997,0,0,-0.9999998,0,0,0,0,-0.8,0,,0,-0.39999992
7.339997,0,0,0.2799997,0,0,-0.9999998,0,0,0,0,-0.8,0,,0,-0.39999992
7.359997,0,0,0.2599998,0,0,-0.9999998,0,0,0,0,-0.8,0,,0,-0.39999992
7.379997,0,0,0.2399998,0,0,-0.9999998,0,0,0,0,-0.8,0,,0,-0.39999992
7.399997,0,0,0.2199998,0,0,-0.9999998,0,0,0,0,-0.8,0,,0,-0.39999992
7.419997,0,0,0.1999998,0,0,-0.9999998,0,0,0,0,-0.8,0,,0,-0.39999992
7.439997,0,0,0.1799998,0,0,-0.9999998,0,0,0,0,-0.8,0,,0,-0.39999992
7.459997,0,0,0.1599998,0,0,-0.9999998,0,0,0,0,-0.8,0,,0,-0.39999992
7.479997,0,0,0.1399999,0,0,-0.9999998,0,0,0,0,-0.8,0,,0,-0.39999992
7.499997,0,0,0.1199999,0,0,-0.9999998,0,0,0,0,-0.8,0,,0,-0.39999992
7.519997,0,0,0.09999989,0,0,-0.9999998,0,0,0,0,-0.8,0,,0,-0.39999992
7.539997,0,0,0.0799999,0,0,-0.9999998,0,0,0,0,-0.8,0,,0,-0.39999992
7.559998,0,0,0.05999991,0,0,-0.9999998,0,0,0,0,-0.8,0,,0,-0.39999992
7.579998,0,0,0.03999992,0,0,-0.9999998,0,0,0,0,-0.8,0,,0,-0.39999992
7.599998,0,0,0.01999994,0,0,-0.9999998,0,0,0,0,-0.8,0,,0,-0.39999992
7.619998,0,0,-5.22E-08,0,0,-0.9999998,0,0,0,0,-0.8,0,,0,-0.39999992
7.639997,0,0,-0.02000004,0,0,-0.9999998,0,0,0,0,-0.8,0,,0,-0.39999992
7.659997,0,0,-0.04000003,0,0,-0.9999998,0,0,0,0,-0.8,0,,0,-0.39999992
7.679997,0,0,-0.06000002,0,0,-0.9999998,0,0,0,0,-0.8,0,,0,-0.39999992
7.699997,0,0,-0.08000001,0,0,-0.9999998,0,0,0,0,-0.8,0,,0,-0.39999992
7.719997,0,0,-0.09999999,0,0,-0.9999998,0,0,0,0,-0.8,0,,0,-0.39999992
7.739997,0,0,-0.12,0,0,-0.9999998,0,0,0,0,-0.8,0,,0,-0.39999992
7.759997,0,0,-0.14,0,0,-0.9999998,0,0,0,0,-0.8,0,,0,-0.39999992
7.779997,0,0,-0.16,0,0,-0.9999998,0,0,0,0,-0.8,0,,0,-0.39999992
7.799997,0,0,-0.1799999,0,0,-0.9999998,0,0,0,0,-0.8,0,,0,-0.39999992
7.819997,0,0,-0.1999999,0,0,-0.9999998,0,0,0,0,-0.8,0,,0,-0.39999992
7.839997,0,0,-0.2199999,0,0,-0.9999998,0,0,0,0,-0.8,0,,0,-0.39999992
7.859997,0,0,-0.2399999,0,0,-0.9999998,0,0,0,0,-0.8,0,,0,-0.39999992
7.879997,0,0,-0.2599999,0,0,-0.9999998,0,0,0,0,-0.8,0,,0,-0.39999992
7.899997,0,0,-0.2799999,0,0,-0.9999998,0,0,0,0,-0.8,0,,0,-0.39999992
7.919997,0,0,-0.2999998,0,0,-0.9999998,0,0,0,0,-0.8,0,,0,-0.39999992
7.939997,0,0,-0.3199998,0,0,-0.9999998,0,0,0,0,-0.8,0,,0,-0.39999992
7.959997,0,0,-0.3399998,0,0,-0.9999998,0,0,0,0,-0.8,0,,0,-0.39999992
7.979997,0,0,-0.3599998,0,0,-0.9999998,0,0,0,0,-0.8,0,,0,-0.39999992
7.999997,0,0,-0.3799998,0,0,-0.9999998,0,0,0,0,-0.8,0,,0,-0.39999992
8.019998,0,0,-0.3999997,0,0,-0.9999998,0,0,0,0,-0.8,0,,0,-0.39999992
8.039997,0,0,-0.4199997,0,0,-0.9999998,0,0,0,0,-0.8,0,,0,-0.39999992
8.059998,0,0,-0.4399997,0,0,-0.9999998,0,0,0,0,-0.8,0,,0,-0.39999992
8.079997,0,0,-0.4599997,0,0,-0.9999998,0.009999678,0.1999936,0,0,-0.8,0,,0,-0.39999992
8.099998,0,0,-0.4797997,0,0,-0.9900001,0.02979968,0.5959937,0,0,-0.8,0,,0.499960002,-0.39600004
8.119997,0,0,-0.4990037,0,0,-0.9602004,0.04900368,0.9800735,0,0,-0.8,0,,1.490059503,-0.38408016
8.139997,0,0,-0.5172276,0,0,-0.9111968,0.06722759,1.344552,0,0,-0.8,0,,2.45018,-0.36447872
8.159997,0,0,-0.534107,0,0,-0.8439692,0.08410697,1.682139,0,0,-0.8,0,,3.36138,-0.33758768
8.179997,0,0,-0.5493042,0,0,-0.7598623,0.09930418,1.986084,0,0,-0.8,0,,4.205345,-0.30394492
8.199997,0,0,-0.5625153,0,0,-0.6605582,0.1125153,2.250306,0,0,-0.8,0,,4.965205,-0.26422328
8.219997,0,0,-0.5734762,0,0,-0.5480429,0.1234762,2.469524,0,0,-0.8,0,,5.625765,-0.21921716
8.239997,0,0,-0.5819675,0,0,-0.4245667,0.1319675,2.639351,0,0,-0.8,0,,6.17381,-0.16982668
8.259997,0,0,-0.5878195,0,0,-0.2925993,0.1378195,2.75639,0,0,-0.8,0,,6.59837,-0.11703972
8.279997,0,0,-0.5909151,0,0,-0.1547798,0.1409151,2.818302,0,0,-0.8,0,,6.890975,-0.06191192
8.299997,0,0,-0.5911924,0,0,-0.01386476,0.1411924,2.823847,0,0,-0.8,0,,7.045752,-0.005545904
8.319997,0,0,-0.5886458,0,0,0.1273275,0.1386458,2.772916,0,0,-0.8,0,,7.059613,0.050931
8.339997,0,0,-0.5833263,0,0,0.2659733,0.1333263,2.666527,0,0,-0.8,0,,6.93229,0.10638932
8.359997,0,0,-0.5753403,0,0,0.3992996,0.1253403,2.506807,0,0,-0.8,0,,6.666315,0.15971984
8.379997,0,0,-0.5648475,0,0,0.5246399,0.1148475,2.296951,0,0,-0.8,0,,6.267015,0.20985596
8.399997,0,0,-0.5520578,0,0,0.6394874,0.1020578,2.041156,0,0,-0.8,0,,5.742375,0.25579496
8.419997,0,0,-0.5372269,0,0,0.7415451,0.08722691,1.744538,0,0,-0.8,0,,5.102885,0.29661804
8.439997,0,0,-0.5206515,0,0,0.828772,0.07065146,1.413029,0,0,-0.8,0,,4.361345,0.3315088
8.459997,0,0,-0.502663,0,0,0.8994234,0.05266301,1.05326,0,0,-0.8,0,,3.53257,0.35976936
8.479997,0,0,-0.4836213,0,0,0.9520864,0.0336213,0.6724259,0,0,-0.8,0,,2.63315,0.38083456
8.499997,0,0,-0.4639072,0,0,0.9857077,0.01390715,0.278143,0,0,-0.8,0,,1.681065,0.39428308
8.519997,0,0,-0.4439149,0,0,0.9996148,0,0,0,0,-0.8,0,,0.695355,0.39984592
8.539997,0,0,-0.4239226,0,0,0.9996148,0,0,0,0,-0.8,0,,0,0.39984592
8.559997,0,0,-0.4039303,0,0,0.9996148,0,0,0,0,-0.8,0,,0,0.39984592
8.579997,0,0,-0.383938,0,0,0.9996148,0,0,0,0,-0.8,0,,0,0.39984592
8.599997,0,0,-0.3639457,0,0,0.9996148,0,0,0,0,-0.8,0,,0,0.39984592
8.619997,0,0,-0.3439534,0,0,0.9996148,0,0,0,0,-0.8,0,,0,0.39984592
8.639997,0,0,-0.3239611,0,0,0.9996148,0,0,0,0,-0.8,0,,0,0.39984592
8.659997,0,0,-0.3039688,0,0,0.9996148,0,0,0,0,-0.8,0,,0,0.39984592
8.679996,0,0,-0.2839765,0,0,0.9996148,0,0,0,0,-0.8,0,,0,0.39984592
8.699997,0,0,-0.2639842,0,0,0.9996148,0,0,0,0,-0.8,0,,0,0.39984592
8.719996,0,0,-0.2439919,0,0,0.9996148,0,0,0,0,-0.8,0,,0,0.39984592
8.739997,0,0,-0.2239996,0,0,0.9996148,0,0,0,0,-0.8,0,,0,0.39984592
8.759997,0,0,-0.2040074,0,0,0.9996148,0,0,0,0,-0.8,0,,0,0.39984592
8.779997,0,0,-0.1840151,0,0,0.9996148,0,0,0,0,-0.8,0,,0,0.39984592
8.799997,0,0,-0.1640228,0,0,0.9996148,0,0,0,0,-0.8,0,,0,0.39984592
8.819997,0,0,-0.1440305,0,0,0.9996148,0,0,0,0,-0.8,0,,0,0.39984592
8.839997,0,0,-0.1240382,0,0,0.9996148,0,0,0,0,-0.8,0,,0,0.39984592
8.859997,0,0,-0.1040459,0,0,0.9996148,0,0,0,0,-0.8,0,,0,0.39984592
8.879997,0,0,-0.08405361,0,0,0.9996148,0,0,0,0,-0.8,0,,0,0.39984592
8.899997,0,0,-0.06406131,0,0,0.9996148,0,0,0,0,-0.8,0,,0,0.39984592
8.919997,0,0,-0.04406903,0,0,0.9996148,0,0,0,0,-0.8,0,,0,0.39984592
8.939997,0,0,-0.02407674,0,0,0.9996148,0,0,0,0,-0.8,0,,0,0.39984592
8.959997,0,0,-0.004084449,0,0,0.9996148,0,0,0,0,-0.8,0,,0,0.39984592
8.979997,0,0,0.01590784,0,0,0.9996148,0,0,0,0,-0.8,0,,0,0.39984592
8.999997,0,0,0.03590013,0,0,0.9996148,0,0,0,0,-0.8,0,,0,0.39984592
9.019997,0,0,0.05589242,0,0,0.9996148,0,0,0,0,-0.8,0,,0,0.39984592
9.039997,0,0,0.0758847,0,0,0.9996148,0,0,0,0,-0.8,0,,0,0.39984592
9.059997,0,0,0.09587699,0,0,0.9996148,0,0,0,0,-0.8,0,,0,0.39984592
9.079997,0,0,0.1158693,0,0,0.9996148,0,0,0,0,-0.8,0,,0,0.39984592
9.099997,0,0,0.1358616,0,0,0.9996148,0,0,0,0,-0.8,0,,0,0.39984592
9.119997,0,0,0.1558539,0,0,0.9996148,0,0,0,0,-0.8,0,,0,0.39984592
9.139997,0,0,0.1758462,0,0,0.9996148,0,0,0,0,-0.8,0,,0,0.39984592
9.159997,0,0,0.1958385,0,0,0.9996148,0,0,0,0,-0.8,0,,0,0.39984592
9.179996,0,0,0.2158307,0,0,0.9996148,0,0,0,0,-0.8,0,,0,0.39984592
9.199997,0,0,0.235823,0,0,0.9996148,0,0,0,0,-0.8,0,,0,0.39984592
9.219996,0,0,0.2558153,0,0,0.9996148,0,0,0,0,-0.8,0,,0,0.39984592
9.239997,0,0,0.2758076,0,0,0.9996148,0,0,0,0,-0.8,0,,0,0.39984592
9.259996,0,0,0.2957999,0,0,0.9996148,0,0,0,0,-0.8,0,,0,0.39984592
9.279997,0,0,0.3157922,0,0,0.9996148,0,0,0,0,-0.8,0,,0,0.39984592
9.299996,0,0,0.3357845,0,0,0.9996148,0,0,0,0,-0.8,0,,0,0.39984592
9.319997,0,0,0.3557768,0,0,0.9996148,0,0,0,0,-0.8,0,,0,0.39984592
9.339996,0,0,0.3757691,0,0,0.9996148,0,0,0,0,-0.8,0,,0,0.39984592
9.359997,0,0,0.3957614,0,0,0.9996148,0,0,0,0,-0.8,0,,0,0.39984592
9.379996,0,0,0.4157537,0,0,0.9996148,0,0,0,0,-0.8,0,,0,0.39984592
9.399997,0,0,0.435746,0,0,0.9996148,0,0,0,0,-0.8,0,,0,0.39984592
9.419996,0,0,0.4557382,0,0,0.9996148,0,0,0,0,-0.8,0,,0,0.39984592
9.439997,0,0,0.4757305,0,0,0.9996148,0,0,0,0,-0.8,0,,0,0.39984592
9.459996,0,0,0.4957228,0,0,0.9996148,0,0,0,0,-0.8,0,,0,0.39984592
9.479997,0,0,0.5157151,0,0,0.9996148,0,0,0,0,-0.8,0,,0,0.39984592
9.499996,0,0,0.5357074,0,0,0.9996148,0,0,0,0,-0.8,0,,0,0.39984592
9.519997,0,0,0.5556997,0,0,0.9996148,0,0,0,0,-0.8,0,,0,0.39984592
9.539996,0,0,0.575692,0,0,0.9996148,0,0,0,0,-0.8,0,,0,0.39984592
9.559997,0,0,0.5956843,0,0,0.9996148,0,0,0,0,-0.8,0,,0,0.39984592
9.579997,0,0,0.6156766,0,0,0.9996148,0,0,0,0,-0.8,0,,0,0.39984592
9.599997,0,0,0.6356689,0,0,0.9996148,0,0,0,0,-0.8,0,,0,0.39984592
9.619997,0,0,0.6556612,0,0,0.9996148,0,0,0,0,-0.8,0,,0,0.39984592
9.639997,0,0,0.6756535,0,0,0.9996148,0,0,0,0,-0.8,0,,0,0.39984592
9.659997,0,0,0.6956457,0,0,0.9996148,0,0,0,0,-0.8,0,,0,0.39984592
9.679996,0,0,0.715638,0,0,0.9996148,0,0,0,0,-0.8,0,,0,0.39984592
9.699997,0,0,0.7356303,0,0,0.9996148,0,0,0,0,-0.8,0,,0,0.39984592
9.719996,0,0,0.7556226,0,0,0.9996148,0,0,0,0,-0.8,0,,0,0.39984592
9.739997,0,0,0.7756149,0,0,0.9996148,0,0,0,0,-0.8,0,,0,0.39984592
9.759996,0,0,0.7956072,0,0,0.9996148,0,0,0,0,-0.8,0,,0,0.39984592
9.779997,0,0,0.8155995,0,0,-0.9996148,0,0,0,0,-0.8,0,,-99.95648218,-0.39984592
9.799996,0,0,0.7956072,0,0,-0.9996148,0,0,0,0,-0.8,0,,0,-0.39984592
9.819997,0,0,0.7756149,0,0,-0.9996148,0,0,0,0,-0.8,0,,0,-0.39984592
9.839996,0,0,0.7556226,0,0,-0.9996148,0,0,0,0,-0.8,0,,0,-0.39984592
9.859997,0,0,0.7356303,0,0,-0.9996148,0,0,0,0,-0.8,0,,0,-0.39984592
9.879996,0,0,0.715638,0,0,-0.9996148,0,0,0,0,-0.8,0,,0,-0.39984592
9.899997,0,0,0.6956457,0,0,-0.9996148,0,0,0,0,-0.8,0,,0,-0.39984592
9.919996,0,0,0.6756535,0,0,-0.9996148,0,0,0,0,-0.8,0,,0,-0.39984592
9.939997,0,0,0.6556612,0,0,-0.9996148,0,0,0,0,-0.8,0,,0,-0.39984592
9.959996,0,0,0.6356689,0,0,-0.9996148,0,0,0,0,-0.8,0,,0,-0.39984592
9.979997,0,0,0.6156766,0,0,-0.9996148,0,0,0,0,-0.8,0,,0,-0.39984592
9.999996,0,0,0.5956843,0,0,-0.9996148,0,0,0,0,-0.8,0,,0,-0.39984592
10.02,0,0,0.575692,0,0,-0.9996148,0,0,0,0,-0.8,0,,0,-0.39984592
10.04,0,0,0.5556997,0,0,-0.9996148,0,0,0,0,-0.8,0,,0,-0.39984592
10.06,0,0,0.5357074,0,0,-0.9996148,0,0,0,0,-0.8,0,,0,-0.39984592
10.08,0,0,0.5157151,0,0,-0.9996148,0,0,0,0,-0.8,0,,0,-0.39984592
10.1,0,0,0.4957228,0,0,-0.9996148,0,0,0,0,-0.8,0,,0,-0.39984592
10.12,0,0,0.4757305,0,0,-0.9996148,0,0,0,0,-0.8,0,,0,-0.39984592
10.14,0,0,0.4557382,0,0,-0.9996148,0,0,0,0,-0.8,0,,0,-0.39984592
10.16,0,0,0.435746,0,0,-0.9996148,0,0,0,0,-0.8,0,,0,-0.39984592
10.18,0,0,0.4157537,0,0,-0.9996148,0,0,0,0,-0.8,0,,0,-0.39984592
10.2,0,0,0.3957614,0,0,-0.9996148,0,0,0,0,-0.8,0,,0,-0.39984592
10.22,0,0,0.3757691,0,0,-0.9996148,0,0,0,0,-0.8,0,,0,-0.39984592
10.24,0,0,0.3557768,0,0,-0.9996148,0,0,0,0,-0.8,0,,0,-0.39984592
10.26,0,0,0.3357845,0,0,-0.9996148,0,0,0,0,-0.8,0,,0,-0.39984592
10.28,0,0,0.3157922,0,0,-0.9996148,0,0,0,0,-0.8,0,,0,-0.39984592
10.3,0,0,0.2957999,0,0,-0.9996148,0,0,0,0,-0.8,0,,0,-0.39984592
10.32,0,0,0.2758076,0,0,-0.9996148,0,0,0,0,-0.8,0,,0,-0.39984592
10.34,0,0,0.2558153,0,0,-0.9996148,0,0,0,0,-0.8,0,,0,-0.39984592
10.36,0,0,0.235823,0,0,-0.9996148,0,0,0,0,-0.8,0,,0,-0.39984592
10.38,0,0,0.2158307,0,0,-0.9996148,0,0,0,0,-0.8,0,,0,-0.39984592
10.4,0,0,0.1958385,0,0,-0.9996148,0,0,0,0,-0.8,0,,0,-0.39984592
10.42,0,0,0.1758462,0,0,-0.9996148,0,0,0,0,-0.8,0,,0,-0.39984592
10.44,0,0,0.1558539,0,0,-0.9996148,0,0,0,0,-0.8,0,,0,-0.39984592
10.46,0,0,0.1358616,0,0,-0.9996148,0,0,0,0,-0.8,0,,0,-0.39984592
10.48,0,0,0.1158693,0,0,-0.9996148,0,0,0,0,-0.8,0,,0,-0.39984592
10.5,0,0,0.09587699,0,0,-0.9996148,0,0,0,0,-0.8,0,,0,-0.39984592
10.52,0,0,0.0758847,0,0,-0.9996148,0,0,0,0,-0.8,0,,0,-0.39984592
10.54,0,0,0.05589241,0,0,-0.9996148,0,0,0,0,-0.8,0,,0,-0.39984592
10.56,0,0,0.03590012,0,0,-0.9996148,0,0,0,0,-0.8,0,,0,-0.39984592
10.58,0,0,0.01590784,0,0,-0.9996148,0,0,0,0,-0.8,0,,0,-0.39984592
10.6,0,0,-0.004084453,0,0,-0.9996148,0,0,0,0,-0.8,0,,0,-0.39984592
10.62,0,0,-0.02407674,0,0,-0.9996148,0,0,0,0,-0.8,0,,0,-0.39984592
10.64,0,0,-0.04406903,0,0,-0.9996148,0,0,0,0,-0.8,0,,0,-0.39984592
10.66,0,0,-0.06406131,0,0,-0.9996148,0,0,0,0,-0.8,0,,0,-0.39984592
10.68,0,0,-0.08405361,0,0,-0.9996148,0,0,0,0,-0.8,0,,0,-0.39984592
10.7,0,0,-0.1040459,0,0,-0.9996148,0,0,0,0,-0.8,0,,0,-0.39984592
10.72,0,0,-0.1240382,0,0,-0.9996148,0,0,0,0,-0.8,0,,0,-0.39984592
10.74,0,0,-0.1440305,0,0,-0.9996148,0,0,0,0,-0.8,0,,0,-0.39984592
10.76,0,0,-0.1640228,0,0,-0.9996148,0,0,0,0,-0.8,0,,0,-0.39984592
10.78,0,0,-0.1840151,0,0,-0.9996148,0,0,0,0,-0.8,0,,0,-0.39984592
10.8,0,0,-0.2040074,0,0,-0.9996148,0,0,0,0,-0.8,0,,0,-0.39984592
10.82,0,0,-0.2239996,0,0,-0.9996148,0,0,0,0,-0.8,0,,0,-0.39984592
10.84,0,0,-0.2439919,0,0,-0.9996148,0,0,0,0,-0.8,0,,0,-0.39984592
10.86,0,0,-0.2639842,0,0,-0.9996148,0,0,0,0,-0.8,0,,0,-0.39984592
10.88,0,0,-0.2839765,0,0,-0.9996148,0,0,0,0,-0.8,0,,0,-0.39984592
10.9,0,0,-0.3039688,0,0,-0.9996148,0,0,0,0,-0.8,0,,0,-0.39984592
10.92,0,0,-0.3239611,0,0,-0.9996148,0,0,0,0,-0.8,0,,0,-0.39984592
10.94,0,0,-0.3439534,0,0,-0.9996148,0,0,0,0,-0.8,0,,0,-0.39984592
10.96,0,0,-0.3639457,0,0,-0.9996148,0,0,0,0,-0.8,0,,0,-0.39984592
10.98,0,0,-0.383938,0,0,-0.9996148,0,0,0,0,-0.8,0,,0,-0.39984592
11,0,0,-0.4039303,0,0,-0.9996148,0,0,0,0,-0.8,0,,0,-0.39984592
11.02,0,0,-0.4239226,0,0,-0.9996148,0,0,0,0,-0.8,0,,0,-0.39984592
11.04,0,0,-0.4439149,0,0,-0.9996148,0,0,0,0,-0.8,0,,0,-0.39984592
11.06,0,0,-0.4639072,0,0,-0.9996148,0.01390715,0.278143,0,0,-0.8,0,,0,-0.39984592
11.08,0,0,-0.4836213,0,0,-0.9857077,0.0336213,0.6724259,0,0,-0.8,0,,0.695355,-0.39428308
11.1,0,0,-0.502663,0,0,-0.9520864,0.05266301,1.05326,0,0,-0.8,0,,1.681065,-0.38083456
11.12,0,0,-0.5206515,0,0,-0.8994234,0.07065146,1.413029,0,0,-0.8,0,,2.63315,-0.35976936
11.14,0,0,-0.5372269,0,0,-0.828772,0.08722691,1.744538,0,0,-0.8,0,,3.53257,-0.3315088
11.16,0,0,-0.5520578,0,0,-0.7415451,0.1020578,2.041156,0,0,-0.8,0,,4.361345,-0.29661804
11.18,0,0,-0.5648475,0,0,-0.6394874,0.1148475,2.296951,0,0,-0.8,0,,5.102885,-0.25579496
11.2,0,0,-0.5753403,0,0,-0.5246399,0.1253403,2.506807,0,0,-0.8,0,,5.742375,-0.20985596
11.22,0,0,-0.5833263,0,0,-0.3992996,0.1333263,2.666527,0,0,-0.8,0,,6.267015,-0.15971984
11.24,0,0,-0.5886458,0,0,-0.2659733,0.1386458,2.772916,0,0,-0.8,0,,6.666315,-0.10638932
11.26,0,0,-0.5911924,0,0,-0.1273276,0.1411924,2.823847,0,0,-0.8,0,,6.932285,-0.05093104
11.28,0,0,-0.5909151,0,0,0.01386474,0.1409151,2.818302,0,0,-0.8,0,,7.059617,0.005545896
11.3,0,0,-0.5878195,0,0,0.1547798,0.1378195,2.75639,0,0,-0.8,0,,7.045753,0.06191192
11.32,0,0,-0.5819675,0,0,0.2925993,0.1319675,2.639351,0,0,-0.8,0,,6.890975,0.11703972
11.34,0,0,-0.5734762,0,0,0.4245667,0.1234762,2.469524,0,0,-0.8,0,,6.59837,0.16982668
11.36,0,0,-0.5625153,0,0,0.5480429,0.1125153,2.250306,0,0,-0.8,0,,6.17381,0.21921716
11.38,0,0,-0.5493042,0,0,0.6605582,0.09930418,1.986084,0,0,-0.8,0,,5.625765,0.26422328
11.4,0,0,-0.534107,0,0,0.7598623,0.08410697,1.682139,0,0,-0.8,0,,4.965205,0.30394492
11.42,0,0,-0.5172276,0,0,0.8439692,0.06722759,1.344552,0,0,-0.8,0,,4.205345,0.33758768
11.44,0,0,-0.4990036,0,0,0.9111968,0.04900365,0.9800729,0,0,-0.8,0,,3.36138,0.36447872
11.46,0,0,-0.4797997,0,0,0.9602004,0.02979966,0.5959931,0,0,-0.8,0,,2.45018,0.38408016
11.48,0,0,-0.4599997,0,0,0.99,0.009999678,0.1999936,0,0,-0.8,0,,1.48998,0.396
11.5,0,0,-0.4399997,0,0,0.9999997,0,0,0,0,-0.8,0,,0.499985,0.39999988
11.52,0,0,-0.4199997,0,0,0.9999997,0,0,0,0,-0.8,0,,0,0.39999988
11.54,0,0,-0.3999997,0,0,0.9999997,0,0,0,0,-0.8,0,,0,0.39999988
11.56,0,0,-0.3799998,0,0,0.9999997,0,0,0,0,-0.8,0,,0,0.39999988
11.58,0,0,-0.3599998,0,0,0.9999997,0,0,0,0,-0.8,0,,0,0.39999988
11.6,0,0,-0.3399998,0,0,0.9999997,0,0,0,0,-0.8,0,,0,0.39999988
11.62,0,0,-0.3199998,0,0,0.9999997,0,0,0,0,-0.8,0,,0,0.39999988
11.64,0,0,-0.2999998,0,0,0.9999997,0,0,0,0,-0.8,0,,0,0.39999988
11.66,0,0,-0.2799999,0,0,0.9999997,0,0,0,0,-0.8,0,,0,0.39999988
11.68,0,0,-0.2599999,0,0,0.9999997,0,0,0,0,-0.8,0,,0,0.39999988
11.7,0,0,-0.2399999,0,0,0.9999997,0,0,0,0,-0.8,0,,0,0.39999988
11.72,0,0,-0.2199999,0,0,0.9999997,0,0,0,0,-0.8,0,,0,0.39999988
11.74,0,0,-0.1999999,0,0,0.9999997,0,0,0,0,-0.8,0,,0,0.39999988
11.76,0,0,-0.1799999,0,0,0.9999997,0,0,0,0,-0.8,0,,0,0.39999988
11.78,0,0,-0.16,0,0,0.9999997,0,0,0,0,-0.8,0,,0,0.39999988
11.8,0,0,-0.14,0,0,0.9999997,0,0,0,0,-0.8,0,,0,0.39999988
11.82,0,0,-0.12,0,0,0.9999997,0,0,0,0,-0.8,0,,0,0.39999988
11.84,0,0,-0.1,0,0,0.9999997,0,0,0,0,-0.8,0,,0,0.39999988
11.86,0,0,-0.08000002,0,0,0.9999997,0,0,0,0,-0.8,0,,0,0.39999988
11.88,0,0,-0.06000003,0,0,0.9999997,0,0,0,0,-0.8,0,,0,0.39999988
11.9,0,0,-0.04000004,0,0,0.9999997,0,0,0,0,-0.8,0,,0,0.39999988
11.92,0,0,-0.02000006,0,0,0.9999997,0,0,0,0,-0.8,0,,0,0.39999988
11.94,0,0,-7.08E-08,0,0,0.9999997,0,0,0,0,-0.8,0,,0,0.39999988
11.96,0,0,0.01999992,0,0,0.9999997,0,0,0,0,-0.8,0,,0,0.39999988
11.98,0,0,0.0399999,0,0,0.9999997,0,0,0,0,-0.8,0,,0,0.39999988
12,0,0,0.05999989,0,0,0.9999997,0,0,0,0,-0.8,0,,0,0.39999988
12.02,0,0,0.07999988,0,0,0.9999997,0,0,0,0,-0.8,0,,0,0.39999988
12.04,0,0,0.09999987,0,0,0.9999997,0,0,0,0,-0.8,0,,0,0.39999988
12.06,0,0,0.1199999,0,0,0.9999997,0,0,0,0,-0.8,0,,0,0.39999988
12.08,0,0,0.1399998,0,0,0.9999997,0,0,0,0,-0.8,0,,0,0.39999988
12.1,0,0,0.1599998,0,0,0.9999997,0,0,0,0,-0.8,0,,0,0.39999988
12.12,0,0,0.1799998,0,0,0.9999997,0,0,0,0,-0.8,0,,0,0.39999988
12.14,0,0,0.1999998,0,0,0.9999997,0,0,0,0,-0.8,0,,0,0.39999988
12.16,0,0,0.2199998,0,0,0.9999997,0,0,0,0,-0.8,0,,0,0.39999988
12.18,0,0,0.2399997,0,0,0.9999997,0,0,0,0,-0.8,0,,0,0.39999988
12.2,0,0,0.2599997,0,0,0.9999997,0,0,0,0,-0.8,0,,0,0.39999988
12.22,0,0,0.2799997,0,0,0.9999997,0,0,0,0,-0.8,0,,0,0.39999988
12.24,0,0,0.2999997,0,0,0.9999997,0,0,0,0,-0.8,0,,0,0.39999988
12.26,0,0,0.3199997,0,0,0.9999997,0,0,0,0,-0.8,0,,0,0.39999988
12.28,0,0,0.3399996,0,0,0.9999997,0,0,0,0,-0.8,0,,0,0.39999988
12.3,0,0,0.3599996,0,0,0.9999997,0,0,0,0,-0.8,0,,0,0.39999988
12.32,0,0,0.3799996,0,0,0.9999997,0,0,0,0,-0.8,0,,0,0.39999988
12.34,0,0,0.3999996,0,0,0.9999997,0,0,0,0,-0.8,0,,0,0.39999988
12.36,0,0,0.4199996,0,0,0.9999997,0,0,0,0,-0.8,0,,0,0.39999988
12.38,0,0,0.4399996,0,0,0.9999997,0,0,0,0,-0.8,0,,0,0.39999988
12.4,0,0,0.4599995,0,0,0.9999997,0,0,0,0,-0.8,0,,0,0.39999988
12.42,0,0,0.4799995,0,0,0.9999997,0,0,0,0,-0.8,0,,0,0.39999988
12.44,0,0,0.4999995,0,0,0.9999997,0,0,0,0,-0.8,0,,0,0.39999988
12.46,0,0,0.5199995,0,0,0.9999997,0,0,0,0,-0.8,0,,0,0.39999988
12.48,0,0,0.5399995,0,0,0.9999997,0,0,0,0,-0.8,0,,0,0.39999988
12.5,0,0,0.5599995,0,0,0.9999997,0,0,0,0,-0.8,0,,0,0.39999988
12.52,0,0,0.5799994,0,0,0.9999997,0,0,0,0,-0.8,0,,0,0.39999988
12.54,0,0,0.5999994,0,0,0.9999997,0,0,0,0,-0.8,0,,0,0.39999988
12.56,0,0,0.6199994,0,0,0.9999997,0,0,0,0,-0.8,0,,0,0.39999988
12.58,0,0,0.6399994,0,0,0.9999997,0,0,0,0,-0.8,0,,0,0.39999988
12.6,0,0,0.6599994,0,0,0.9999997,0,0,0,0,-0.8,0,,0,0.39999988
12.62,0,0,0.6799994,0,0,0.9999997,0,0,0,0,-0.8,0,,0,0.39999988
12.64,0,0,0.6999993,0,0,0.9999997,0,0,0,0,-0.8,0,,0,0.39999988
12.66,0,0,0.7199993,0,0,0.9999997,0,0,0,0,-0.8,0,,0,0.39999988
12.68,0,0,0.7399993,0,0,0.9999997,0,0,0,0,-0.8,0,,0,0.39999988
12.7,0,0,0.7599993,0,0,0.9999997,0,0,0,0,-0.8,0,,0,0.39999988
12.72,0,0,0.7799993,0,0,0.9999997,0,0,0,0,-0.8,0,,0,0.39999988
12.74,0,0,0.7999992,0,0,0.9999997,0,0,0,0,-0.8,0,,0,0.39999988
12.76,0,0,0.8199992,0,0,-0.9999997,0,0,0,0,-0.8,0,,-99.99997,-0.39999988
12.78,0,0,0.7999992,0,0,-0.9999997,0,0,0,0,-0.8,0,,0,-0.39999988
12.8,0,0,0.7799993,0,0,-0.9999997,0,0,0,0,-0.8,0,,0,-0.39999988
12.82,0,0,0.7599993,0,0,-0.9999997,0,0,0,0,-0.8,0,,0,-0.39999988
12.84,0,0,0.7399993,0,0,-0.9999997,0,0,0,0,-0.8,0,,0,-0.39999988
12.86,0,0,0.7199993,0,0,-0.9999997,0,0,0,0,-0.8,0,,0,-0.39999988
12.88,0,0,0.6999993,0,0,-0.9999997,0,0,0,0,-0.8,0,,0,-0.39999988
12.9,0,0,0.6799994,0,0,-0.9999997,0,0,0,0,-0.8,0,,0,-0.39999988
12.92,0,0,0.6599994,0,0,-0.9999997,0,0,0,0,-0.8,0,,0,-0.39999988
12.94,0,0,0.6399994,0,0,-0.9999997,0,0,0,0,-0.8,0,,0,-0.39999988
12.96,0,0,0.6199994,0,0,-0.9999997,0,0,0,0,-0.8,0,,0,-0.39999988
12.98,0,0,0.5999994,0,0,-0.9999997,0,0,0,0,-0.8,0,,0,-0.39999988
13,0,0,0.5799994,0,0,-0.9999997,0,0,0,0,-0.8,0,,0,-0.39999988
13.02,0,0,0.5599995,0,0,-0.9999997,0,0,0,0,-0.8,0,,0,-0.39999988
13.04,0,0,0.5399995,0,0,-0.9999997,0,0,0,0,-0.8,0,,0,-0.39999988
13.06,0,0,0.5199995,0,0,-0.9999997,0,0,0,0,-0.8,0,,0,-0.39999988
13.08,0,0,0.4999995,0,0,-0.9999997,0,0,0,0,-0.8,0,,0,-0.39999988
13.1,0,0,0.4799995,0,0,-0.9999997,0,0,0,0,-0.8,0,,0,-0.39999988
13.12,0,0,0.4599996,0,0,-0.9999997,0,0,0,0,-0.8,0,,0,-0.39999988
13.14,0,0,0.4399996,0,0,-0.9999997,0,0,0,0,-0.8,0,,0,-0.39999988
13.16,0,0,0.4199996,0,0,-0.9999997,0,0,0,0,-0.8,0,,0,-0.39999988
13.18,0,0,0.3999996,0,0,-0.9999997,0,0,0,0,-0.8,0,,0,-0.39999988
13.2,0,0,0.3799996,0,0,-0.9999997,0,0,0,0,-0.8,0,,0,-0.39999988
13.22,0,0,0.3599997,0,0,-0.9999997,0,0,0,0,-0.8,0,,0,-0.39999988
13.24,0,0,0.3399997,0,0,-0.9999997,0,0,0,0,-0.8,0,,0,-0.39999988
13.26,0,0,0.3199997,0,0,-0.9999997,0,0,0,0,-0.8,0,,0,-0.39999988
13.27999,0,0,0.2999997,0,0,-0.9999997,0,0,0,0,-0.8,0,,0,-0.39999988
13.3,0,0,0.2799997,0,0,-0.9999997,0,0,0,0,-0.8,0,,0,-0.39999988
13.31999,0,0,0.2599998,0,0,-0.9999997,0,0,0,0,-0.8,0,,0,-0.39999988
13.34,0,0,0.2399998,0,0,-0.9999997,0,0,0,0,-0.8,0,,0,-0.39999988
13.35999,0,0,0.2199998,0,0,-0.9999997,0,0,0,0,-0.8,0,,0,-0.39999988
13.38,0,0,0.1999998,0,0,-0.9999997,0,0,0,0,-0.8,0,,0,-0.39999988
13.39999,0,0,0.1799998,0,0,-0.9999997,0,0,0,0,-0.8,0,,0,-0.39999988
13.42,0,0,0.1599998,0,0,-0.9999997,0,0,0,0,-0.8,0,,0,-0.39999988
13.43999,0,0,0.1399999,0,0,-0.9999997,0,0,0,0,-0.8,0,,0,-0.39999988
13.46,0,0,0.1199999,0,0,-0.9999997,0,0,0,0,-0.8,0,,0,-0.39999988
13.47999,0,0,0.09999989,0,0,-0.9999997,0,0,0,0,-0.8,0,,0,-0.39999988
13.5,0,0,0.0799999,0,0,-0.9999997,0,0,0,0,-0.8,0,,0,-0.39999988
13.51999,0,0,0.05999991,0,0,-0.9999997,0,0,0,0,-0.8,0,,0,-0.39999988
13.54,0,0,0.03999992,0,0,-0.9999997,0,0,0,0,-0.8,0,,0,-0.39999988
13.56,0,0,0.01999994,0,0,-0.9999997,0,0,0,0,-0.8,0,,0,-0.39999988
13.58,0,0,-4.84E-08,0,0,-0.9999997,0,0,0,0,-0.8,0,,0,-0.39999988
13.6,0,0,-0.02000003,0,0,-0.9999997,0,0,0,0,-0.8,0,,0,-0.39999988
13.62,0,0,-0.04000002,0,0,-0.9999997,0,0,0,0,-0.8,0,,0,-0.39999988
13.64,0,0,-0.06000001,0,0,-0.9999997,0,0,0,0,-0.8,0,,0,-0.39999988
13.66,0,0,-0.08,0,0,-0.9999997,0,0,0,0,-0.8,0,,0,-0.39999988
13.68,0,0,-0.09999999,0,0,-0.9999997,0,0,0,0,-0.8,0,,0,-0.39999988
13.7,0,0,-0.12,0,0,-0.9999997,0,0,0,0,-0.8,0,,0,-0.39999988
13.72,0,0,-0.14,0,0,-0.9999997,0,0,0,0,-0.8,0,,0,-0.39999988
13.74,0,0,-0.1599999,0,0,-0.9999997,0,0,0,0,-0.8,0,,0,-0.39999988
13.76,0,0,-0.1799999,0,0,-0.9999997,0,0,0,0,-0.8,0,,0,-0.39999988
13.77999,0,0,-0.1999999,0,0,-0.9999997,0,0,0,0,-0.8,0,,0,-0.39999988
13.8,0,0,-0.2199999,0,0,-0.9999997,0,0,0,0,-0.8,0,,0,-0.39999988
13.81999,0,0,-0.2399999,0,0,-0.9999997,0,0,0,0,-0.8,0,,0,-0.39999988
13.84,0,0,-0.2599998,0,0,-0.9999997,0,0,0,0,-0.8,0,,0,-0.39999988
13.85999,0,0,-0.2799998,0,0,-0.9999997,0,0,0,0,-0.8,0,,0,-0.39999988
13.88,0,0,-0.2999998,0,0,-0.9999997,0,0,0,0,-0.8,0,,0,-0.39999988
13.89999,0,0,-0.3199998,0,0,-0.9999997,0,0,0,0,-0.8,0,,0,-0.39999988
13.92,0,0,-0.3399998,0,0,-0.9999997,0,0,0,0,-0.8,0,,0,-0.39999988
13.93999,0,0,-0.3599997,0,0,-0.9999997,0,0,0,0,-0.8,0,,0,-0.39999988
13.96,0,0,-0.3799997,0,0,-0.9999997,0,0,0,0,-0.8,0,,0,-0.39999988
13.97999,0,0,-0.3999997,0,0,-0.9999997,0,0,0,0,-0.8,0,,0,-0.39999988
14,0,0,-0.4199997,0,0,-0.9999997,0,0,0,0,-0.8,0,,0,-0.39999988
14.01999,0,0,-0.4399997,0,0,-0.9999997,0,0,0,0,-0.8,0,,0,-0.39999988
14.04,0,0,-0.4599997,0,0,-0.9999997,0.009999648,0.199993,0,0,-0.8,0,,0,-0.39999988
14.05999,0,0,-0.4797997,0,0,-0.9900001,0.02979966,0.5959931,0,0,-0.8,0,,0.500230115,-0.39600004
14.08,0,0,-0.4990036,0,0,-0.9602004,0.04900365,0.9800729,0,0,-0.8,0,,1.48924038,-0.38408016
14.09999,0,0,-0.5172276,0,0,-0.9111968,0.06722759,1.344552,0,0,-0.8,0,,2.451405703,-0.36447872
14.12,0,0,-0.534107,0,0,-0.8439693,0.08410697,1.682139,0,0,-0.8,0,,3.359695152,-0.33758772
14.13999,0,0,-0.5493042,0,0,-0.7598624,0.09930418,1.986084,0,0,-0.8,0,,4.207448724,-0.30394496
14.16,0,0,-0.5625153,0,0,-0.6605582,0.1125153,2.250306,0,0,-0.8,0,,4.962728636,-0.26422328
14.17999,0,0,-0.5734762,0,0,-0.548043,0.1234762,2.469524,0,0,-0.8,0,,5.628574287,-0.2192172
14.2,0,0,-0.5819675,0,0,-0.4245668,0.1319675,2.639351,0,0,-0.8,0,,6.170724638,-0.16982672
14.21999,0,0,-0.5878195,0,0,-0.2925993,0.1378195,2.75639,0,0,-0.8,0,,6.601675838,-0.11703972
14.24,0,0,-0.5909151,0,0,-0.1547799,0.1409151,2.818302,0,0,-0.8,0,,6.887526237,-0.06191196
14.25999,0,0,-0.5911924,0,0,-0.01386482,0.1411924,2.823847,0,0,-0.8,0,,7.049278639,-0.005545928
14.27999,0,0,-0.5886458,0,0,0.1273275,0.1386458,2.772916,0,0,-0.8,0,,7.059616,0.050931
14.29999,0,0,-0.5833263,0,0,0.2659733,0.1333263,2.666527,0,0,-0.8,0,,6.93229,0.10638932
14.31999,0,0,-0.5753403,0,0,0.3992996,0.1253403,2.506807,0,0,-0.8,0,,6.666315,0.15971984
14.34,0,0,-0.5648475,0,0,0.5246398,0.1148475,2.296951,0,0,-0.8,0,,6.263878061,0.20985592
14.35999,0,0,-0.5520578,0,0,0.6394873,0.1020578,2.041156,0,0,-0.8,0,,5.745247624,0.25579492
14.38,0,0,-0.5372269,0,0,0.7415451,0.08722691,1.744538,0,0,-0.8,0,,5.10033983,0.29661804
14.39999,0,0,-0.5206515,0,0,0.8287719,0.07065146,1.413029,0,0,-0.8,0,,4.363521761,0.33150876
14.42,0,0,-0.502663,0,0,0.8994234,0.05266301,1.05326,0,0,-0.8,0,,3.530809595,0.35976936
14.43999,0,0,-0.4836213,0,0,0.9520863,0.0336213,0.6724259,0,0,-0.8,0,,2.634462231,0.38083452
14.46,0,0,-0.4639072,0,0,0.9857076,0.01390715,0.278143,0,0,-0.8,0,,1.680224888,0.39428304
14.47999,0,0,-0.4439149,0,0,0.9996148,0,0,0,0,-0.8,0,,0.695707854,0.39984592
14.5,0,0,-0.4239226,0,0,0.9996148,0,0,0,0,-0.8,0,,0,0.39984592
14.51999,0,0,-0.4039303,0,0,0.9996148,0,0,0,0,-0.8,0,,0,0.39984592
14.54,0,0,-0.383938,0,0,0.9996148,0,0,0,0,-0.8,0,,0,0.39984592
14.55999,0,0,-0.3639457,0,0,0.9996148,0,0,0,0,-0.8,0,,0,0.39984592
14.58,0,0,-0.3439534,0,0,0.9996148,0,0,0,0,-0.8,0,,0,0.39984592
14.59999,0,0,-0.3239611,0,0,0.9996148,0,0,0,0,-0.8,0,,0,0.39984592
14.62,0,0,-0.3039688,0,0,0.9996148,0,0,0,0,-0.8,0,,0,0.39984592
14.63999,0,0,-0.2839765,0,0,0.9996148,0,0,0,0,-0.8,0,,0,0.39984592
14.66,0,0,-0.2639842,0,0,0.9996148,0,0,0,0,-0.8,0,,0,0.39984592
14.67999,0,0,-0.2439919,0,0,0.9996148,0,0,0,0,-0.8,0,,0,0.39984592
14.7,0,0,-0.2239996,0,0,0.9996148,0,0,0,0,-0.8,0,,0,0.39984592
14.71999,0,0,-0.2040074,0,0,0.9996148,0,0,0,0,-0.8,0,,0,0.39984592
14.74,0,0,-0.1840151,0,0,0.9996148,0,0,0,0,-0.8,0,,0,0.39984592
14.75999,0,0,-0.1640228,0,0,0.9996148,0,0,0,0,-0.8,0,,0,0.39984592
14.77999,0,0,-0.1440305,0,0,0.9996148,0,0,0,0,-0.8,0,,0,0.39984592
14.79999,0,0,-0.1240382,0,0,0.9996148,0,0,0,0,-0.8,0,,0,0.39984592
14.81999,0,0,-0.1040459,0,0,0.9996148,0,0,0,0,-0.8,0,,0,0.39984592
14.83999,0,0,-0.08405361,0,0,0.9996148,0,0,0,0,-0.8,0,,0,0.39984592
14.85999,0,0,-0.06406131,0,0,0.9996148,0,0,0,0,-0.8,0,,0,0.39984592
14.87999,0,0,-0.04406903,0,0,0.9996148,0,0,0,0,-0.8,0,,0,0.39984592
14.89999,0,0,-0.02407674,0,0,0.9996148,0,0,0,0,-0.8,0,,0,0.39984592
14.91999,0,0,-0.004084449,0,0,0.9996148,0,0,0,0,-0.8,0,,0,0.39984592
14.93999,0,0,0.01590784,0,0,0.9996148,0,0,0,0,-0.8,0,,0,0.39984592
14.95999,0,0,0.03590013,0,0,0.9996148,0,0,0,0,-0.8,0,,0,0.39984592
14.97999,0,0,0.05589242,0,0,0.9996148,0,0,0,0,-0.8,0,,0,0.39984592
14.99999,0,0,0.0758847,0,0,0.9996148,0,0,0,0,-0.8,0,,0,0.39984592
15.01999,0,0,0.09587699,0,0,0.9996148,0,0,0,0,-0.8,0,,0,0.39984592
15.03999,0,0,0.1158693,0,0,0.9996148,0,0,0,0,-0.8,0,,0,0.39984592
15.05999,0,0,0.1358616,0,0,0.9996148,0,0,0,0,-0.8,0,,0,0.39984592
15.07999,0,0,0.1558539,0,0,0.9996148,0,0,0,0,-0.8,0,,0,0.39984592
15.09999,0,0,0.1758462,0,0,0.9996148,0,0,0,0,-0.8,0,,0,0.39984592
15.12,0,0,0.1958385,0,0,0.9996148,0,0,0,0,-0.8,0,,0,0.39984592
15.13999,0,0,0.2158307,0,0,0.9996148,0,0,0,0,-0.8,0,,0,0.39984592
15.16,0,0,0.235823,0,0,0.9996148,0,0,0,0,-0.8,0,,0,0.39984592
15.17999,0,0,0.2558153,0,0,0.9996148,0,0,0,0,-0.8,0,,0,0.39984592
15.2,0,0,0.2758076,0,0,0.9996148,0,0,0,0,-0.8,0,,0,0.39984592
15.21999,0,0,0.2957999,0,0,0.9996148,0,0,0,0,-0.8,0,,0,0.39984592
15.24,0,0,0.3157922,0,0,0.9996148,0,0,0,0,-0.8,0,,0,0.39984592
15.25999,0,0,0.3357845,0,0,0.9996148,0,0,0,0,-0.8,0,,0,0.39984592
15.27999,0,0,0.3557768,0,0,0.9996148,0,0,0,0,-0.8,0,,0,0.39984592
15.29999,0,0,0.3757691,0,0,0.9996148,0,0,0,0,-0.8,0,,0,0.39984592
15.31999,0,0,0.3957614,0,0,0.9996148,0,0,0,0,-0.8,0,,0,0.39984592
15.33999,0,0,0.4157537,0,0,0.9996148,0,0,0,0,-0.8,0,,0,0.39984592
15.35999,0,0,0.435746,0,0,0.9996148,0,0,0,0,-0.8,0,,0,0.39984592
15.37999,0,0,0.4557382,0,0,0.9996148,0,0,0,0,-0.8,0,,0,0.39984592
15.39999,0,0,0.4757305,0,0,0.9996148,0,0,0,0,-0.8,0,,0,0.39984592
15.41999,0,0,0.4957228,0,0,0.9996148,0,0,0,0,-0.8,0,,0,0.39984592
15.43999,0,0,0.5157151,0,0,0.9996148,0,0,0,0,-0.8,0,,0,0.39984592
15.45999,0,0,0.5357074,0,0,0.9996148,0,0,0,0,-0.8,0,,0,0.39984592
15.47999,0,0,0.5556997,0,0,0.9996148,0,0,0,0,-0.8,0,,0,0.39984592
15.49999,0,0,0.575692,0,0,0.9996148,0,0,0,0,-0.8,0,,0,0.39984592
15.51999,0,0,0.5956843,0,0,0.9996148,0,0,0,0,-0.8,0,,0,0.39984592
15.53999,0,0,0.6156766,0,0,0.9996148,0,0,0,0,-0.8,0,,0,0.39984592
15.55999,0,0,0.6356689,0,0,0.9996148,0,0,0,0,-0.8,0,,0,0.39984592
15.57999,0,0,0.6556612,0,0,0.9996148,0,0,0,0,-0.8,0,,0,0.39984592
15.59999,0,0,0.6756535,0,0,0.9996148,0,0,0,0,-0.8,0,,0,0.39984592
15.61999,0,0,0.6956457,0,0,0.9996148,0,0,0,0,-0.8,0,,0,0.39984592
15.63999,0,0,0.715638,0,0,0.9996148,0,0,0,0,-0.8,0,,0,0.39984592
15.65999,0,0,0.7356303,0,0,0.9996148,0,0,0,0,-0.8,0,,0,0.39984592
15.67999,0,0,0.7556226,0,0,0.9996148,0,0,0,0,-0.8,0,,0,0.39984592
15.69999,0,0,0.7756149,0,0,0.9996148,0,0,0,0,-0.8,0,,0,0.39984592
15.71999,0,0,0.7956072,0,0,0.9996148,0,0,0,0,-0.8,0,,0,0.39984592
15.73999,0,0,0.8155995,0,0,-0.9996148,0,0,0,0,-0.8,0,,-99.96148,-0.39984592
15.75999,0,0,0.7956072,0,0,-0.9996148,0,0,0,0,-0.8,0,,0,-0.39984592
15.77999,0,0,0.7756149,0,0,-0.9996148,0,0,0,0,-0.8,0,,0,-0.39984592
15.79999,0,0,0.7556226,0,0,-0.9996148,0,0,0,0,-0.8,0,,0,-0.39984592
15.81999,0,0,0.7356303,0,0,-0.9996148,0,0,0,0,-0.8,0,,0,-0.39984592
15.83999,0,0,0.715638,0,0,-0.9996148,0,0,0,0,-0.8,0,,0,-0.39984592
15.85999,0,0,0.6956457,0,0,-0.9996148,0,0,0,0,-0.8,0,,0,-0.39984592
15.87999,0,0,0.6756535,0,0,-0.9996148,0,0,0,0,-0.8,0,,0,-0.39984592
15.89999,0,0,0.6556612,0,0,-0.9996148,0,0,0,0,-0.8,0,,0,-0.39984592
15.91999,0,0,0.6356689,0,0,-0.9996148,0,0,0,0,-0.8,0,,0,-0.39984592
15.93999,0,0,0.6156766,0,0,-0.9996148,0,0,0,0,-0.8,0,,0,-0.39984592
15.95999,0,0,0.5956843,0,0,-0.9996148,0,0,0,0,-0.8,0,,0,-0.39984592
15.97999,0,0,0.575692,0,0,-0.9996148,0,0,0,0,-0.8,0,,0,-0.39984592
15.99999,0,0,0.5556997,0,0,-0.9996148,0,0,0,0,-0.8,0,,0,-0.39984592
16.01999,0,0,0.5357074,0,0,-0.9996148,0,0,0,0,-0.8,0,,0,-0.39984592
16.04,0,0,0.5157151,0,0,-0.9996148,0,0,0,0,-0.8,0,,0,-0.39984592
16.05999,0,0,0.4957228,0,0,-0.9996148,0,0,0,0,-0.8,0,,0,-0.39984592
16.07999,0,0,0.4757305,0,0,-0.9996148,0,0,0,0,-0.8,0,,0,-0.39984592
16.09999,0,0,0.4557382,0,0,-0.9996148,0,0,0,0,-0.8,0,,0,-0.39984592
16.12,0,0,0.435746,0,0,-0.9996148,0,0,0,0,-0.8,0,,0,-0.39984592
16.13999,0,0,0.4157537,0,0,-0.9996148,0,0,0,0,-0.8,0,,0,-0.39984592
16.15999,0,0,0.3957614,0,0,-0.9996148,0,0,0,0,-0.8,0,,0,-0.39984592
16.17999,0,0,0.3757691,0,0,-0.9996148,0,0,0,0,-0.8,0,,0,-0.39984592
