t,x,y,z,vx,vy,vz,dl_left,F_left,dl_right,F_right,z_bumper,vz_bumper,angularVelocity_y, inertia_y
0.01078415,-0.25,0,0,0,0,1,0,0,0,0,-0.8,0,0, 0.0634
0.03078461,-0.25,0,0.01999999,0,0,1,0,0,0,0,-0.8,0,0, 0.0634
0.05078506,-0.25,0,0.03999998,0,0,1,0,0,0,0,-0.8,0,0, 0.0634
0.07078552,-0.25,0,0.05999998,0,0,1,0,0,0,0,-0.8,0,0, 0.0634
0.09078407,-0.25,0,0.07999997,0,0,1,0,0,0,0,-0.8,0,0, 0.0634
0.1107845,-0.25,0,0.09999996,0,0,1,0,0,0,0,-0.8,0,0, 0.0634
0.130785,-0.25,0,0.12,0,0,1,0,0,0,0,-0.8,0,0, 0.0634
0.1507854,-0.25,0,0.14,0,0,1,0,0,0,0,-0.8,0,0, 0.0634
0.170784,-0.25,0,0.16,0,0,1,0,0,0,0,-0.8,0,0, 0.0634
0.1907845,-0.25,0,0.1799999,0,0,1,0,0,0,0,-0.8,0,0, 0.0634
0.2107849,-0.25,0,0.1999999,0,0,1,0,0,0,0,-0.8,0,0, 0.0634
0.2307854,-0.25,0,0.2199999,0,0,1,0,0,0,0,-0.8,0,0, 0.0634
0.2507839,-0.25,0,0.2399999,0,0,1,0,0,0,0,-0.8,0,0, 0.0634
0.2707844,-0.25,0,0.2599999,0,0,1,0,0,0,0,-0.8,0,0, 0.0634
0.2907848,-0.25,0,0.2799999,0,0,1,0,0,0,0,-0.8,0,0, 0.0634
0.3107853,-0.25,0,0.2999999,0,0,1,0,0,0,0,-0.8,0,0, 0.0634
0.3307838,-0.25,0,0.3199999,0,0,1,0,0,0,0,-0.8,0,0, 0.0634
0.3507843,-0.25,0,0.3399999,0,0,1,0,0,0,0,-0.8,0,0, 0.0634
0.3707848,-0.25,0,0.3599998,0,0,1,0,0,0,0,-0.8,0,0, 0.0634
0.3907852,-0.25,0,0.3799998,0,0,1,0,0,0,0,-0.8,0,0, 0.0634
0.4107838,-0.25,0,0.3999998,0,0,1,0,0,0,0,-0.8,0,0, 0.0634
0.4307842,-0.25,0,0.4199998,0,0,1,0,0,0,0,-0.8,0,0, 0.0634
0.4507847,-0.25,0,0.4399998,0,0,1,0,0,0,0,-0.8,0,0, 0.0634
0.4707851,-0.25,0,0.4599997,0,0,1,0,0,0,0,-0.8,0,0, 0.0634
0.4907837,-0.25,0,0.4799997,0,0,1,0,0,0,0,-0.8,0,0, 0.0634
0.5107841,-0.25,0,0.4999997,0,0,1,0,0,0,0,-0.8,0,0, 0.0634
0.5307846,-0.25,0,0.5199997,0,0,1,0,0,0,0,-0.8,0,0, 0.0634
0.5507851,-0.25,0,0.5399997,0,0,1,0,0,0,0,-0.8,0,0, 0.0634
0.5707836,-0.25,0,0.5599996,0,0,1,0,0,0,0,-0.8,0,0, 0.0634
0.5907841,-0.25,0,0.5799996,0,0,1,0,0,0,0,-0.8,0,0, 0.0634
0.6107845,-0.25,0,0.5999996,0,0,1,0,0,0,0,-0.8,0,0, 0.0634
0.630785,-0.25,0,0.6199996,0,0,-1,0,0,0,0,-0.8,0,0, 0.0634
0.6507835,-0.25,0,0.5999996,0,0,-1,0,0,0,0,-0.8,0,0, 0.0634
0.670784,-0.25,0,0.5799996,0,0,-1,0,0,0,0,-0.8,0,0, 0.0634
0.6907845,-0.25,0,0.5599996,0,0,-1,0,0,0,0,-0.8,0,0, 0.0634
0.7107849,-0.25,0,0.5399997,0,0,-1,0,0,0,0,-0.8,0,0, 0.0634
0.7307835,-0.25,0,0.5199997,0,0,-1,0,0,0,0,-0.8,0,0, 0.0634
0.7507839,-0.25,0,0.4999997,0,0,-1,0,0,0,0,-0.8,0,0, 0.0634
0.7707844,-0.25,0,0.4799997,0,0,-1,0,0,0,0,-0.8,0,0, 0.0634
0.7907848,-0.25,0,0.4599997,0,0,-1,0,0,0,0,-0.8,0,0, 0.0634
0.8107834,-0.25,0,0.4399998,0,0,-1,0,0,0,0,-0.8,0,0, 0.0634
0.8307838,-0.25,0,0.4199998,0,0,-1,0,0,0,0,-0.8,0,0, 0.0634
0.8507843,-0.25,0,0.3999998,0,0,-1,0,0,0,0,-0.8,0,0, 0.0634
0.8707848,-0.25,0,0.3799998,0,0,-1,0,0,0,0,-0.8,0,0, 0.0634
0.8907852,-0.25,0,0.3599998,0,0,-1,0,0,0,0,-0.8,0,0, 0.0634
0.9107838,-0.25,0,0.3399999,0,0,-1,0,0,0,0,-0.8,0,0, 0.0634
0.9307842,-0.25,0,0.3199999,0,0,-1,0,0,0,0,-0.8,0,0, 0.0634
0.9507847,-0.25,0,0.2999999,0,0,-1,0,0,0,0,-0.8,0,0, 0.0634
0.9707851,-0.25,0,0.2799999,0,0,-1,0,0,0,0,-0.8,0,0, 0.0634
0.9907837,-0.25,0,0.2599999,0,0,-1,0,0,0,0,-0.8,0,0, 0.0634
1.010784,-0.25,0,0.2399999,0,0,-1,0,0,0,0,-0.8,0,0, 0.0634
1.030785,-0.25,0,0.2199999,0,0,-1,0,0,0,0,-0.8,0,0, 0.0634
1.050785,-0.25,0,0.1999999,0,0,-1,0,0,0,0,-0.8,0,0, 0.0634
1.070784,-0.25,0,0.1799999,0,0,-1,0,0,0,0,-0.8,0,0, 0.0634
1.090784,-0.25,0,0.16,0,0,-1,0,0,0,0,-0.8,0,0, 0.0634
1.110785,-0.25,0,0.14,0,0,-1,0,0,0,0,-0.8,0,0, 0.0634
1.130785,-0.25,0,0.12,0,0,-1,0,0,0,0,-0.8,0,0, 0.0634
1.150784,-0.25,0,0.09999996,0,0,-1,0,0,0,0,-0.8,0,0, 0.0634
1.170784,-0.25,0,0.07999997,0,0,-1,0,0,0,0,-0.8,0,0, 0.0634
1.190784,-0.25,0,0.05999998,0,0,-1,0,0,0,0,-0.8,0,0, 0.0634
1.210785,-0.25,0,0.03999998,0,0,-1,0,0,0,0,-0.8,0,0, 0.0634
1.230783,-0.25,0,0.01999999,0,0,-1,0,0,0,0,-0.8,0,0, 0.0634
1.250784,-0.25,0,0,0,0,-1,0,0,0,0,-0.8,0,0, 0.0634
1.270784,-0.25,0,-0.01999999,0,0,-1,0,0,0,0,-0.8,0,0, 0.0634
1.290785,-0.25,0,-0.03999998,0,0,-1,0,0,0,0,-0.8,0,0, 0.0634
1.310783,-0.25,0,-0.05999998,0,0,-1,0,0,0,0,-0.8,0,0, 0.0634
1.330784,-0.25,0,-0.07999997,0,0,-1,0,0,0,0,-0.8,0,0, 0.0634
1.350784,-0.25,0,-0.09999996,0,0,-1,0,0,0,0,-0.8,0,0, 0.0634
1.370785,-0.25,0,-0.12,0,0,-1,0,0,0,0,-0.8,0,0, 0.0634
1.390783,-0.25,0,-0.14,0,0,-1,0,0,0,0,-0.8,0,0, 0.0634
1.410784,-0.25,0,-0.16,0,0,-1,0,0,0,0,-0.8,0,0, 0.0634
1.430784,-0.25,0,-0.1799999,0,0,-1,0,0,0,0,-0.8,0,0, 0.0634
1.450785,-0.25,0,-0.1999999,0,0,-1,0,0,0,0,-0.8,0,0, 0.0634
1.470783,-0.25,0,-0.2199999,0,0,-1,0,0,0,0,-0.8,0,0, 0.0634
1.490784,-0.25,0,-0.2399999,0,0,-1,0,0,0,0,-0.8,0,0, 0.0634
1.510784,-0.25,0,-0.2599999,0,0,-1,0,0,0,0,-0.8,0,0, 0.0634
1.530785,-0.25,0,-0.2799999,0,0,-1,0,0,0,0,-0.8,0,0, 0.0634
1.550783,-0.25,0,-0.2999999,0,0,-1,0,0,0,0,-0.8,0,0, 0.0634
1.570784,-0.25,0,-0.3199999,0,0,-1,0,0,0,0,-0.8,0,0, 0.0634
1.590784,-0.25,0,-0.3399999,0,0,-1,0,0,0,0,-0.8,0,0, 0.0634
1.610785,-0.25,0,-0.3599998,0,0,-1,0,0,0,0,-0.8,0,0, 0.0634
1.630785,-0.25,0,-0.3799998,0,0,-1,0,0,0,0,-0.8,0,0, 0.0634
1.650784,-0.25,0,-0.3999998,0,0,-1,0,0,0,0,-0.8,0,0, 0.0634
1.670784,-0.25,0,-0.4199998,0,0,-1,0,0,0,0,-0.8,0,0, 0.0634
1.690784,-0.25,0,-0.4399998,0,0,-1,0,0,0,0,-0.8,0,0, 0.0634
1.710785,-0.25,0,-0.4599997,0,0,-1,0,0,0,0,-0.8,0,0, 0.0634
1.730783,-0.25,0,-0.4799997,0,0,-1,0,0,0,0,-0.8,0,0, 0.0634
1.750784,-0.25,0,-0.4999997,0,0,-1,0,0,0,0,-0.8,0,0, 0.0634
1.770784,-0.25,0,-0.5199997,0,0,-1,0,0,0,0,-0.8,0,0, 0.0634
1.790785,-0.25,0,-0.5399997,0,0,-1,0,0,0,0,-0.8,0,0, 0.0634
1.810783,-0.25,0,-0.5599996,0,0,-1,0,0,0,0,-0.8,0,0, 0.0634
1.830784,-0.25,0,-0.5799996,0,0,-1,0,0,0,0,-0.8,0,0, 0.0634
1.850784,-0.25,0,-0.5999996,0,0,-1,0,0,0,0,-0.8,0,0, 0.0634
1.870785,-0.2511798,0,-0.6095505,-0.05897669,0,-0.4776299,0,0,0,0,-0.8041797,-0.208948,-0.1089716, 0.0634
1.890783,-0.2527913,0,-0.6173607,-0.08056299,0,-0.3905065,0,0,0,0,-0.8090556,-0.2437974,-0.5798055, 0.0634
1.910784,-0.2543688,0,-0.6251771,-0.07939476,0,-0.3909164,0,0,0,0,-0.813929,-0.2436334,-0.5800093, 0.0634
1.930784,-0.2559203,0,-0.6330225,-0.0780221,0,-0.3919496,0,0,0,0,-0.8187909,-0.2432202,-0.5799859, 0.0634
1.950785,-0.257447,0,-0.6408858,-0.07678434,0,-0.3928467,0,0,0,0,-0.8236455,-0.2428613,-0.5799783, 0.0634
1.970783,-0.2589487,0,-0.6487665,-0.07553571,0,-0.3937282,0,0,0,0,-0.8284932,-0.2425087,-0.5799724, 0.0634
1.990784,-0.2604252,0,-0.6566646,-0.07427791,0,-0.3945967,0,0,0,0,-0.833334,-0.2421613,-0.5799643, 0.0634
2.010784,-0.2618761,0,-0.6645795,-0.07300815,0,-0.3954493,0,0,0,0,-0.838168,-0.2418203,-0.5799589, 0.0634
2.030785,-0.2633015,0,-0.6725111,-0.07173061,0,-0.3962874,0,0,0,0,-0.8429954,-0.241485,-0.5799517, 0.0634
2.050783,-0.264701,0,-0.6804591,-0.0704409,0,-0.3971122,0,0,0,0,-0.8478162,-0.2411551,-0.5799446, 0.0634
2.070784,-0.2660746,0,-0.6884232,-0.06914473,0,-0.3979184,0,0,0,0,-0.8526306,-0.2408326,-0.5799394, 0.0634
2.090784,-0.2674219,0,-0.696403,-0.06783726,0,-0.3987118,0,0,0,0,-0.8574386,-0.2405152,-0.5799329, 0.0634
2.110785,-0.2687427,0,-0.7043982,-0.06652095,0,-0.3994898,0,0,0,0,-0.8622405,-0.240204,-0.5799266, 0.0634
2.130783,-0.2700371,0,-0.7124085,-0.06519779,0,-0.4002504,0,0,0,0,-0.8670363,-0.2398998,-0.5799212, 0.0634
2.150784,-0.2713048,0,-0.7204338,-0.06386286,0,-0.4009995,0,0,0,0,-0.8718262,-0.2396002,-0.5799133, 0.0634
2.170784,-0.2725455,0,-0.7284734,-0.06252171,0,-0.4017297,0,0,0,0,-0.8766103,-0.2393081,-0.5799078, 0.0634
2.190784,-0.2737592,0,-0.7365273,-0.06117122,0,-0.4024458,0,0,0,0,-0.8813888,-0.2390217,-0.5799012, 0.0634
2.210783,-0.2749457,0,-0.7445951,-0.0598123,0,-0.4031462,0,0,0,0,-0.8861617,-0.2387415,-0.5798946, 0.0634
2.230783,-0.2761046,0,-0.7526766,-0.0584439,0,-0.4038332,0,0,0,0,-0.8909291,-0.2384667,-0.579886, 0.0634
2.250784,-0.2772362,0,-0.7607712,-0.05707234,0,-0.4044995,0,0,0,0,-0.8956913,-0.2382002,-0.5798805, 0.0634
2.270784,-0.27834,0,-0.7688788,-0.05568838,0,-0.4051532,0,0,0,0,-0.9004482,-0.2379387,-0.5798736, 0.0634
2.290783,-0.2794159,0,-0.7769991,-0.05429863,0,-0.4057896,0,0,0,0,-0.9052001,-0.2376841,-0.5798672, 0.0634
2.310783,-0.2804639,0,-0.7851315,-0.05290295,0,-0.4064091,0,0,0,0,-0.9099472,-0.2374364,-0.579861, 0.0634
2.330784,-0.2814839,0,-0.793276,-0.05149932,0,-0.4070138,0,0,0,0,-0.9146894,-0.2371944,-0.5798534, 0.0634
2.350784,-0.2824754,0,-0.8014321,-0.05008741,0,-0.4076023,0,0,0,0,-0.9194269,-0.2369591,-0.5798466, 0.0634
2.370783,-0.2834386,0,-0.8095995,-0.04866925,0,-0.4081731,0,0,0,0,-0.9241599,-0.2367308,-0.579841, 0.0634
2.390783,-0.2843733,0,-0.8177779,-0.04724725,0,-0.4087271,0,0,0,0,-0.9288886,-0.2365091,-0.5798345, 0.0634
2.410784,-0.2852793,0,-0.8259669,-0.04581592,0,-0.4092658,0,0,0,0,-0.933613,-0.2362937,-0.5798278, 0.0634
2.430784,-0.2861566,0,-0.8341662,-0.04437979,0,-0.4097874,0,0,0,0,-0.9383333,-0.236085,-0.5798212, 0.0634
2.450785,-0.2870049,0,-0.8423756,-0.04293705,0,-0.410292,0,0,0,0,-0.9430496,-0.2358832,-0.5798152, 0.0634
2.470783,-0.2878243,0,-0.8505945,-0.04149065,0,-0.41078,0,0,0,0,-0.947762,-0.235688,-0.5798082, 0.0634
2.490784,-0.2886146,0,-0.8588228,-0.04003682,0,-0.4112507,0,0,0,0,-0.9524707,-0.2354997,-0.5798025, 0.0634
2.510784,-0.2893756,0,-0.86706,-0.03857734,0,-0.4117061,0,0,0,0,-0.9571757,-0.2353176,-0.5797949, 0.0634
2.530785,-0.2901074,0,-0.8753058,-0.03711395,0,-0.4121419,0,0,0,0,-0.9618774,-0.2351432,-0.5797902, 0.0634
2.550783,-0.2908098,0,-0.8835599,-0.03564519,0,-0.4125635,0,0,0,0,-0.9665757,-0.2349746,-0.579782, 0.0634
2.570784,-0.2914825,0,-0.8918221,-0.03416957,0,-0.4129678,0,0,0,0,-0.9712709,-0.2348129,-0.579775, 0.0634
2.590784,-0.2921258,0,-0.9000917,-0.03269367,0,-0.4133516,0,0,0,0,-0.975963,-0.2346594,-0.5797708, 0.0634
2.610785,-0.2927393,0,-0.9083686,-0.03120993,0,-0.4137228,0,0,0,0,-0.9806522,-0.2345109,-0.5797619, 0.0634
2.630783,-0.2933231,0,-0.9166525,-0.02972309,0,-0.4140743,0,0,0,0,-0.9853387,-0.2343703,-0.5797557, 0.0634
2.650784,-0.293877,0,-0.9249429,-0.02823228,0,-0.4144089,0,0,0,0,-0.9900225,-0.2342364,-0.5797492, 0.0634
2.670784,-0.2944011,0,-0.9332395,-0.02673882,0,-0.4147254,0,0,0,0,-0.9947038,-0.2341098,-0.5797433, 0.0634
2.690784,-0.2948951,0,-0.941542,-0.02524091,0,-0.4150253,0,0,0,0,-0.9993829,-0.2339899,-0.5797367, 0.0634
2.710783,-0.2953592,0,-0.9498501,-0.02373933,0,-0.4153087,0,0,0,0,-1.00406,-0.2338765,-0.579729, 0.0634
2.730783,-0.295793,0,-0.9581634,-0.02223295,0,-0.4155746,0,0,0,0,-1.008734,-0.2337701,-0.5797218, 0.0634
2.750784,-0.2961968,0,-0.9664814,-0.0207284,0,-0.4158203,0,0,0,0,-1.013407,-0.2336719,-0.5797172, 0.0634
2.770784,-0.2965703,0,-0.9748039,-0.01921777,0,-0.4160501,0,0,0,0,-1.018078,-0.2335799,-0.5797111, 0.0634
2.790783,-0.2969135,0,-0.9831305,-0.01770469,0,-0.4162637,0,0,0,0,-1.022747,-0.2334945,-0.5797033, 0.0634
2.810783,-0.2972264,0,-0.9914609,-0.01619013,0,-0.416459,0,0,0,0,-1.027415,-0.2334164,-0.5796964, 0.0634
2.830784,-0.297509,0,-0.9997948,-0.01467275,0,-0.4166361,0,0,0,0,-1.032082,-0.2333455,-0.5796902, 0.0634
2.850784,-0.2977612,0,-1.008132,-0.01315374,0,-0.4167965,0,0,0,0,-1.036747,-0.2332814,-0.579683, 0.0634
2.870783,-0.2979829,0,-1.016471,-0.01163361,0,-0.4169369,0,0,0,0,-1.041411,-0.2332252,-0.5796787, 0.0634
2.890783,-0.2981743,0,-1.024813,-0.01011116,0,-0.4170631,0,0,0,0,-1.046074,-0.2331748,-0.5796701, 0.0634
2.910784,-0.298335,0,-1.033157,-0.008583912,0,-0.4171717,0,0,0,0,-1.050737,-0.2331313,-0.5796616, 0.0634
2.930784,-0.2984654,0,-1.041503,-0.007064621,0,-0.4172575,0,0,0,0,-1.055399,-0.233097,-0.5796593, 0.0634
2.950783,-0.2985651,0,-1.04985,-0.005535351,0,-0.4173323,0,0,0,0,-1.06006,-0.2330671,-0.5796486, 0.0634
2.970783,-0.2986344,0,-1.058198,-0.004009966,0,-0.417385,0,0,0,0,-1.064721,-0.233046,-0.5796435, 0.0634
2.990784,-0.2986732,0,-1.066546,-0.002484234,0,-0.4174209,0,0,0,0,-1.069381,-0.2330317,-0.5796373, 0.0634
3.010784,-0.2986813,0,-1.074895,-0.0009560494,0,-0.4174388,0,0,0,0,-1.074042,-0.2330245,-0.5796314, 0.0634
3.030783,-0.298659,0,-1.083244,0.0005694095,0,-0.4174403,0,0,0,0,-1.078702,-0.2330239,-0.579624, 0.0634
3.050783,-0.2986062,0,-1.091592,0.002094829,0,-0.4174203,0,0,0,0,-1.083363,-0.2330319,-0.5796215, 0.0634
3.070784,-0.2985228,0,-1.099939,0.00362394,0,-0.4173875,0,0,0,0,-1.088024,-0.233045,-0.5796124, 0.0634
3.090784,-0.2984089,0,-1.108286,0.005148501,0,-0.4173341,0,0,0,0,-1.092686,-0.2330664,-0.5796074, 0.0634
3.110783,-0.2982644,0,-1.11663,0.006676514,0,-0.4172669,0,0,0,0,-1.097348,-0.2330932,-0.5795968, 0.0634
3.130783,-0.2980895,0,-1.124973,0.008200443,0,-0.4171783,0,0,0,0,-1.102011,-0.2331287,-0.5795916, 0.0634
3.150784,-0.2978841,0,-1.133314,0.009722528,0,-0.4170718,0,0,0,0,-1.106674,-0.2331713,-0.5795867, 0.0634
3.170784,-0.2976484,0,-1.141652,0.01124305,0,-0.4169494,0,0,0,0,-1.111339,-0.2332203,-0.5795795, 0.0634
3.190783,-0.2973822,0,-1.149987,0.01276554,0,-0.4168093,0,0,0,0,-1.116005,-0.2332763,-0.579572, 0.0634
3.210783,-0.2970858,0,-1.158318,0.01428137,0,-0.4166492,0,0,0,0,-1.120672,-0.2333403,-0.5795683, 0.0634
3.230783,-0.2967588,0,-1.166646,0.01580277,0,-0.4164755,0,0,0,0,-1.125341,-0.2334098,-0.5795581, 0.0634
3.250784,-0.2964017,0,-1.17497,0.01731264,0,-0.4162803,0,0,0,0,-1.130012,-0.2334879,-0.5795547, 0.0634
3.270784,-0.2960144,0,-1.18329,0.01882629,0,-0.4160715,0,0,0,0,-1.134684,-0.2335714,-0.579545, 0.0634
3.290783,-0.2955969,0,-1.191605,0.02033474,0,-0.4158411,0,0,0,0,-1.139358,-0.2336636,-0.5795413, 0.0634
3.310783,-0.2951493,0,-1.199915,0.02184246,0,-0.4155964,0,0,0,0,-1.144034,-0.2337615,-0.579533, 0.0634
3.330784,-0.2946717,0,-1.20822,0.02334642,0,-0.415334,0,0,0,0,-1.148712,-0.2338664,-0.5795251, 0.0634
3.350784,-0.2941639,0,-1.216519,0.02484815,0,-0.4150524,0,0,0,0,-1.153392,-0.2339791,-0.5795193, 0.0634
3.370783,-0.2936264,0,-1.224812,0.02634139,0,-0.4147525,0,0,0,0,-1.158075,-0.234099,-0.5795161, 0.0634
3.390783,-0.2930589,0,-1.233098,0.02783858,0,-0.4144383,0,0,0,0,-1.16276,-0.2342247,-0.5795069, 0.0634
3.410784,-0.2924619,0,-1.241377,0.02932454,0,-0.4141047,0,0,0,0,-1.167449,-0.2343582,-0.5795026, 0.0634
3.430784,-0.2918349,0,-1.24965,0.03081391,0,-0.4137554,0,0,0,0,-1.17214,-0.2344979,-0.5794941, 0.0634
3.450783,-0.2911785,0,-1.257915,0.03229345,0,-0.4133886,0,0,0,0,-1.176834,-0.2346446,-0.5794878, 0.0634
3.470783,-0.2904925,0,-1.266172,0.03377046,0,-0.413003,0,0,0,0,-1.181531,-0.2347988,-0.579483, 0.0634
3.490784,-0.2897771,0,-1.274421,0.03524493,0,-0.412604,0,0,0,0,-1.186231,-0.2349584,-0.5794725, 0.0634
3.510784,-0.2890325,0,-1.282662,0.03670983,0,-0.4121848,0,0,0,0,-1.190935,-0.2351261,-0.5794681, 0.0634
3.530783,-0.2882585,0,-1.290893,0.03817623,0,-0.4117487,0,0,0,0,-1.195642,-0.2353006,-0.5794612, 0.0634
3.550783,-0.2874555,0,-1.299116,0.03963076,0,-0.4112974,0,0,0,0,-1.200353,-0.2354811,-0.5794546, 0.0634
3.570784,-0.2866234,0,-1.307329,0.04108616,0,-0.4108274,0,0,0,0,-1.205068,-0.2356691,-0.5794479, 0.0634
3.590784,-0.2857625,0,-1.315532,0.04252864,0,-0.4103417,0,0,0,0,-1.209787,-0.2358634,-0.5794428, 0.0634
3.610783,-0.2848728,0,-1.323725,0.04397304,0,-0.4098403,0,0,0,0,-1.214509,-0.2360639,-0.5794331, 0.0634
3.630783,-0.2839544,0,-1.331908,0.0454075,0,-0.4093205,0,0,0,0,-1.219236,-0.2362718,-0.5794274, 0.0634
3.650784,-0.2830075,0,-1.34008,0.04683579,0,-0.4087839,0,0,0,0,-1.223968,-0.2364865,-0.5794221, 0.0634
3.670784,-0.2820322,0,-1.34824,0.04825832,0,-0.4082321,0,0,0,0,-1.228704,-0.2367072,-0.5794147, 0.0634
3.690783,-0.2810286,0,-1.356389,0.04967368,0,-0.4076626,0,0,0,0,-1.233444,-0.236935,-0.5794093, 0.0634
3.710783,-0.279997,0,-1.364526,0.05108225,0,-0.4070775,0,0,0,0,-1.238189,-0.237169,-0.579403, 0.0634
3.730783,-0.2789373,0,-1.372651,0.05248524,0,-0.4064761,0,0,0,0,-1.242939,-0.2374096,-0.5793961, 0.0634
3.750784,-0.2778497,0,-1.380764,0.05388229,0,-0.4058591,0,0,0,0,-1.247694,-0.2376564,-0.5793877, 0.0634
3.770782,-0.2767345,0,-1.388864,0.05526768,0,-0.4052233,0,0,0,0,-1.252454,-0.2379107,-0.5793851, 0.0634
3.790783,-0.2755916,0,-1.396951,0.05665139,0,-0.404578,0,0,0,0,-1.257219,-0.2381688,-0.5793712, 0.0634
3.810783,-0.2744214,0,-1.405024,0.05802151,0,-0.4039079,0,0,0,0,-1.26199,-0.2384369,-0.5793715, 0.0634
3.830784,-0.273224,0,-1.413083,0.05938663,0,-0.4032283,0,0,0,0,-1.266766,-0.2387087,-0.5793626, 0.0634
3.850782,-0.2719994,0,-1.421129,0.06074497,0,-0.4025297,0,0,0,0,-1.271548,-0.2389881,-0.5793566, 0.0634
3.870783,-0.2707481,0,-1.42916,0.06209162,0,-0.4018183,0,0,0,0,-1.276336,-0.2392727,-0.5793495, 0.0634
3.890783,-0.2694699,0,-1.437176,0.06343357,0,-0.4010881,0,0,0,0,-1.281129,-0.2395648,-0.5793439, 0.0634
3.910784,-0.2681651,0,-1.445178,0.06476482,0,-0.4003458,0,0,0,0,-1.285928,-0.2398617,-0.5793357, 0.0634
3.930782,-0.2668339,0,-1.453164,0.06608877,0,-0.3995846,0,0,0,0,-1.290734,-0.2401662,-0.5793307, 0.0634
3.950783,-0.2654766,0,-1.461134,0.06740218,0,-0.3988112,0,0,0,0,-1.295546,-0.2404756,-0.5793232, 0.0634
3.970783,-0.2640931,0,-1.469089,0.06870907,0,-0.3980206,0,0,0,0,-1.300364,-0.2407918,-0.5793163, 0.0634
3.990784,-0.2626839,0,-1.477028,0.0700026,0,-0.3972179,0,0,0,0,-1.305189,-0.2411129,-0.5793089, 0.0634
4.010784,-0.2612489,0,-1.484949,0.07129137,0,-0.3963957,0,0,0,0,-1.31002,-0.2414418,-0.5793033, 0.0634
4.030783,-0.2597885,0,-1.492855,0.07256433,0,-0.3955618,0,0,0,0,-1.314858,-0.2417753,-0.5792988, 0.0634
4.050783,-0.2583028,0,-1.500743,0.0738341,0,-0.3947124,0,0,0,0,-1.319703,-0.2421151,-0.5792902, 0.0634
4.070784,-0.2567922,0,-1.508613,0.07508908,0,-0.3938483,0,0,0,0,-1.324554,-0.2424607,-0.5792854, 0.0634
4.090784,-0.2552565,0,-1.516466,0.07633741,0,-0.3929698,0,0,0,0,-1.329413,-0.2428121,-0.5792778, 0.0634
4.110783,-0.2536964,0,-1.524301,0.07757187,0,-0.3920773,0,0,0,0,-1.334279,-0.2431691,-0.5792726, 0.0634
4.130783,-0.2521116,0,-1.532118,0.07880076,0,-0.391169,0,0,0,0,-1.339152,-0.2435325,-0.5792652, 0.0634
4.150784,-0.2505027,0,-1.539916,0.08001444,0,-0.3902484,0,0,0,0,-1.344033,-0.2439007,-0.5792596, 0.0634
4.170784,-0.2488698,0,-1.547696,0.08121829,0,-0.3893137,0,0,0,0,-1.348921,-0.2442746,-0.5792533, 0.0634
4.190783,-0.247213,0,-1.555456,0.08241595,0,-0.388364,0,0,0,0,-1.353817,-0.2446544,-0.5792443, 0.0634
4.210783,-0.2455327,0,-1.563197,0.08359563,0,-0.3874007,0,0,0,0,-1.358721,-0.2450398,-0.5792409, 0.0634
4.230783,-0.243829,0,-1.570919,0.08476868,0,-0.3864262,0,0,0,0,-1.363632,-0.2454296,-0.579231, 0.0634
4.250784,-0.2421023,0,-1.57862,0.08592632,0,-0.3854361,0,0,0,0,-1.368552,-0.2458256,-0.5792267, 0.0634
4.270782,-0.2403526,0,-1.586301,0.08707792,0,-0.3844323,0,0,0,0,-1.373479,-0.2462271,-0.579218, 0.0634
4.290783,-0.2385803,0,-1.593962,0.08821245,0,-0.3834147,0,0,0,0,-1.378415,-0.2466342,-0.5792146, 0.0634
4.310783,-0.2367856,0,-1.601603,0.08933852,0,-0.3823861,0,0,0,0,-1.383359,-0.2470456,-0.579206, 0.0634
4.330784,-0.2349687,0,-1.609222,0.09045021,0,-0.3813443,0,0,0,0,-1.388311,-0.2474623,-0.5791999, 0.0634
4.350782,-0.2331299,0,-1.61682,0.09155197,0,-0.3802887,0,0,0,0,-1.393272,-0.2478845,-0.5791926, 0.0634
4.370783,-0.2312694,0,-1.624397,0.09264098,0,-0.3792213,0,0,0,0,-1.398241,-0.2483115,-0.5791851, 0.0634
4.390783,-0.2293875,0,-1.631952,0.09371562,0,-0.3781406,0,0,0,0,-1.403219,-0.2487438,-0.5791799, 0.0634
4.410784,-0.2274844,0,-1.639485,0.09477834,0,-0.3770464,0,0,0,0,-1.408206,-0.2491815,-0.5791752, 0.0634
4.430782,-0.2255604,0,-1.646996,0.09582992,0,-0.3759429,0,0,0,0,-1.413202,-0.2496229,-0.5791662, 0.0634
4.450783,-0.2236157,0,-1.654484,0.09686702,0,-0.3748259,0,0,0,0,-1.418206,-0.2500697,-0.5791602, 0.0634
4.470783,-0.2216507,0,-1.66195,0.09789157,0,-0.3736963,0,0,0,0,-1.42322,-0.2505215,-0.5791542, 0.0634
4.490784,-0.2196655,0,-1.669393,0.09890366,0,-0.3725552,0,0,0,0,-1.428243,-0.2509779,-0.5791473, 0.0634
4.510782,-0.2176604,0,-1.676812,0.0999008,0,-0.3714028,0,0,0,0,-1.433275,-0.2514389,-0.5791418, 0.0634
4.530783,-0.2156358,0,-1.684209,0.1008855,0,-0.3702396,0,0,0,0,-1.438316,-0.2519042,-0.5791346, 0.0634
4.550783,-0.2135918,0,-1.691581,0.101857,0,-0.3690642,0,0,0,0,-1.443367,-0.2523744,-0.579128, 0.0634
4.570784,-0.2115287,0,-1.69893,0.102815,0,-0.3678784,0,0,0,0,-1.448428,-0.2528487,-0.5791205, 0.0634
4.590782,-0.2094469,0,-1.706255,0.1037587,0,-0.3666807,0,0,0,0,-1.453498,-0.2533277,-0.5791141, 0.0634
4.610783,-0.2073466,0,-1.713556,0.1046878,0,-0.3654728,0,0,0,0,-1.458577,-0.2538109,-0.5791081, 0.0634
4.630783,-0.2052281,0,-1.720832,0.1056029,0,-0.3642553,0,0,0,0,-1.463667,-0.2542979,-0.579101, 0.0634
4.650784,-0.2030917,0,-1.728084,0.1065049,0,-0.3630247,0,0,0,0,-1.468766,-0.2547901,-0.5790949, 0.0634
4.670782,-0.2009376,0,-1.735311,0.1073913,0,-0.3617851,0,0,0,0,-1.473876,-0.255286,-0.5790892, 0.0634
4.690783,-0.1987662,0,-1.742512,0.1082641,0,-0.3605351,0,0,0,0,-1.478995,-0.255786,-0.5790826, 0.0634
4.710783,-0.1965777,0,-1.749689,0.1091223,0,-0.3592755,0,0,0,0,-1.484124,-0.2562898,-0.5790758, 0.0634
4.730783,-0.1943725,0,-1.75684,0.1099652,0,-0.3580061,0,0,0,0,-1.489264,-0.2567976,-0.5790697, 0.0634
4.750782,-0.1921508,0,-1.763965,0.1107952,0,-0.3567272,0,0,0,0,-1.494414,-0.2573092,-0.5790613, 0.0634
4.770782,-0.1899129,0,-1.771064,0.1116082,0,-0.3554402,0,0,0,0,-1.499574,-0.257824,-0.5790544, 0.0634
4.790783,-0.1876592,0,-1.778138,0.1124068,0,-0.3541413,0,0,0,0,-1.504745,-0.2583435,-0.5790487, 0.0634
4.810783,-0.1853899,0,-1.785185,0.1131906,0,-0.3528334,0,0,0,0,-1.509926,-0.2588667,-0.5790425, 0.0634
4.830784,-0.1831054,0,-1.792206,0.1139588,0,-0.3515171,0,0,0,0,-1.515117,-0.2593932,-0.5790364, 0.0634
4.850782,-0.1808058,0,-1.7992,0.1147125,0,-0.3501931,0,0,0,0,-1.52032,-0.2599228,-0.5790285, 0.0634
4.870783,-0.1784917,0,-1.806168,0.115448,0,-0.3488581,0,0,0,0,-1.525533,-0.2604568,-0.5790256, 0.0634
4.890783,-0.1761632,0,-1.813108,0.116173,0,-0.3475165,0,0,0,0,-1.530756,-0.2609935,-0.5790156, 0.0634
4.910784,-0.1738207,0,-1.820022,0.1168785,0,-0.3461678,0,0,0,0,-1.535991,-0.261533,-0.5790095, 0.0634
4.930782,-0.1714645,0,-1.826908,0.1175691,0,-0.3448094,0,0,0,0,-1.541237,-0.2620763,-0.5790034, 0.0634
4.950783,-0.1690949,0,-1.833768,0.1182451,0,-0.3434432,0,0,0,0,-1.546493,-0.2626228,-0.5789959, 0.0634
4.970783,-0.1667123,0,-1.840599,0.1189024,0,-0.3420691,0,0,0,0,-1.55176,-0.2631725,-0.5789919, 0.0634
4.990784,-0.1643169,0,-1.847403,0.1195464,0,-0.3406865,0,0,0,0,-1.557039,-0.2637255,-0.5789851, 0.0634
5.010782,-0.161909,0,-1.854179,0.1201748,0,-0.3392995,0,0,0,0,-1.562328,-0.2642803,-0.5789763, 0.0634
5.030783,-0.1594891,0,-1.860927,0.1207847,0,-0.3379041,0,0,0,0,-1.567629,-0.2648385,-0.578971, 0.0634
5.050783,-0.1570574,0,-1.867647,0.1213799,0,-0.3365003,0,0,0,0,-1.572941,-0.2654,-0.5789645, 0.0634
5.070784,-0.1546142,0,-1.874338,0.1219583,0,-0.3350918,0,0,0,0,-1.578264,-0.2659634,-0.5789579, 0.0634
5.090782,-0.1521599,0,-1.881002,0.1225205,0,-0.3336753,0,0,0,0,-1.583599,-0.26653,-0.5789515, 0.0634
5.110783,-0.1496948,0,-1.887636,0.1230669,0,-0.3322518,0,0,0,0,-1.588945,-0.2670994,-0.5789446, 0.0634
5.130783,-0.1472192,0,-1.894243,0.1235944,0,-0.3308247,0,0,0,0,-1.594303,-0.2676702,-0.5789396, 0.0634
5.150784,-0.1447336,0,-1.90082,0.1241075,0,-0.3293905,0,0,0,0,-1.599672,-0.2682439,-0.5789323, 0.0634
5.170782,-0.1422381,0,-1.907369,0.1246043,0,-0.3279485,0,0,0,0,-1.605052,-0.2688206,-0.5789254, 0.0634
5.190783,-0.1397331,0,-1.913888,0.1250841,0,-0.326504,0,0,0,0,-1.610444,-0.2693985,-0.5789175, 0.0634
5.210783,-0.137219,0,-1.920379,0.1255458,0,-0.3250528,0,0,0,0,-1.615848,-0.269979,-0.578912, 0.0634
5.230783,-0.1346961,0,-1.92684,0.1259913,0,-0.3235953,0,0,0,0,-1.621264,-0.270562,-0.5789058, 0.0634
5.250782,-0.1321648,0,-1.933272,0.1264196,0,-0.3221346,0,0,0,0,-1.626691,-0.2711463,-0.5788995, 0.0634
5.270782,-0.1296254,0,-1.939675,0.1268313,0,-0.3206674,0,0,0,0,-1.63213,-0.2717331,-0.5788933, 0.0634
5.290783,-0.1270781,0,-1.946048,0.1272272,0,-0.3191958,0,0,0,0,-1.63758,-0.2723218,-0.5788854, 0.0634
5.310783,-0.1245235,0,-1.952392,0.1276032,0,-0.317722,0,0,0,0,-1.643043,-0.2729113,-0.5788804, 0.0634
5.330782,-0.1219617,0,-1.958706,0.1279663,0,-0.3162391,0,0,0,0,-1.648517,-0.2735044,-0.5788715, 0.0634
5.350782,-0.1193933,0,-1.964991,0.1283077,0,-0.3147577,0,0,0,0,-1.654003,-0.274097,-0.578867, 0.0634
5.370783,-0.1168184,0,-1.971246,0.1286351,0,-0.3132691,0,0,0,0,-1.659501,-0.2746924,-0.5788591, 0.0634
5.390783,-0.1142375,0,-1.977471,0.1289424,0,-0.3117766,0,0,0,0,-1.665011,-0.2752895,-0.578855, 0.0634
5.410782,-0.1116508,0,-1.983665,0.1292349,0,-0.3102837,0,0,0,0,-1.670533,-0.2758867,-0.5788468, 0.0634
5.430782,-0.1090588,0,-1.98983,0.129509,0,-0.3087851,0,0,0,0,-1.676067,-0.2764861,-0.5788407, 0.0634
5.450783,-0.1064618,0,-1.995965,0.1297662,0,-0.3072827,0,0,0,0,-1.681614,-0.2770871,-0.5788341, 0.0634
5.470783,-0.1038601,0,-2.00207,0.1300051,0,-0.3057811,0,0,0,0,-1.687172,-0.2776877,-0.578828, 0.0634
5.490782,-0.1012541,0,-2.008145,0.1302288,0,-0.3042726,0,0,0,0,-1.692742,-0.2782911,-0.5788196, 0.0634
5.510782,-0.09864412,0,-2.014189,0.1304326,0,-0.3027636,0,0,0,0,-1.698324,-0.2788948,-0.5788143, 0.0634
5.530783,-0.09603053,0,-2.020203,0.1306194,0,-0.3012525,0,0,0,0,-1.703918,-0.2794992,-0.5788083, 0.0634
5.550783,-0.09341364,0,-2.026187,0.1307903,0,-0.2997416,0,0,0,0,-1.709525,-0.2801035,-0.5787997, 0.0634
5.570782,-0.09079391,0,-2.032141,0.1309406,0,-0.2982255,0,0,0,0,-1.715143,-0.28071,-0.5787957, 0.0634
5.590782,-0.08817157,0,-2.038064,0.1310756,0,-0.2967086,0,0,0,0,-1.720774,-0.2813167,-0.5787887, 0.0634
5.610783,-0.08554703,0,-2.043957,0.1311934,0,-0.2951909,0,0,0,0,-1.726417,-0.2819238,-0.578781, 0.0634
5.630783,-0.0829206,0,-2.04982,0.1312929,0,-0.293671,0,0,0,0,-1.732072,-0.2825318,-0.5787744, 0.0634
5.650784,-0.08029264,0,-2.055652,0.131375,0,-0.2921512,0,0,0,0,-1.737739,-0.2831397,-0.5787675, 0.0634
5.670782,-0.07766356,0,-2.061454,0.1314386,0,-0.2906279,0,0,0,0,-1.743418,-0.283749,-0.578762, 0.0634
5.690783,-0.07503369,0,-2.067225,0.1314839,0,-0.289106,0,0,0,0,-1.74911,-0.2843578,-0.5787572, 0.0634
5.710783,-0.07240334,0,-2.072965,0.1315145,0,-0.287584,0,0,0,0,-1.754813,-0.2849666,-0.5787485, 0.0634
5.730783,-0.0697729,0,-2.078676,0.1315256,0,-0.2860642,0,0,0,0,-1.760529,-0.2855745,-0.5787422, 0.0634
5.750782,-0.06714273,0,-2.084356,0.1315187,0,-0.2845421,0,0,0,0,-1.766257,-0.2861833,-0.5787365, 0.0634
5.770782,-0.06451312,0,-2.090005,0.1314956,0,-0.2830167,0,0,0,0,-1.771998,-0.2867935,-0.578729, 0.0634
5.790783,-0.0618845,0,-2.095624,0.131454,0,-0.2814977,0,0,0,0,-1.77775,-0.2874011,-0.5787227, 0.0634
5.810783,-0.05925719,0,-2.101213,0.1313946,0,-0.2799768,0,0,0,0,-1.783514,-0.2880094,-0.5787166, 0.0634
5.830784,-0.05663151,0,-2.106771,0.1313177,0,-0.2784533,0,0,0,0,-1.789291,-0.2886188,-0.5787101, 0.0634
5.850784,-0.05400786,0,-2.112299,0.1312242,0,-0.2769343,0,0,0,0,-1.79508,-0.2892264,-0.5787025, 0.0634
5.870781,-0.05138659,0,-2.117796,0.1311118,0,-0.2754188,0,0,0,0,-1.800881,-0.2898326,-0.5786969, 0.0634
5.890781,-0.04876799,0,-2.123263,0.1309823,0,-0.2739011,0,0,0,0,-1.806694,-0.2904397,-0.5786904, 0.0634
5.910782,-0.0461525,0,-2.1287,0.130835,0,-0.272389,0,0,0,0,-1.812519,-0.2910445,-0.5786847, 0.0634
5.930782,-0.04354038,0,-2.134107,0.1306719,0,-0.27087,0,0,0,0,-1.818357,-0.2916521,-0.5786753, 0.0634
5.950783,-0.04093207,0,-2.139483,0.1304877,0,-0.2693642,0,0,0,0,-1.824206,-0.2922544,-0.5786728, 0.0634
5.970783,-0.03832787,0,-2.14483,0.1302895,0,-0.2678524,0,0,0,0,-1.830068,-0.2928591,-0.5786639, 0.0634
5.990784,-0.0357281,0,-2.150146,0.1300728,0,-0.2663451,0,0,0,0,-1.835941,-0.2934621,-0.578657, 0.0634
6.010784,-0.03313317,0,-2.155432,0.1298379,0,-0.2648441,0,0,0,0,-1.841827,-0.2940624,-0.5786519, 0.0634
6.030781,-0.03054338,0,-2.160688,0.1295871,0,-0.2633395,0,0,0,0,-1.847724,-0.2946643,-0.5786434, 0.0634
6.050781,-0.02795914,0,-2.165914,0.1293164,0,-0.2618448,0,0,0,0,-1.853634,-0.2952622,-0.5786398, 0.0634
6.070782,-0.02538069,0,-2.171111,0.1290309,0,-0.2603514,0,0,0,0,-1.859555,-0.2958595,-0.5786325, 0.0634
6.090782,-0.02280847,0,-2.176277,0.1287273,0,-0.2588544,0,0,0,0,-1.865489,-0.2964583,-0.5786244, 0.0634
6.110783,-0.02024277,0,-2.181414,0.1284068,0,-0.2573716,0,0,0,0,-1.871434,-0.2970514,-0.5786188, 0.0634
6.130783,-0.01768396,0,-2.186521,0.1280686,0,-0.2558847,0,0,0,0,-1.877391,-0.2976462,-0.5786116, 0.0634
6.150784,-0.01513239,0,-2.191598,0.127713,0,-0.2544072,0,0,0,0,-1.88336,-0.2982372,-0.5786062, 0.0634
6.170784,-0.01258836,0,-2.196646,0.1273415,0,-0.252931,0,0,0,0,-1.889341,-0.2988277,-0.5785984, 0.0634
6.190781,-0.01005226,0,-2.201665,0.126952,0,-0.2514594,0,0,0,0,-1.895333,-0.2994163,-0.578592, 0.0634
6.210781,-0.007524403,0,-2.206655,0.1265457,0,-0.2499923,0,0,0,0,-1.901338,-0.3000032,-0.5785851, 0.0634
6.230782,-0.005005135,0,-2.211615,0.1261218,0,-0.2485327,0,0,0,0,-1.907354,-0.300587,-0.5785802, 0.0634
6.250782,-0.002494779,0,-2.216546,0.1256823,0,-0.2470753,0,0,0,0,-1.913381,-0.30117,-0.5785725, 0.0634
6.270782,6.303424E-06,0,-2.221448,0.1252256,0,-0.2456231,0,0,0,0,-1.91942,-0.3017508,-0.5785654, 0.0634
6.290783,0.002497802,0,-2.226321,0.1247512,0,-0.2441795,0,0,0,0,-1.925471,-0.3023283,-0.5785608, 0.0634
6.310783,0.004979379,0,-2.231166,0.1242611,0,-0.2427381,0,0,0,0,-1.931533,-0.3029049,-0.5785534, 0.0634
6.330784,0.00745069,0,-2.235982,0.1237541,0,-0.2413031,0,0,0,0,-1.937607,-0.3034789,-0.5785466, 0.0634
6.35078,0.009911409,0,-2.240769,0.1232307,0,-0.2398763,0,0,0,0,-1.943692,-0.3040496,-0.5785407, 0.0634
6.370781,0.01236122,0,-2.245528,0.1226904,0,-0.2384531,0,0,0,0,-1.949788,-0.3046189,-0.5785341, 0.0634
6.390781,0.01479978,0,-2.250259,0.1221343,0,-0.237039,0,0,0,0,-1.955896,-0.3051845,-0.5785281, 0.0634
6.410782,0.01722677,0,-2.254961,0.1215618,0,-0.2356282,0,0,0,0,-1.962015,-0.3057489,-0.5785205, 0.0634
6.430782,0.01964187,0,-2.259636,0.1209724,0,-0.2342248,0,0,0,0,-1.968145,-0.3063102,-0.5785141, 0.0634
6.450783,0.02204475,0,-2.264282,0.1203676,0,-0.2328307,0,0,0,0,-1.974287,-0.3068679,-0.5785078, 0.0634
6.470783,0.02443509,0,-2.268901,0.1197461,0,-0.2314414,0,0,0,0,-1.980439,-0.3074236,-0.5785011, 0.0634
6.490784,0.02681254,0,-2.273493,0.1191082,0,-0.2300586,0,0,0,0,-1.986602,-0.3079767,-0.5784945, 0.0634
6.510784,0.02917686,0,-2.278057,0.1184561,0,-0.2286898,0,0,0,0,-1.992777,-0.3085243,-0.5784895, 0.0634
6.530781,0.03152767,0,-2.282593,0.1177865,0,-0.2273192,0,0,0,0,-1.998962,-0.3090725,-0.5784808, 0.0634
6.550781,0.03386466,0,-2.287103,0.1171018,0,-0.2259628,0,0,0,0,-2.005158,-0.309615,-0.5784753, 0.0634
6.570782,0.03618757,0,-2.291586,0.1164019,0,-0.2246139,0,0,0,0,-2.011365,-0.3101546,-0.5784689, 0.0634
6.590782,0.03849601,0,-2.296041,0.1156846,0,-0.2232712,0,0,0,0,-2.017583,-0.3106917,-0.5784634, 0.0634
6.610783,0.04078972,0,-2.300471,0.1149541,0,-0.221939,0,0,0,0,-2.023811,-0.3112246,-0.5784566, 0.0634
6.630783,0.04306838,0,-2.304874,0.114207,0,-0.2206126,0,0,0,0,-2.03005,-0.3117551,-0.5784494, 0.0634
6.650784,0.04533167,0,-2.30925,0.1134441,0,-0.2192954,0,0,0,0,-2.0363,-0.312282,-0.5784432, 0.0634
6.670784,0.04757936,0,-2.313601,0.1126683,0,-0.2179922,0,0,0,0,-2.042559,-0.3128033,-0.5784378, 0.0634
6.690781,0.04981107,0,-2.317925,0.1118756,0,-0.2166892,0,0,0,0,-2.04883,-0.3133245,-0.5784283, 0.0634
6.710781,0.05202652,0,-2.322224,0.1110681,0,-0.2154022,0,0,0,0,-2.05511,-0.3138393,-0.5784234, 0.0634
6.730782,0.05422541,0,-2.326497,0.1102456,0,-0.214121,0,0,0,0,-2.061401,-0.3143518,-0.578416, 0.0634
6.750782,0.0564075,0,-2.330745,0.1094098,0,-0.2128558,0,0,0,0,-2.067701,-0.3148578,-0.5784117, 0.0634
6.770782,0.05857243,0,-2.334968,0.1085577,0,-0.2115906,0,0,0,0,-2.074012,-0.3153639,-0.5784019, 0.0634
6.790783,0.06071994,0,-2.339166,0.107692,0,-0.2103457,0,0,0,0,-2.080333,-0.3158619,-0.5783991, 0.0634
6.810783,0.06284977,0,-2.34334,0.1068119,0,-0.2091035,0,0,0,0,-2.086664,-0.3163587,-0.5783905, 0.0634
6.830784,0.06496156,0,-2.347488,0.1059168,0,-0.2078722,0,0,0,0,-2.093004,-0.3168513,-0.5783833, 0.0634
6.85078,0.06705511,0,-2.351613,0.1050085,0,-0.2066545,0,0,0,0,-2.099355,-0.3173384,-0.5783775, 0.0634
6.870781,0.06913011,0,-2.355713,0.104086,0,-0.2054468,0,0,0,0,-2.105714,-0.3178214,-0.5783713, 0.0634
6.890781,0.07118624,0,-2.35979,0.1031484,0,-0.2042476,0,0,0,0,-2.112084,-0.3183011,-0.5783646, 0.0634
6.910782,0.07322329,0,-2.363842,0.1021988,0,-0.2030617,0,0,0,0,-2.118463,-0.3187755,-0.578358, 0.0634
6.930782,0.07524095,0,-2.367872,0.1012344,0,-0.2018839,0,0,0,0,-2.124851,-0.3192466,-0.5783501, 0.0634
6.950783,0.07723898,0,-2.371878,0.1002569,0,-0.2007206,0,0,0,0,-2.131248,-0.3197119,-0.5783443, 0.0634
6.970783,0.0792171,0,-2.375861,0.09926611,0,-0.1995689,0,0,0,0,-2.137655,-0.3201726,-0.5783389, 0.0634
6.990784,0.08117504,0,-2.379822,0.09826232,0,-0.1984283,0,0,0,0,-2.144071,-0.3206288,-0.5783328, 0.0634
7.01078,0.08311254,0,-2.38376,0.09724446,0,-0.1972966,0,0,0,0,-2.150496,-0.3210815,-0.5783251, 0.0634
7.030781,0.08502935,0,-2.387676,0.09621464,0,-0.1961795,0,0,0,0,-2.156929,-0.3215283,-0.5783188, 0.0634
7.050781,0.08692518,0,-2.391569,0.09517085,0,-0.1950716,0,0,0,0,-2.163372,-0.3219715,-0.5783111, 0.0634
7.070782,0.0887998,0,-2.395441,0.09411537,0,-0.1939789,0,0,0,0,-2.169823,-0.3224086,-0.5783052, 0.0634
7.090782,0.09065299,0,-2.399291,0.09304719,0,-0.1928984,0,0,0,0,-2.176283,-0.3228408,-0.5782993, 0.0634
7.110783,0.09248449,0,-2.40312,0.09196673,0,-0.1918298,0,0,0,0,-2.182752,-0.3232682,-0.5782929, 0.0634
7.130783,0.09429403,0,-2.406928,0.09087387,0,-0.1907749,0,0,0,0,-2.189229,-0.3236902,-0.5782875, 0.0634
7.150784,0.09608139,0,-2.410716,0.08976885,0,-0.189732,0,0,0,0,-2.195714,-0.3241073,-0.5782816, 0.0634
7.17078,0.09784631,0,-2.414482,0.0886512,0,-0.1886989,0,0,0,0,-2.202207,-0.3245206,-0.5782732, 0.0634
7.190781,0.09958856,0,-2.418229,0.08752159,0,-0.187679,0,0,0,0,-2.208708,-0.3249285,-0.5782651, 0.0634
7.210781,0.1013079,0,-2.421955,0.086382,0,-0.1866779,0,0,0,0,-2.215218,-0.3253289,-0.5782612, 0.0634
7.230782,0.1030042,0,-2.425662,0.08522927,0,-0.1856846,0,0,0,0,-2.221735,-0.3257263,-0.5782531, 0.0634
7.250782,0.1046771,0,-2.429349,0.08406594,0,-0.1847073,0,0,0,0,-2.22826,-0.3261172,-0.5782471, 0.0634
7.270782,0.1063264,0,-2.433017,0.08289135,0,-0.1837436,0,0,0,0,-2.234793,-0.3265027,-0.5782411, 0.0634
7.290783,0.1079519,0,-2.436666,0.08170605,0,-0.1827935,0,0,0,0,-2.241333,-0.3268827,-0.5782348, 0.0634
7.310783,0.1095534,0,-2.440297,0.08050852,0,-0.1818542,0,0,0,0,-2.247881,-0.3272585,-0.5782264, 0.0634
7.330784,0.1111307,0,-2.443909,0.07930227,0,-0.1809351,0,0,0,0,-2.254436,-0.3276261,-0.5782232, 0.0634
7.35078,0.1126836,0,-2.447503,0.07808384,0,-0.1800234,0,0,0,0,-2.260998,-0.3279908,-0.578214, 0.0634
7.370781,0.1142118,0,-2.451079,0.07685562,0,-0.1791293,0,0,0,0,-2.267568,-0.3283484,-0.5782081, 0.0634
7.390781,0.1157152,0,-2.454638,0.07561692,0,-0.1782494,0,0,0,0,-2.274144,-0.3287004,-0.5782022, 0.0634
7.410782,0.1171935,0,-2.45818,0.07436771,0,-0.177381,0,0,0,0,-2.280728,-0.3290477,-0.5781936, 0.0634
7.430782,0.1186466,0,-2.461704,0.07311043,0,-0.1765328,0,0,0,0,-2.287318,-0.329387,-0.5781898, 0.0634
7.450783,0.1200743,0,-2.465212,0.07184114,0,-0.1756935,0,0,0,0,-2.293915,-0.3297227,-0.5781814, 0.0634
7.470783,0.1214763,0,-2.468704,0.07056456,0,-0.1748745,0,0,0,0,-2.300518,-0.3300503,-0.5781776, 0.0634
7.490784,0.1228526,0,-2.47218,0.06927541,0,-0.174062,0,0,0,0,-2.307128,-0.3303754,-0.5781664, 0.0634
7.51078,0.1242028,0,-2.47564,0.06798154,0,-0.1732755,0,0,0,0,-2.313744,-0.33069,-0.5781649, 0.0634
7.530781,0.1255269,0,-2.479084,0.06667463,0,-0.172496,0,0,0,0,-2.320366,-0.3310018,-0.5781569, 0.0634
7.550781,0.1268246,0,-2.482513,0.06536181,0,-0.1717371,0,0,0,0,-2.326994,-0.3313053,-0.5781531, 0.0634
7.570782,0.1280959,0,-2.485928,0.06403769,0,-0.1709874,0,0,0,0,-2.333629,-0.3316052,-0.578144, 0.0634
7.590782,0.1293403,0,-2.489328,0.06270474,0,-0.1702533,0,0,0,0,-2.340269,-0.3318989,-0.5781353, 0.0634
7.610783,0.130558,0,-2.492714,0.06136681,0,-0.1695406,0,0,0,0,-2.346914,-0.3321839,-0.5781315, 0.0634
7.630783,0.1317486,0,-2.496086,0.06001839,0,-0.1688406,0,0,0,0,-2.353565,-0.3324639,-0.5781258, 0.0634
7.650784,0.1329121,0,-2.499444,0.05866133,0,-0.1681527,0,0,0,0,-2.360222,-0.3327391,-0.5781161, 0.0634
7.67078,0.1340482,0,-2.502789,0.05729657,0,-0.1674813,0,0,0,0,-2.366884,-0.3330076,-0.5781074, 0.0634
7.690781,0.1351569,0,-2.506121,0.05592774,0,-0.1668338,0,0,0,0,-2.373551,-0.3332666,-0.5781063, 0.0634
7.710781,0.1362379,0,-2.50944,0.05454878,0,-0.1661967,0,0,0,0,-2.380224,-0.3335215,-0.5781003, 0.0634
7.730782,0.1372911,0,-2.512748,0.05316126,0,-0.1655727,0,0,0,0,-2.386901,-0.3337711,-0.5780911, 0.0634
7.750782,0.1383164,0,-2.516043,0.0517683,0,-0.1649677,0,0,0,0,-2.393583,-0.3340131,-0.5780849, 0.0634
7.770782,0.1393137,0,-2.519326,0.05036869,0,-0.1643783,0,0,0,0,-2.400269,-0.3342488,-0.5780778, 0.0634
7.790783,0.1402828,0,-2.522598,0.04896162,0,-0.163806,0,0,0,0,-2.40696,-0.3344778,-0.5780721, 0.0634
7.810783,0.1412236,0,-2.525859,0.04754863,0,-0.1632495,0,0,0,0,-2.413656,-0.3347004,-0.5780655, 0.0634
7.83078,0.142136,0,-2.52911,0.04612861,0,-0.1627096,0,0,0,0,-2.420356,-0.3349163,-0.5780595, 0.0634
7.85078,0.1430198,0,-2.53235,0.04470484,0,-0.1621889,0,0,0,0,-2.42706,-0.3351246,-0.5780559, 0.0634
7.870781,0.1438749,0,-2.53558,0.04327045,0,-0.161676,0,0,0,0,-2.433768,-0.3353297,-0.5780434, 0.0634
7.890781,0.1447013,0,-2.5388,0.04183373,0,-0.1611855,0,0,0,0,-2.44048,-0.3355259,-0.5780367, 0.0634
7.910782,0.1454987,0,-2.542011,0.04039128,0,-0.1607146,0,0,0,0,-2.447195,-0.3357143,-0.5780339, 0.0634
7.930782,0.1462671,0,-2.545213,0.03894361,0,-0.1602573,0,0,0,0,-2.453914,-0.3358972,-0.578027, 0.0634
7.950783,0.1470065,0,-2.548407,0.03749027,0,-0.1598169,0,0,0,0,-2.460637,-0.3360734,-0.5780205, 0.0634
7.970783,0.1477166,0,-2.551591,0.03603025,0,-0.1593914,0,0,0,0,-2.467363,-0.3362436,-0.5780121, 0.0634
7.990784,0.1483974,0,-2.554768,0.03456898,0,-0.158986,0,0,0,0,-2.474092,-0.3364058,-0.5780067, 0.0634
8.01078,0.1490489,0,-2.557938,0.03310135,0,-0.1585975,0,0,0,0,-2.480824,-0.3365612,-0.5780017, 0.0634
8.030781,0.1496709,0,-2.5611,0.03162725,0,-0.1582221,0,0,0,0,-2.48756,-0.3367113,-0.5779924, 0.0634
8.050781,0.1502634,0,-2.564255,0.03015319,0,-0.1578684,0,0,0,0,-2.494298,-0.3368528,-0.5779878, 0.0634
8.070782,0.1508262,0,-2.567403,0.02867136,0,-0.1575273,0,0,0,0,-2.501038,-0.3369893,-0.5779784, 0.0634
8.090782,0.1513593,0,-2.570545,0.02718864,0,-0.1572091,0,0,0,0,-2.507782,-0.3371165,-0.5779758, 0.0634
8.110783,0.1518626,0,-2.573681,0.0256996,0,-0.1569018,0,0,0,0,-2.514527,-0.3372395,-0.5779657, 0.0634
8.130783,0.1523361,0,-2.576811,0.02421038,0,-0.1566173,0,0,0,0,-2.521275,-0.3373533,-0.5779622, 0.0634
8.150784,0.1527797,0,-2.579936,0.02271461,0,-0.1563453,0,0,0,0,-2.528025,-0.337462,-0.5779531, 0.0634
8.17078,0.1531933,0,-2.583056,0.02121872,0,-0.1560947,0,0,0,0,-2.534777,-0.3375623,-0.5779488, 0.0634
8.190781,0.1535769,0,-2.586172,0.01971912,0,-0.1558598,0,0,0,0,-2.54153,-0.3376563,-0.5779426, 0.0634
8.210781,0.1539304,0,-2.589283,0.01821653,0,-0.1556419,0,0,0,0,-2.548286,-0.3377434,-0.5779359, 0.0634
8.230782,0.1542538,0,-2.592391,0.01671149,0,-0.1554416,0,0,0,0,-2.555043,-0.3378235,-0.5779296, 0.0634
8.250782,0.1545471,0,-2.595495,0.0152043,0,-0.1552587,0,0,0,0,-2.561801,-0.3378967,-0.5779232, 0.0634
8.270782,0.1548102,0,-2.598596,0.01369581,0,-0.1550925,0,0,0,0,-2.568561,-0.3379632,-0.5779158, 0.0634
8.290783,0.155043,0,-2.601694,0.01218435,0,-0.1549452,0,0,0,0,-2.575322,-0.3380221,-0.5779104, 0.0634
8.310783,0.1552456,0,-2.604789,0.01067194,0,-0.1548143,0,0,0,0,-2.582083,-0.3380745,-0.5779035, 0.0634
8.33078,0.1554179,0,-2.607882,0.009158319,0,-0.1547009,0,0,0,0,-2.588846,-0.3381198,-0.5778967, 0.0634
8.35078,0.15556,0,-2.610974,0.007645238,0,-0.1546076,0,0,0,0,-2.595609,-0.3381571,-0.5778931, 0.0634
8.370781,0.1556716,0,-2.614064,0.006125362,0,-0.1545251,0,0,0,0,-2.602373,-0.3381902,-0.5778809, 0.0634
8.390781,0.155753,0,-2.617153,0.0046112,0,-0.1544663,0,0,0,0,-2.609138,-0.3382137,-0.5778768, 0.0634
8.410782,0.1558039,0,-2.620241,0.003093024,0,-0.1544231,0,0,0,0,-2.615902,-0.3382309,-0.5778701, 0.0634
8.430782,0.1558246,0,-2.623329,0.001577453,0,-0.1544,0,0,0,0,-2.622667,-0.3382402,-0.5778669, 0.0634
8.450783,0.1558149,0,-2.626417,5.837355E-05,0,-0.1543898,0,0,0,0,-2.629432,-0.3382443,-0.5778573, 0.0634
8.470783,0.1557748,0,-2.629505,-0.001458565,0,-0.1544018,0,0,0,0,-2.636197,-0.3382395,-0.5778542, 0.0634
8.49078,0.1557044,0,-2.632594,-0.002977228,0,-0.1544263,0,0,0,0,-2.642961,-0.3382297,-0.577844, 0.0634
8.51078,0.1556037,0,-2.635684,-0.004494367,0,-0.154471,0,0,0,0,-2.649725,-0.3382118,-0.5778376, 0.0634
8.530781,0.1554726,0,-2.638776,-0.006010683,0,-0.1545327,0,0,0,0,-2.656489,-0.3381871,-0.5778306, 0.0634
8.550781,0.1553113,0,-2.641868,-0.007527507,0,-0.1546103,0,0,0,0,-2.663252,-0.3381561,-0.5778211, 0.0634
8.570782,0.1551196,0,-2.644964,-0.00903971,0,-0.1547105,0,0,0,0,-2.670014,-0.338116,-0.5778189, 0.0634
8.590782,0.1548977,0,-2.648061,-0.01055267,0,-0.1548273,0,0,0,0,-2.676775,-0.3380693,-0.5778154, 0.0634
8.610783,0.1546456,0,-2.651161,-0.01206438,0,-0.1549589,0,0,0,0,-2.683535,-0.3380167,-0.577808, 0.0634
8.630783,0.1543633,0,-2.654265,-0.01357566,0,-0.1551054,0,0,0,0,-2.690293,-0.337958,-0.5777972, 0.0634
8.65078,0.1540508,0,-2.657372,-0.01508438,0,-0.1552724,0,0,0,0,-2.697051,-0.3378912,-0.5777906, 0.0634
8.67078,0.1537083,0,-2.660482,-0.01658995,0,-0.1554573,0,0,0,0,-2.703806,-0.3378173,-0.5777848, 0.0634
8.690781,0.1533356,0,-2.663597,-0.01809298,0,-0.1556608,0,0,0,0,-2.710561,-0.3377359,-0.5777807, 0.0634
8.710781,0.152933,0,-2.666716,-0.01959537,0,-0.1558786,0,0,0,0,-2.717313,-0.3376487,-0.577772, 0.0634
8.730782,0.1525004,0,-2.66984,-0.02109454,0,-0.1561155,0,0,0,0,-2.724063,-0.337554,-0.5777659, 0.0634
8.750782,0.1520379,0,-2.67297,-0.02258907,0,-0.1563701,0,0,0,0,-2.730811,-0.3374522,-0.5777607, 0.0634
8.770782,0.1515456,0,-2.676105,-0.02408296,0,-0.1566406,0,0,0,0,-2.737557,-0.337344,-0.5777531, 0.0634
8.790783,0.1510235,0,-2.679245,-0.02557309,0,-0.1569283,0,0,0,0,-2.744301,-0.3372289,-0.5777457, 0.0634
8.810783,0.1504718,0,-2.682393,-0.02705684,0,-0.1572348,0,0,0,0,-2.751042,-0.3371063,-0.5777411, 0.0634
8.83078,0.1498903,0,-2.685546,-0.0285403,0,-0.1575584,0,0,0,0,-2.757781,-0.3369769,-0.5777356, 0.0634
8.85078,0.1492794,0,-2.688707,-0.03001969,0,-0.1578966,0,0,0,0,-2.764517,-0.3368416,-0.5777268, 0.0634
8.870781,0.148639,0,-2.691875,-0.03149299,0,-0.1582536,0,0,0,0,-2.77125,-0.3366988,-0.5777209, 0.0634
8.890781,0.1479693,0,-2.69505,-0.0329641,0,-0.1586271,0,0,0,0,-2.777979,-0.3365494,-0.5777138, 0.0634
8.910782,0.1472702,0,-2.698233,-0.03442967,0,-0.1590191,0,0,0,0,-2.784706,-0.3363926,-0.5777089, 0.0634
8.930782,0.146542,0,-2.701425,-0.03588964,0,-0.159427,0,0,0,0,-2.79143,-0.3362294,-0.5777032, 0.0634
8.950783,0.1457846,0,-2.704625,-0.03734828,0,-0.159849,0,0,0,0,-2.79815,-0.3360606,-0.5776926, 0.0634
8.970783,0.1449983,0,-2.707834,-0.03879752,0,-0.1602932,0,0,0,0,-2.804866,-0.3358829,-0.5776906, 0.0634
8.99078,0.1441831,0,-2.711052,-0.040244,0,-0.1607508,0,0,0,0,-2.811579,-0.3356999,-0.5776833, 0.0634
9.01078,0.1433391,0,-2.714281,-0.04168385,0,-0.1612255,0,0,0,0,-2.818287,-0.33551,-0.5776771, 0.0634
9.030781,0.1424665,0,-2.717519,-0.0431199,0,-0.1617168,0,0,0,0,-2.824992,-0.3353135,-0.5776702, 0.0634
9.050781,0.1415653,0,-2.720767,-0.04454779,0,-0.1622249,0,0,0,0,-2.831693,-0.3351103,-0.5776647, 0.0634
9.070782,0.1406357,0,-2.724026,-0.04597197,0,-0.1627486,0,0,0,0,-2.838389,-0.3349008,-0.577657, 0.0634
9.090782,0.1396778,0,-2.727295,-0.04738944,0,-0.1632902,0,0,0,0,-2.845082,-0.3346842,-0.5776514, 0.0634
9.110783,0.1386917,0,-2.730577,-0.04879869,0,-0.1638481,0,0,0,0,-2.851769,-0.334461,-0.5776467, 0.0634
9.130783,0.1376777,0,-2.733869,-0.05020541,0,-0.1644166,0,0,0,0,-2.858452,-0.3342336,-0.5776329, 0.0634
9.15078,0.1366357,0,-2.737174,-0.05160096,0,-0.1650092,0,0,0,0,-2.86513,-0.3339966,-0.5776312, 0.0634
9.17078,0.135566,0,-2.74049,-0.05299216,0,-0.1656142,0,0,0,0,-2.871804,-0.3337546,-0.5776237, 0.0634
9.190781,0.1344686,0,-2.74382,-0.0543758,0,-0.1662348,0,0,0,0,-2.878472,-0.3335064,-0.5776159, 0.0634
9.210781,0.1333438,0,-2.747162,-0.05575057,0,-0.1668741,0,0,0,0,-2.885135,-0.3332506,-0.5776124, 0.0634
9.230782,0.1321917,0,-2.750517,-0.05712049,0,-0.1675251,0,0,0,0,-2.891793,-0.3329903,-0.5776023, 0.0634
9.250782,0.1310124,0,-2.753886,-0.05848034,0,-0.1681955,0,0,0,0,-2.898445,-0.3327221,-0.577598, 0.0634
9.270782,0.1298061,0,-2.757269,-0.05983531,0,-0.1688781,0,0,0,0,-2.905092,-0.332449,-0.5775878, 0.0634
9.290783,0.128573,0,-2.760665,-0.06117764,0,-0.1695811,0,0,0,0,-2.911734,-0.3321679,-0.5775861, 0.0634
9.31078,0.1273131,0,-2.764077,-0.06251407,0,-0.1702995,0,0,0,0,-2.918369,-0.3318805,-0.577583, 0.0634
9.33078,0.1260268,0,-2.767503,-0.06384382,0,-0.1710273,0,0,0,0,-2.924999,-0.3315894,-0.5775716, 0.0634
9.35078,0.1247141,0,-2.770944,-0.06516267,0,-0.1717752,0,0,0,0,-2.931622,-0.3312902,-0.5775676, 0.0634
9.370781,0.1233753,0,-2.7744,-0.06647412,0,-0.1725348,0,0,0,0,-2.93824,-0.3309864,-0.5775585, 0.0634
9.390781,0.1220105,0,-2.777872,-0.06777667,0,-0.1733131,0,0,0,0,-2.944851,-0.3306751,-0.5775536, 0.0634
9.410782,0.1206199,0,-2.781359,-0.06907161,0,-0.1741008,0,0,0,0,-2.951456,-0.33036,-0.5775414, 0.0634
9.430782,0.1192038,0,-2.784863,-0.0703529,0,-0.1749102,0,0,0,0,-2.958054,-0.3300363,-0.57754, 0.0634
9.450783,0.1177622,0,-2.788384,-0.07162718,0,-0.1757333,0,0,0,0,-2.964646,-0.329707,-0.5775357, 0.0634
9.470779,0.1162953,0,-2.791922,-0.07289154,0,-0.1765691,0,0,0,0,-2.971231,-0.3293727,-0.5775293, 0.0634
9.49078,0.1148035,0,-2.795476,-0.07414809,0,-0.1774166,0,0,0,0,-2.977809,-0.3290337,-0.5775184, 0.0634
9.51078,0.1132868,0,-2.799048,-0.07539331,0,-0.1782818,0,0,0,0,-2.98438,-0.3286876,-0.5775122, 0.0634
9.530781,0.1117455,0,-2.802638,-0.07662796,0,-0.179161,0,0,0,0,-2.990945,-0.3283359,-0.577506, 0.0634
9.550781,0.1101798,0,-2.806246,-0.07785204,0,-0.1800551,0,0,0,0,-2.997502,-0.3279783,-0.5775009, 0.0634
9.570782,0.1085898,0,-2.809872,-0.07906554,0,-0.1809651,0,0,0,0,-3.004051,-0.3276143,-0.5774978, 0.0634
9.590782,0.1069759,0,-2.813516,-0.08027088,0,-0.1818822,0,0,0,0,-3.010593,-0.3272475,-0.5774854, 0.0634
9.610783,0.1053382,0,-2.817179,-0.08146299,0,-0.1828198,0,0,0,0,-3.017128,-0.3268724,-0.5774822, 0.0634
9.630783,0.1036769,0,-2.820862,-0.08264498,0,-0.1837689,0,0,0,0,-3.023655,-0.3264928,-0.577476, 0.0634
9.65078,0.1019923,0,-2.824563,-0.0838173,0,-0.1847275,0,0,0,0,-3.030175,-0.3261093,-0.5774644, 0.0634
9.67078,0.1002845,0,-2.828285,-0.08497477,0,-0.1857086,0,0,0,0,-3.036686,-0.3257169,-0.5774652, 0.0634
9.690781,0.09855396,0,-2.832026,-0.08612465,0,-0.1866939,0,0,0,0,-3.04319,-0.3253228,-0.5774534, 0.0634
9.710781,0.09680067,0,-2.835787,-0.08726103,0,-0.1876984,0,0,0,0,-3.049685,-0.324921,-0.5774496, 0.0634
9.730782,0.09502498,0,-2.839568,-0.08838643,0,-0.1887133,0,0,0,0,-3.056173,-0.324515,-0.5774424, 0.0634
9.750782,0.09322713,0,-2.843371,-0.08949985,0,-0.1897406,0,0,0,0,-3.062652,-0.3241041,-0.5774349, 0.0634
9.770782,0.09140732,0,-2.847194,-0.09060141,0,-0.1907818,0,0,0,0,-3.069122,-0.3236876,-0.5774284, 0.0634
9.790783,0.08956584,0,-2.851038,-0.09169012,0,-0.191836,0,0,0,0,-3.075585,-0.3232659,-0.5774229, 0.0634
9.81078,0.08770288,0,-2.854904,-0.09276631,0,-0.1929036,0,0,0,0,-3.082038,-0.3228389,-0.5774186, 0.0634
9.83078,0.08581872,0,-2.858792,-0.09383217,0,-0.1939803,0,0,0,0,-3.088483,-0.3224082,-0.5774091, 0.0634
9.85078,0.0839136,0,-2.862701,-0.09488422,0,-0.1950716,0,0,0,0,-3.09492,-0.3219717,-0.5774032, 0.0634
9.870781,0.08198779,0,-2.866632,-0.09592413,0,-0.1961735,0,0,0,0,-3.101347,-0.3215309,-0.5773953, 0.0634
9.890781,0.08004152,0,-2.870586,-0.0969492,0,-0.1972909,0,0,0,0,-3.107766,-0.321084,-0.5773928, 0.0634
9.910782,0.0780751,0,-2.874563,-0.09796356,0,-0.1984148,0,0,0,0,-3.114175,-0.3206344,-0.5773832, 0.0634
9.930782,0.07608877,0,-2.878562,-0.09896357,0,-0.1995541,0,0,0,0,-3.120575,-0.3201787,-0.5773783, 0.0634
9.950783,0.07408278,0,-2.882585,-0.09995177,0,-0.200702,0,0,0,0,-3.126966,-0.3197195,-0.5773695, 0.0634
9.970779,0.07205743,0,-2.88663,-0.1009246,0,-0.2018639,0,0,0,0,-3.133348,-0.3192548,-0.5773649, 0.0634
9.99078,0.07001296,0,-2.8907,-0.1018845,0,-0.2030365,0,0,0,0,-3.13972,-0.3187857,-0.5773596, 0.0634
10.01078,0.06794967,0,-2.894792,-0.1028332,0,-0.2042161,0,0,0,0,-3.146083,-0.3183139,-0.5773484, 0.0634
10.03078,0.06586782,0,-2.898909,-0.1037641,0,-0.2054129,0,0,0,0,-3.152436,-0.3178352,-0.5773467, 0.0634
10.05078,0.06376767,0,-2.90305,-0.1046844,0,-0.2066163,0,0,0,0,-3.15878,-0.3173538,-0.5773381, 0.0634
10.07078,0.06164951,0,-2.907216,-0.10559,0,-0.2078307,0,0,0,0,-3.165114,-0.316868,-0.5773308, 0.0634
10.09078,0.05951365,0,-2.911406,-0.1064806,0,-0.209056,0,0,0,0,-3.171438,-0.3163779,-0.5773247, 0.0634
10.11078,0.05736034,0,-2.91562,-0.1073569,0,-0.210293,0,0,0,0,-3.177752,-0.3158831,-0.5773201, 0.0634
10.13078,0.05518989,0,-2.91986,-0.1082184,0,-0.2115397,0,0,0,0,-3.184056,-0.3153844,-0.5773156, 0.0634
10.15078,0.05300258,0,-2.924125,-0.1090681,0,-0.2127916,0,0,0,0,-3.19035,-0.3148836,-0.5773048, 0.0634
10.17078,0.05079872,0,-2.928416,-0.1099011,0,-0.2140578,0,0,0,0,-3.196634,-0.3143772,-0.5772997, 0.0634
10.19078,0.04857859,0,-2.932731,-0.1107204,0,-0.2153309,0,0,0,0,-3.202908,-0.3138679,-0.5772916, 0.0634
10.21078,0.04634246,0,-2.937073,-0.1115233,0,-0.2166184,0,0,0,0,-3.209171,-0.3133529,-0.577289, 0.0634
10.23078,0.0440907,0,-2.94144,-0.1123119,0,-0.2179091,0,0,0,0,-3.215424,-0.3128366,-0.5772815, 0.0634
10.25078,0.04182354,0,-2.945834,-0.1130872,0,-0.2192107,0,0,0,0,-3.221667,-0.312316,-0.5772734, 0.0634
10.27078,0.0395413,0,-2.950254,-0.1138466,0,-0.2205215,0,0,0,0,-3.227899,-0.3117917,-0.5772664, 0.0634
10.29078,0.03724429,0,-2.9547,-0.1145893,0,-0.2218428,0,0,0,0,-3.23412,-0.3112631,-0.5772625, 0.0634
10.31078,0.03493282,0,-2.959173,-0.1153185,0,-0.2231696,0,0,0,0,-3.240331,-0.3107324,-0.5772545, 0.0634
10.33078,0.03260719,0,-2.963673,-0.1160328,0,-0.2245043,0,0,0,0,-3.246531,-0.3101985,-0.5772456, 0.0634
10.35078,0.03026775,0,-2.968199,-0.1167289,0,-0.2258499,0,0,0,0,-3.25272,-0.3096603,-0.5772417, 0.0634
10.37078,0.02791478,0,-2.972753,-0.1174105,0,-0.2272029,0,0,0,0,-3.258899,-0.3091191,-0.5772361, 0.0634
10.39078,0.02554859,0,-2.977334,-0.1180772,0,-0.2285626,0,0,0,0,-3.265066,-0.3085752,-0.5772291, 0.0634
10.41078,0.02316948,0,-2.981943,-0.1187283,0,-0.2299307,0,0,0,0,-3.271223,-0.308028,-0.5772222, 0.0634
10.43078,0.02077781,0,-2.986579,-0.1193626,0,-0.2313048,0,0,0,0,-3.277369,-0.3074784,-0.5772159, 0.0634
10.45078,0.0183739,0,-2.991242,-0.1199811,0,-0.2326859,0,0,0,0,-3.283503,-0.306926,-0.5772092, 0.0634
10.47078,0.01595801,0,-2.995934,-0.1205849,0,-0.2340763,0,0,0,0,-3.289626,-0.3063698,-0.5772021, 0.0634
10.49078,0.01353058,0,-3.000653,-0.1211697,0,-0.2354704,0,0,0,0,-3.295739,-0.3058122,-0.5771971, 0.0634
10.51078,0.01109176,0,-3.005401,-0.1217423,0,-0.2368769,0,0,0,0,-3.30184,-0.3052495,-0.57719, 0.0634
10.53078,0.008642009,0,-3.010177,-0.122296,0,-0.2382842,0,0,0,0,-3.307929,-0.3046866,-0.5771834, 0.0634
10.55078,0.006181617,0,-3.014981,-0.1228332,0,-0.2396994,0,0,0,0,-3.314008,-0.3041205,-0.5771778, 0.0634
10.57078,0.003710873,0,-3.019814,-0.1233567,0,-0.2411198,0,0,0,0,-3.320075,-0.3035524,-0.5771685, 0.0634
10.59078,0.001230209,0,-3.024675,-0.1238599,0,-0.2425499,0,0,0,0,-3.32613,-0.3029804,-0.5771657, 0.0634
10.61078,-0.001260174,0,-3.029565,-0.1243498,0,-0.2439817,0,0,0,0,-3.332174,-0.3024077,-0.5771571, 0.0634
10.63078,-0.003759838,0,-3.034483,-0.1248219,0,-0.2454182,0,0,0,0,-3.338207,-0.3018331,-0.5771496, 0.0634
10.65078,-0.006268472,0,-3.039431,-0.125276,0,-0.2468641,0,0,0,0,-3.344228,-0.3012547,-0.5771456, 0.0634
10.67078,-0.008785811,0,-3.044408,-0.1257163,0,-0.248314,0,0,0,0,-3.350237,-0.3006747,-0.5771374, 0.0634
10.69078,-0.01131147,0,-3.049414,-0.1261382,0,-0.2497679,0,0,0,0,-3.356235,-0.3000932,-0.5771309, 0.0634
10.71078,-0.01384503,0,-3.054449,-0.1265408,0,-0.251226,0,0,0,0,-3.362221,-0.2995099,-0.5771275, 0.0634
10.73078,-0.01638631,0,-3.059513,-0.1269314,0,-0.2526871,0,0,0,0,-3.368195,-0.2989255,-0.5771173, 0.0634
10.75078,-0.01893484,0,-3.064607,-0.1273013,0,-0.2541557,0,0,0,0,-3.374157,-0.298338,-0.5771129, 0.0634
10.77078,-0.02149039,0,-3.06973,-0.1276573,0,-0.2556289,0,0,0,0,-3.380108,-0.2977488,-0.5771047, 0.0634
10.79078,-0.02405252,0,-3.074883,-0.1279929,0,-0.2571049,0,0,0,0,-3.386047,-0.2971584,-0.5771005, 0.0634
10.81078,-0.02662093,0,-3.080065,-0.1283135,0,-0.2585831,0,0,0,0,-3.391974,-0.2965671,-0.5770932, 0.0634
10.83078,-0.02919532,0,-3.085277,-0.1286173,0,-0.2600661,0,0,0,0,-3.397889,-0.2959739,-0.5770859, 0.0634
10.85078,-0.03177531,0,-3.090518,-0.1289044,0,-0.2615518,0,0,0,0,-3.403793,-0.2953796,-0.5770778, 0.0634
10.87078,-0.0343605,0,-3.09579,-0.1291709,0,-0.2630412,0,0,0,0,-3.409684,-0.2947838,-0.5770745, 0.0634
10.89078,-0.03695063,0,-3.101091,-0.1294237,0,-0.2645355,0,0,0,0,-3.415563,-0.2941861,-0.5770668, 0.0634
10.91078,-0.03954531,0,-3.106423,-0.1296577,0,-0.2660306,0,0,0,0,-3.421431,-0.2935881,-0.5770606, 0.0634
10.93078,-0.04214424,0,-3.111784,-0.1298753,0,-0.2675283,0,0,0,0,-3.427286,-0.292989,-0.5770534, 0.0634
10.95078,-0.04474704,0,-3.117175,-0.1300751,0,-0.2690281,0,0,0,0,-3.43313,-0.2923891,-0.5770469, 0.0634
10.97078,-0.04735328,0,-3.122597,-0.1302556,0,-0.2705321,0,0,0,0,-3.438961,-0.2917875,-0.5770433, 0.0634
10.99078,-0.04996281,0,-3.128048,-0.1304235,0,-0.2720347,0,0,0,0,-3.444781,-0.2911865,-0.5770328, 0.0634
11.01078,-0.05257511,0,-3.13353,-0.1305694,0,-0.2735402,0,0,0,0,-3.450588,-0.2905843,-0.5770287, 0.0634
11.03078,-0.05518993,0,-3.139041,-0.1307011,0,-0.2750503,0,0,0,0,-3.456383,-0.2899802,-0.5770206, 0.0634
11.05078,-0.05780685,0,-3.144583,-0.130813,0,-0.2765592,0,0,0,0,-3.462166,-0.2893766,-0.5770155, 0.0634
11.07078,-0.06042555,0,-3.150156,-0.1309087,0,-0.2780689,0,0,0,0,-3.467937,-0.2887728,-0.5770087, 0.0634
11.09078,-0.0630457,0,-3.155758,-0.1309865,0,-0.2795782,0,0,0,0,-3.473696,-0.288169,-0.5770024, 0.0634
11.11078,-0.06566693,0,-3.161391,-0.1310472,0,-0.2810921,0,0,0,0,-3.479443,-0.2875635,-0.5769959, 0.0634
11.13078,-0.06828888,0,-3.167054,-0.1310901,0,-0.2826043,0,0,0,0,-3.485178,-0.2869586,-0.5769898, 0.0634
11.15078,-0.07091127,0,-3.172747,-0.1311172,0,-0.2841178,0,0,0,0,-3.490901,-0.2863532,-0.5769814, 0.0634
11.17078,-0.07353368,0,-3.17847,-0.1311246,0,-0.2856311,0,0,0,0,-3.496612,-0.2857479,-0.5769761, 0.0634
11.19078,-0.07615574,0,-3.184224,-0.1311147,0,-0.2871435,0,0,0,0,-3.50231,-0.2851429,-0.5769706, 0.0634
11.21078,-0.07877718,0,-3.190008,-0.131088,0,-0.2886546,0,0,0,0,-3.507997,-0.2845385,-0.5769641, 0.0634
11.23078,-0.0813976,0,-3.195822,-0.1310444,0,-0.2901713,0,0,0,0,-3.513671,-0.2839318,-0.5769567, 0.0634
11.25078,-0.08401669,0,-3.201667,-0.1309834,0,-0.2916812,0,0,0,0,-3.519333,-0.2833278,-0.5769497, 0.0634
11.27078,-0.08663404,0,-3.207541,-0.1309039,0,-0.2931917,0,0,0,0,-3.524983,-0.2827236,-0.5769438, 0.0634
11.29078,-0.08924933,0,-3.213446,-0.1308063,0,-0.2947018,0,0,0,0,-3.530621,-0.2821196,-0.5769389, 0.0634
11.31078,-0.09186225,0,-3.219381,-0.1306938,0,-0.2962111,0,0,0,0,-3.536247,-0.2815159,-0.5769305, 0.0634
11.33078,-0.09447239,0,-3.225346,-0.1305616,0,-0.297718,0,0,0,0,-3.541861,-0.2809131,-0.5769253, 0.0634
11.35078,-0.09707944,0,-3.231342,-0.1304134,0,-0.2992239,0,0,0,0,-3.547463,-0.2803108,-0.5769182, 0.0634
11.37078,-0.09968308,0,-3.237367,-0.1302477,0,-0.3007258,0,0,0,0,-3.553053,-0.27971,-0.5769116, 0.0634
11.39078,-0.1022829,0,-3.243422,-0.1300636,0,-0.302227,0,0,0,0,-3.558631,-0.2791095,-0.5769063, 0.0634
11.41078,-0.1048786,0,-3.249507,-0.1298637,0,-0.3037242,0,0,0,0,-3.564197,-0.2785106,-0.5768992, 0.0634
11.43078,-0.1074698,0,-3.255623,-0.129646,0,-0.3052245,0,0,0,0,-3.569751,-0.2779105,-0.5768918, 0.0634
11.45078,-0.1100562,0,-3.261768,-0.1294104,0,-0.3067191,0,0,0,0,-3.575293,-0.2773127,-0.5768858, 0.0634
