t,x,y,z,vx,vy,vz,dl_left,F_left,dl_right,F_right,z_bumper,vz_bumper,angularVelocity_y, inertia_y,,drehimpuls_L,E_translation,E_rotation,E_gesamt,impuls_p,impuls_gesamt
0.01078415,-0.25,0,0,0,0,1,0,0,0,0,-0.8,0,0,0.0634,,0,0.7,0,0.7,1.4,1.4
0.03078461,-0.25,0,0.01999999,0,0,1,0,0,0,0,-0.8,0,0,0.0634,,0,0.7,0,0.7,1.4,1.4
0.05078506,-0.25,0,0.03999998,0,0,1,0,0,0,0,-0.8,0,0,0.0634,,0,0.7,0,0.7,1.4,1.4
0.07078552,-0.25,0,0.05999998,0,0,1,0,0,0,0,-0.8,0,0,0.0634,,0,0.7,0,0.7,1.4,1.4
0.09078407,-0.25,0,0.07999997,0,0,1,0,0,0,0,-0.8,0,0,0.0634,,0,0.7,0,0.7,1.4,1.4
0.1107845,-0.25,0,0.09999996,0,0,1,0,0,0,0,-0.8,0,0,0.0634,,0,0.7,0,0.7,1.4,1.4
0.130785,-0.25,0,0.12,0,0,1,0,0,0,0,-0.8,0,0,0.0634,,0,0.7,0,0.7,1.4,1.4
0.1507854,-0.25,0,0.14,0,0,1,0,0,0,0,-0.8,0,0,0.0634,,0,0.7,0,0.7,1.4,1.4
0.170784,-0.25,0,0.16,0,0,1,0,0,0,0,-0.8,0,0,0.0634,,0,0.7,0,0.7,1.4,1.4
0.1907845,-0.25,0,0.1799999,0,0,1,0,0,0,0,-0.8,0,0,0.0634,,0,0.7,0,0.7,1.4,1.4
0.2107849,-0.25,0,0.1999999,0,0,1,0,0,0,0,-0.8,0,0,0.0634,,0,0.7,0,0.7,1.4,1.4
0.2307854,-0.25,0,0.2199999,0,0,1,0,0,0,0,-0.8,0,0,0.0634,,0,0.7,0,0.7,1.4,1.4
0.2507839,-0.25,0,0.2399999,0,0,1,0,0,0,0,-0.8,0,0,0.0634,,0,0.7,0,0.7,1.4,1.4
0.2707844,-0.25,0,0.2599999,0,0,1,0,0,0,0,-0.8,0,0,0.0634,,0,0.7,0,0.7,1.4,1.4
0.2907848,-0.25,0,0.2799999,0,0,1,0,0,0,0,-0.8,0,0,0.0634,,0,0.7,0,0.7,1.4,1.4
0.3107853,-0.25,0,0.2999999,0,0,1,0,0,0,0,-0.8,0,0,0.0634,,0,0.7,0,0.7,1.4,1.4
0.3307838,-0.25,0,0.3199999,0,0,1,0,0,0,0,-0.8,0,0,0.0634,,0,0.7,0,0.7,1.4,1.4
0.3507843,-0.25,0,0.3399999,0,0,1,0,0,0,0,-0.8,0,0,0.0634,,0,0.7,0,0.7,1.4,1.4
0.3707848,-0.25,0,0.3599998,0,0,1,0,0,0,0,-0.8,0,0,0.0634,,0,0.7,0,0.7,1.4,1.4
0.3907852,-0.25,0,0.3799998,0,0,1,0,0,0,0,-0.8,0,0,0.0634,,0,0.7,0,0.7,1.4,1.4
0.4107838,-0.25,0,0.3999998,0,0,1,0,0,0,0,-0.8,0,0,0.0634,,0,0.7,0,0.7,1.4,1.4
0.4307842,-0.25,0,0.4199998,0,0,1,0,0,0,0,-0.8,0,0,0.0634,,0,0.7,0,0.7,1.4,1.4
0.4507847,-0.25,0,0.4399998,0,0,1,0,0,0,0,-0.8,0,0,0.0634,,0,0.7,0,0.7,1.4,1.4
0.4707851,-0.25,0,0.4599997,0,0,1,0,0,0,0,-0.8,0,0,0.0634,,0,0.7,0,0.7,1.4,1.4
0.4907837,-0.25,0,0.4799997,0,0,1,0,0,0,0,-0.8,0,0,0.0634,,0,0.7,0,0.7,1.4,1.4
0.5107841,-0.25,0,0.4999997,0,0,1,0,0,0,0,-0.8,0,0,0.0634,,0,0.7,0,0.7,1.4,1.4
0.5307846,-0.25,0,0.5199997,0,0,1,0,0,0,0,-0.8,0,0,0.0634,,0,0.7,0,0.7,1.4,1.4
0.5507851,-0.25,0,0.5399997,0,0,1,0,0,0,0,-0.8,0,0,0.0634,,0,0.7,0,0.7,1.4,1.4
0.5707836,-0.25,0,0.5599996,0,0,1,0,0,0,0,-0.8,0,0,0.0634,,0,0.7,0,0.7,1.4,1.4
0.5907841,-0.25,0,0.5799996,0,0,1,0,0,0,0,-0.8,0,0,0.0634,,0,0.7,0,0.7,1.4,1.4
0.6107845,-0.25,0,0.5999996,0,0,1,0,0,0,0,-0.8,0,0,0.0634,,0,0.7,0,0.7,1.4,1.4
0.630785,-0.25,0,0.6199996,0,0,-1,0,0,0,0,-0.8,0,0,0.0634,,0,0.7,0,0.7,-1.4,-1.4
0.6507835,-0.25,0,0.5999996,0,0,-1,0,0,0,0,-0.8,0,0,0.0634,,0,0.7,0,0.7,-1.4,-1.4
0.670784,-0.25,0,0.5799996,0,0,-1,0,0,0,0,-0.8,0,0,0.0634,,0,0.7,0,0.7,-1.4,-1.4
0.6907845,-0.25,0,0.5599996,0,0,-1,0,0,0,0,-0.8,0,0,0.0634,,0,0.7,0,0.7,-1.4,-1.4
0.7107849,-0.25,0,0.5399997,0,0,-1,0,0,0,0,-0.8,0,0,0.0634,,0,0.7,0,0.7,-1.4,-1.4
0.7307835,-0.25,0,0.5199997,0,0,-1,0,0,0,0,-0.8,0,0,0.0634,,0,0.7,0,0.7,-1.4,-1.4
0.7507839,-0.25,0,0.4999997,0,0,-1,0,0,0,0,-0.8,0,0,0.0634,,0,0.7,0,0.7,-1.4,-1.4
0.7707844,-0.25,0,0.4799997,0,0,-1,0,0,0,0,-0.8,0,0,0.0634,,0,0.7,0,0.7,-1.4,-1.4
0.7907848,-0.25,0,0.4599997,0,0,-1,0,0,0,0,-0.8,0,0,0.0634,,0,0.7,0,0.7,-1.4,-1.4
0.8107834,-0.25,0,0.4399998,0,0,-1,0,0,0,0,-0.8,0,0,0.0634,,0,0.7,0,0.7,-1.4,-1.4
0.8307838,-0.25,0,0.4199998,0,0,-1,0,0,0,0,-0.8,0,0,0.0634,,0,0.7,0,0.7,-1.4,-1.4
0.8507843,-0.25,0,0.3999998,0,0,-1,0,0,0,0,-0.8,0,0,0.0634,,0,0.7,0,0.7,-1.4,-1.4
0.8707848,-0.25,0,0.3799998,0,0,-1,0,0,0,0,-0.8,0,0,0.0634,,0,0.7,0,0.7,-1.4,-1.4
0.8907852,-0.25,0,0.3599998,0,0,-1,0,0,0,0,-0.8,0,0,0.0634,,0,0.7,0,0.7,-1.4,-1.4
0.9107838,-0.25,0,0.3399999,0,0,-1,0,0,0,0,-0.8,0,0,0.0634,,0,0.7,0,0.7,-1.4,-1.4
0.9307842,-0.25,0,0.3199999,0,0,-1,0,0,0,0,-0.8,0,0,0.0634,,0,0.7,0,0.7,-1.4,-1.4
0.9507847,-0.25,0,0.2999999,0,0,-1,0,0,0,0,-0.8,0,0,0.0634,,0,0.7,0,0.7,-1.4,-1.4
0.9707851,-0.25,0,0.2799999,0,0,-1,0,0,0,0,-0.8,0,0,0.0634,,0,0.7,0,0.7,-1.4,-1.4
0.9907837,-0.25,0,0.2599999,0,0,-1,0,0,0,0,-0.8,0,0,0.0634,,0,0.7,0,0.7,-1.4,-1.4
1.010784,-0.25,0,0.2399999,0,0,-1,0,0,0,0,-0.8,0,0,0.0634,,0,0.7,0,0.7,-1.4,-1.4
1.030785,-0.25,0,0.2199999,0,0,-1,0,0,0,0,-0.8,0,0,0.0634,,0,0.7,0,0.7,-1.4,-1.4
1.050785,-0.25,0,0.1999999,0,0,-1,0,0,0,0,-0.8,0,0,0.0634,,0,0.7,0,0.7,-1.4,-1.4
1.070784,-0.25,0,0.1799999,0,0,-1,0,0,0,0,-0.8,0,0,0.0634,,0,0.7,0,0.7,-1.4,-1.4
1.090784,-0.25,0,0.16,0,0,-1,0,0,0,0,-0.8,0,0,0.0634,,0,0.7,0,0.7,-1.4,-1.4
1.110785,-0.25,0,0.14,0,0,-1,0,0,0,0,-0.8,0,0,0.0634,,0,0.7,0,0.7,-1.4,-1.4
1.130785,-0.25,0,0.12,0,0,-1,0,0,0,0,-0.8,0,0,0.0634,,0,0.7,0,0.7,-1.4,-1.4
1.150784,-0.25,0,0.09999996,0,0,-1,0,0,0,0,-0.8,0,0,0.0634,,0,0.7,0,0.7,-1.4,-1.4
1.170784,-0.25,0,0.07999997,0,0,-1,0,0,0,0,-0.8,0,0,0.0634,,0,0.7,0,0.7,-1.4,-1.4
1.190784,-0.25,0,0.05999998,0,0,-1,0,0,0,0,-0.8,0,0,0.0634,,0,0.7,0,0.7,-1.4,-1.4
1.210785,-0.25,0,0.03999998,0,0,-1,0,0,0,0,-0.8,0,0,0.0634,,0,0.7,0,0.7,-1.4,-1.4
1.230783,-0.25,0,0.01999999,0,0,-1,0,0,0,0,-0.8,0,0,0.0634,,0,0.7,0,0.7,-1.4,-1.4
1.250784,-0.25,0,0,0,0,-1,0,0,0,0,-0.8,0,0,0.0634,,0,0.7,0,0.7,-1.4,-1.4
1.270784,-0.25,0,-0.01999999,0,0,-1,0,0,0,0,-0.8,0,0,0.0634,,0,0.7,0,0.7,-1.4,-1.4
1.290785,-0.25,0,-0.03999998,0,0,-1,0,0,0,0,-0.8,0,0,0.0634,,0,0.7,0,0.7,-1.4,-1.4
1.310783,-0.25,0,-0.05999998,0,0,-1,0,0,0,0,-0.8,0,0,0.0634,,0,0.7,0,0.7,-1.4,-1.4
1.330784,-0.25,0,-0.07999997,0,0,-1,0,0,0,0,-0.8,0,0,0.0634,,0,0.7,0,0.7,-1.4,-1.4
1.350784,-0.25,0,-0.09999996,0,0,-1,0,0,0,0,-0.8,0,0,0.0634,,0,0.7,0,0.7,-1.4,-1.4
1.370785,-0.25,0,-0.12,0,0,-1,0,0,0,0,-0.8,0,0,0.0634,,0,0.7,0,0.7,-1.4,-1.4
1.390783,-0.25,0,-0.14,0,0,-1,0,0,0,0,-0.8,0,0,0.0634,,0,0.7,0,0.7,-1.4,-1.4
1.410784,-0.25,0,-0.16,0,0,-1,0,0,0,0,-0.8,0,0,0.0634,,0,0.7,0,0.7,-1.4,-1.4
1.430784,-0.25,0,-0.1799999,0,0,-1,0,0,0,0,-0.8,0,0,0.0634,,0,0.7,0,0.7,-1.4,-1.4
1.450785,-0.25,0,-0.1999999,0,0,-1,0,0,0,0,-0.8,0,0,0.0634,,0,0.7,0,0.7,-1.4,-1.4
1.470783,-0.25,0,-0.2199999,0,0,-1,0,0,0,0,-0.8,0,0,0.0634,,0,0.7,0,0.7,-1.4,-1.4
1.490784,-0.25,0,-0.2399999,0,0,-1,0,0,0,0,-0.8,0,0,0.0634,,0,0.7,0,0.7,-1.4,-1.4
1.510784,-0.25,0,-0.2599999,0,0,-1,0,0,0,0,-0.8,0,0,0.0634,,0,0.7,0,0.7,-1.4,-1.4
1.530785,-0.25,0,-0.2799999,0,0,-1,0,0,0,0,-0.8,0,0,0.0634,,0,0.7,0,0.7,-1.4,-1.4
1.550783,-0.25,0,-0.2999999,0,0,-1,0,0,0,0,-0.8,0,0,0.0634,,0,0.7,0,0.7,-1.4,-1.4
1.570784,-0.25,0,-0.3199999,0,0,-1,0,0,0,0,-0.8,0,0,0.0634,,0,0.7,0,0.7,-1.4,-1.4
1.590784,-0.25,0,-0.3399999,0,0,-1,0,0,0,0,-0.8,0,0,0.0634,,0,0.7,0,0.7,-1.4,-1.4
1.610785,-0.25,0,-0.3599998,0,0,-1,0,0,0,0,-0.8,0,0,0.0634,,0,0.7,0,0.7,-1.4,-1.4
1.630785,-0.25,0,-0.3799998,0,0,-1,0,0,0,0,-0.8,0,0,0.0634,,0,0.7,0,0.7,-1.4,-1.4
1.650784,-0.25,0,-0.3999998,0,0,-1,0,0,0,0,-0.8,0,0,0.0634,,0,0.7,0,0.7,-1.4,-1.4
1.670784,-0.25,0,-0.4199998,0,0,-1,0,0,0,0,-0.8,0,0,0.0634,,0,0.7,0,0.7,-1.4,-1.4
1.690784,-0.25,0,-0.4399998,0,0,-1,0,0,0,0,-0.8,0,0,0.0634,,0,0.7,0,0.7,-1.4,-1.4
1.710785,-0.25,0,-0.4599997,0,0,-1,0,0,0,0,-0.8,0,0,0.0634,,0,0.7,0,0.7,-1.4,-1.4
1.730783,-0.25,0,-0.4799997,0,0,-1,0,0,0,0,-0.8,0,0,0.0634,,0,0.7,0,0.7,-1.4,-1.4
1.750784,-0.25,0,-0.4999997,0,0,-1,0,0,0,0,-0.8,0,0,0.0634,,0,0.7,0,0.7,-1.4,-1.4
1.770784,-0.25,0,-0.5199997,0,0,-1,0,0,0,0,-0.8,0,0,0.0634,,0,0.7,0,0.7,-1.4,-1.4
1.790785,-0.25,0,-0.5399997,0,0,-1,0,0,0,0,-0.8,0,0,0.0634,,0,0.7,0,0.7,-1.4,-1.4
1.810783,-0.25,0,-0.5599996,0,0,-1,0,0,0,0,-0.8,0,0,0.0634,,0,0.7,0,0.7,-1.4,-1.4
1.830784,-0.25,0,-0.5799996,0,0,-1,0,0,0,0,-0.8,0,0,0.0634,,0,0.7,0,0.7,-1.4,-1.4
1.850784,-0.25,0,-0.5999996,0,0,-1,0,0,0,0,-0.8,0,0,0.0634,,0,0.7,0,0.7,-1.4,-1.4
1.870785,-0.2511798,0,-0.6095505,-0.05897669,0,-0.4776299,0,0,0,0,-0.8041797,-0.208948,-0.1089716,0.0634,,-1.718794953,0.159691225,0.000376431,0.160067656,-0.66868186,-2.387476813
1.890783,-0.2527913,0,-0.6173607,-0.08056299,0,-0.3905065,0,0,0,0,-0.8090556,-0.2437974,-0.5798055,0.0634,,-9.145197161,0.106746729,0.010656729,0.117403458,-0.5467091,-9.691906261
1.910784,-0.2543688,0,-0.6251771,-0.07939476,0,-0.3909164,0,0,0,0,-0.813929,-0.2436334,-0.5800093,0.0634,,-9.148411672,0.106970942,0.010664222,0.117635164,-0.54728296,-9.695694632
1.930784,-0.2559203,0,-0.6330225,-0.0780221,0,-0.3919496,0,0,0,0,-0.8187909,-0.2432202,-0.5799859,0.0634,,-9.148042587,0.107537142,0.010663362,0.118200504,-0.54872944,-9.696772027
1.950785,-0.257447,0,-0.6408858,-0.07678434,0,-0.3928467,0,0,0,0,-0.8236455,-0.2428613,-0.5799783,0.0634,,-9.147922713,0.108029971,0.010663082,0.118693053,-0.54998538,-9.697908093
1.970783,-0.2589487,0,-0.6487665,-0.07553571,0,-0.3937282,0,0,0,0,-0.8284932,-0.2425087,-0.5799724,0.0634,,-9.147829653,0.108515327,0.010662865,0.119178192,-0.55121948,-9.699049133
1.990784,-0.2604252,0,-0.6566646,-0.07427791,0,-0.3945967,0,0,0,0,-0.833334,-0.2421613,-0.5799643,0.0634,,-9.147701893,0.108994589,0.010662567,0.119657156,-0.55243538,-9.700137273
2.010784,-0.2618761,0,-0.6645795,-0.07300815,0,-0.3954493,0,0,0,0,-0.838168,-0.2418203,-0.5799589,0.0634,,-9.147616719,0.109466104,0.010662369,0.120128473,-0.55362902,-9.701245739
2.030785,-0.2633015,0,-0.6725111,-0.07173061,0,-0.3962874,0,0,0,0,-0.8429954,-0.241485,-0.5799517,0.0634,,-9.147503155,0.109930592,0.010662104,0.120592696,-0.55480236,-9.702305515
2.050783,-0.264701,0,-0.6804591,-0.0704409,0,-0.3971122,0,0,0,0,-0.8478162,-0.2411551,-0.5799446,0.0634,,-9.147391167,0.11038867,0.010661843,0.121050513,-0.55595708,-9.703348247
2.070784,-0.2660746,0,-0.6884232,-0.06914473,0,-0.3979184,0,0,0,0,-0.8526306,-0.2408326,-0.5799394,0.0634,,-9.147309148,0.110837337,0.010661652,0.121498989,-0.55708576,-9.704394908
2.090784,-0.2674219,0,-0.696403,-0.06783726,0,-0.3987118,0,0,0,0,-0.8574386,-0.2405152,-0.5799329,0.0634,,-9.147206625,0.11127977,0.010661413,0.121941182,-0.55819652,-9.705403145
2.110785,-0.2687427,0,-0.7043982,-0.06652095,0,-0.3994898,0,0,0,0,-0.8622405,-0.240204,-0.5799266,0.0634,,-9.147107256,0.11171447,0.010661181,0.122375651,-0.55928572,-9.706392976
2.130783,-0.2700371,0,-0.7124085,-0.06519779,0,-0.4002504,0,0,0,0,-0.8670363,-0.2398998,-0.5799212,0.0634,,-9.147022082,0.112140268,0.010660983,0.12280125,-0.56035056,-9.707372642
2.150784,-0.2713048,0,-0.7204338,-0.06386286,0,-0.4009995,0,0,0,0,-0.8718262,-0.2396002,-0.5799133,0.0634,,-9.146897476,0.112560419,0.010660692,0.123221111,-0.5613993,-9.708296776
2.170784,-0.2725455,0,-0.7284734,-0.06252171,0,-0.4017297,0,0,0,0,-0.8766103,-0.2393081,-0.5799078,0.0634,,-9.146810726,0.112970726,0.01066049,0.123631216,-0.56242158,-9.709232306
2.190784,-0.2737592,0,-0.7365273,-0.06117122,0,-0.4024458,0,0,0,0,-0.8813888,-0.2390217,-0.5799012,0.0634,,-9.146706625,0.113373835,0.010660247,0.124034083,-0.56342412,-9.710130745
2.210783,-0.2749457,0,-0.7445951,-0.0598123,0,-0.4031462,0,0,0,0,-0.8861617,-0.2387415,-0.5798946,0.0634,,-9.146602524,0.113768801,0.010660005,0.124428806,-0.56440468,-9.711007204
2.230783,-0.2761046,0,-0.7526766,-0.0584439,0,-0.4038332,0,0,0,0,-0.8909291,-0.2384667,-0.579886,0.0634,,-9.146466877,0.114156877,0.010659688,0.124816566,-0.56536648,-9.711833357
2.250784,-0.2772362,0,-0.7607712,-0.05707234,0,-0.4044995,0,0,0,0,-0.8956913,-0.2382002,-0.5798805,0.0634,,-9.146380126,0.114533892,0.010659486,0.125193378,-0.5662993,-9.712679426
2.270784,-0.27834,0,-0.7688788,-0.05568838,0,-0.4051532,0,0,0,0,-0.9004482,-0.2379387,-0.5798736,0.0634,,-9.146271293,0.114904381,0.010659233,0.125563613,-0.56721448,-9.713485773
2.290783,-0.2794159,0,-0.7769991,-0.05429863,0,-0.4057896,0,0,0,0,-0.9052001,-0.2376841,-0.5798672,0.0634,,-9.146170347,0.11526564,0.010658997,0.125924637,-0.56810544,-9.714275787
2.310783,-0.2804639,0,-0.7851315,-0.05290295,0,-0.4064091,0,0,0,0,-0.9099472,-0.2374364,-0.579861,0.0634,,-9.146072555,0.11561785,0.010658769,0.126276619,-0.56897274,-9.715045295
2.330784,-0.2814839,0,-0.793276,-0.05149932,0,-0.4070138,0,0,0,0,-0.9146894,-0.2371944,-0.5798534,0.0634,,-9.145952681,0.115962163,0.01065849,0.126620653,-0.56981932,-9.715772001
2.350784,-0.2824754,0,-0.8014321,-0.05008741,0,-0.4076023,0,0,0,0,-0.9194269,-0.2369591,-0.5798466,0.0634,,-9.145845426,0.116297744,0.01065824,0.126955984,-0.57064322,-9.716488646
2.370783,-0.2834386,0,-0.8095995,-0.04866925,0,-0.4081731,0,0,0,0,-0.9241599,-0.2367308,-0.579841,0.0634,,-9.145757098,0.116623696,0.010658034,0.12728173,-0.57144234,-9.717199438
2.390783,-0.2843733,0,-0.8177779,-0.04724725,0,-0.4087271,0,0,0,0,-0.9288886,-0.2365091,-0.5798345,0.0634,,-9.145654574,0.11694049,0.010657795,0.127598285,-0.57221794,-9.717872514
2.410784,-0.2852793,0,-0.8259669,-0.04581592,0,-0.4092658,0,0,0,0,-0.933613,-0.2362937,-0.5798278,0.0634,,-9.145548896,0.117248947,0.010657549,0.127906495,-0.57297212,-9.718521016
2.430784,-0.2861566,0,-0.8341662,-0.04437979,0,-0.4097874,0,0,0,0,-0.9383333,-0.236085,-0.5798212,0.0634,,-9.145444795,0.117547999,0.010657306,0.128205305,-0.57370236,-9.719147155
2.450785,-0.2870049,0,-0.8423756,-0.04293705,0,-0.410292,0,0,0,0,-0.9430496,-0.2358832,-0.5798152,0.0634,,-9.145350158,0.117837668,0.010657086,0.128494753,-0.5744088,-9.719758958
2.470783,-0.2878243,0,-0.8505945,-0.04149065,0,-0.41078,0,0,0,0,-0.947762,-0.235688,-0.5798082,0.0634,,-9.145239748,0.118118146,0.010656828,0.128774974,-0.575092,-9.720331748
2.490784,-0.2886146,0,-0.8588228,-0.04003682,0,-0.4112507,0,0,0,0,-0.9524707,-0.2354997,-0.5798025,0.0634,,-9.145149842,0.118388997,0.010656619,0.129045616,-0.57575098,-9.720900822
2.510784,-0.2893756,0,-0.86706,-0.03857734,0,-0.4117061,0,0,0,0,-0.9571757,-0.2353176,-0.5797949,0.0634,,-9.145029968,0.118651339,0.010656339,0.129307678,-0.57638854,-9.721418508
2.530785,-0.2901074,0,-0.8753058,-0.03711395,0,-0.4121419,0,0,0,0,-0.9618774,-0.2351432,-0.5797902,0.0634,,-9.144955836,0.118902662,0.010656167,0.129558829,-0.57699866,-9.721954496
2.550783,-0.2908098,0,-0.8835599,-0.03564519,0,-0.4125635,0,0,0,0,-0.9665757,-0.2349746,-0.579782,0.0634,,-9.144826498,0.119146049,0.010655865,0.129801914,-0.5775889,-9.722415398
2.570784,-0.2914825,0,-0.8918221,-0.03416957,0,-0.4129678,0,0,0,0,-0.9712709,-0.2348129,-0.579775,0.0634,,-9.144716088,0.119379683,0.010655608,0.130035291,-0.57815492,-9.722871008
2.590784,-0.2921258,0,-0.9000917,-0.03269367,0,-0.4133516,0,0,0,0,-0.975963,-0.2346594,-0.5797708,0.0634,,-9.144649842,0.119601682,0.010655454,0.130257135,-0.57869224,-9.723342082
2.610785,-0.2927393,0,-0.9083686,-0.03120993,0,-0.4137228,0,0,0,0,-0.9806522,-0.2345109,-0.5797619,0.0634,,-9.144509464,0.119816589,0.010655126,0.130471715,-0.57921192,-9.723721384
2.630783,-0.2933231,0,-0.9166525,-0.02972309,0,-0.4140743,0,0,0,0,-0.9853387,-0.2343703,-0.5797557,0.0634,,-9.144411672,0.120020268,0.010654898,0.130675167,-0.57970402,-9.724115692
2.650784,-0.293877,0,-0.9249429,-0.02823228,0,-0.4144089,0,0,0,0,-0.9900225,-0.2342364,-0.5797492,0.0634,,-9.144309148,0.120214315,0.01065466,0.130868975,-0.58017246,-9.724481608
2.670784,-0.2944011,0,-0.9332395,-0.02673882,0,-0.4147254,0,0,0,0,-0.9947038,-0.2341098,-0.5797433,0.0634,,-9.144216088,0.12039801,0.010654443,0.131052453,-0.58061556,-9.724831648
2.690784,-0.2948951,0,-0.941542,-0.02524091,0,-0.4150253,0,0,0,0,-0.9993829,-0.2339899,-0.5797367,0.0634,,-9.144111987,0.1205722,0.0106542,0.1312264,-0.58103542,-9.725147407
2.710783,-0.2953592,0,-0.9498501,-0.02373933,0,-0.4153087,0,0,0,0,-1.00406,-0.2338765,-0.579729,0.0634,,-9.143990536,0.120736921,0.010653917,0.131390839,-0.58143218,-9.725422716
2.730783,-0.295793,0,-0.9581634,-0.02223295,0,-0.4155746,0,0,0,0,-1.008734,-0.2337701,-0.5797218,0.0634,,-9.143876972,0.120891574,0.010653652,0.131545226,-0.58180444,-9.725681412
2.750784,-0.2961968,0,-0.9664814,-0.0207284,0,-0.4158203,0,0,0,0,-1.013407,-0.2336719,-0.5797172,0.0634,,-9.143804416,0.121034565,0.010653483,0.131688049,-0.58214842,-9.725952836
2.770784,-0.2965703,0,-0.9748039,-0.01921777,0,-0.4160501,0,0,0,0,-1.018078,-0.2335799,-0.5797111,0.0634,,-9.143708202,0.12116838,0.010653259,0.131821639,-0.58247014,-9.726178342
2.790783,-0.2969135,0,-0.9831305,-0.01770469,0,-0.4162637,0,0,0,0,-1.022747,-0.2334945,-0.5797033,0.0634,,-9.143585174,0.121292828,0.010652973,0.1319458,-0.58276918,-9.726354354
2.810783,-0.2972264,0,-0.9914609,-0.01619013,0,-0.416459,0,0,0,0,-1.027415,-0.2334164,-0.5796964,0.0634,,-9.143476341,0.121406669,0.010652719,0.132059388,-0.5830426,-9.726518941
2.830784,-0.297509,0,-0.9997948,-0.01467275,0,-0.4166361,0,0,0,0,-1.032082,-0.2333455,-0.5796902,0.0634,,-9.143378549,0.121509948,0.010652491,0.132162439,-0.58329054,-9.726669089
2.850784,-0.2977612,0,-1.008132,-0.01315374,0,-0.4167965,0,0,0,0,-1.036747,-0.2332814,-0.579683,0.0634,,-9.143264984,0.121603526,0.010652226,0.132255752,-0.5835151,-9.726780084
2.870783,-0.2979829,0,-1.016471,-0.01163361,0,-0.4169369,0,0,0,0,-1.041411,-0.2332252,-0.5796787,0.0634,,-9.143197161,0.121685465,0.010652068,0.132337533,-0.58371166,-9.726908821
2.890783,-0.2981743,0,-1.024813,-0.01011116,0,-0.4170631,0,0,0,0,-1.046074,-0.2331748,-0.5796701,0.0634,,-9.143061514,0.121759141,0.010651752,0.132410893,-0.58388834,-9.726949854
2.910784,-0.298335,0,-1.033157,-0.008583912,0,-0.4171717,0,0,0,0,-1.050737,-0.2331313,-0.5796616,0.0634,,-9.142927445,0.121822559,0.01065144,0.132473999,-0.58404038,-9.726967825
2.930784,-0.2984654,0,-1.041503,-0.007064621,0,-0.4172575,0,0,0,0,-1.055399,-0.233097,-0.5796593,0.0634,,-9.142891167,0.121872675,0.010651355,0.13252403,-0.5841605,-9.727051667
2.950783,-0.2985651,0,-1.04985,-0.005535351,0,-0.4173323,0,0,0,0,-1.06006,-0.2330671,-0.5796486,0.0634,,-9.142722397,0.121916374,0.010650962,0.132567336,-0.58426522,-9.726987617
2.970783,-0.2986344,0,-1.058198,-0.004009966,0,-0.417385,0,0,0,0,-1.064721,-0.233046,-0.5796435,0.0634,,-9.142641956,0.121947167,0.010650775,0.132597942,-0.584339,-9.726980956
2.990784,-0.2986732,0,-1.066546,-0.002484234,0,-0.4174209,0,0,0,0,-1.069381,-0.2330317,-0.5796373,0.0634,,-9.142544164,0.121968145,0.010650547,0.132618692,-0.58438926,-9.726933424
3.010784,-0.2986813,0,-1.074895,-0.000956049,0,-0.4174388,0,0,0,0,-1.074042,-0.2330245,-0.5796314,0.0634,,-9.142451104,0.121978606,0.01065033,0.132628936,-0.58441432,-9.726865424
3.030783,-0.298659,0,-1.083244,0.00056941,0,-0.4174403,0,0,0,0,-1.078702,-0.2330239,-0.579624,0.0634,,-9.142334385,0.121979483,0.010650058,0.132629541,-0.58441642,-9.726750805
3.050783,-0.2986062,0,-1.091592,0.002094829,0,-0.4174203,0,0,0,0,-1.083363,-0.2330319,-0.5796215,0.0634,,-9.142294953,0.121967795,0.010649966,0.132617761,-0.58438842,-9.726683373
3.070784,-0.2985228,0,-1.099939,0.00362394,0,-0.4173875,0,0,0,0,-1.088024,-0.233045,-0.5796124,0.0634,,-9.14215142,0.121948628,0.010649632,0.13259826,-0.5843425,-9.72649392
3.090784,-0.2984089,0,-1.108286,0.005148501,0,-0.4173341,0,0,0,0,-1.092686,-0.2330664,-0.5796074,0.0634,,-9.142072555,0.121917426,0.010649448,0.132566874,-0.58426774,-9.726340295
3.110783,-0.2982644,0,-1.11663,0.006676514,0,-0.4172669,0,0,0,0,-1.097348,-0.2330932,-0.5795968,0.0634,,-9.141905363,0.121878166,0.010649059,0.132527225,-0.58417366,-9.726079023
3.130783,-0.2980895,0,-1.124973,0.008200443,0,-0.4171783,0,0,0,0,-1.102011,-0.2331287,-0.5795916,0.0634,,-9.141823344,0.121826414,0.010648868,0.132475281,-0.58404962,-9.725872964
3.150784,-0.2978841,0,-1.133314,0.009722528,0,-0.4170718,0,0,0,0,-1.106674,-0.2331713,-0.5795867,0.0634,,-9.141746057,0.12176422,0.010648688,0.132412908,-0.58390052,-9.725646577
3.170784,-0.2976484,0,-1.141652,0.01124305,0,-0.4169494,0,0,0,0,-1.111339,-0.2332203,-0.5795795,0.0634,,-9.141632492,0.121692762,0.010648423,0.132341184,-0.58372916,-9.725361652
3.190783,-0.2973822,0,-1.149987,0.01276554,0,-0.4168093,0,0,0,0,-1.116005,-0.2332763,-0.579572,0.0634,,-9.141514196,0.121610995,0.010648147,0.132259142,-0.58353302,-9.725047216
3.210783,-0.2970858,0,-1.158318,0.01428137,0,-0.4166492,0,0,0,0,-1.120672,-0.2333403,-0.5795683,0.0634,,-9.141455836,0.121517589,0.010648011,0.132165601,-0.58330888,-9.724764716
3.230783,-0.2967588,0,-1.166646,0.01580277,0,-0.4164755,0,0,0,0,-1.125341,-0.2334098,-0.5795581,0.0634,,-9.141294953,0.121416289,0.010647637,0.132063926,-0.5830657,-9.724360653
3.250784,-0.2964017,0,-1.17497,0.01731264,0,-0.4162803,0,0,0,0,-1.130012,-0.2334879,-0.5795547,0.0634,,-9.141241325,0.121302502,0.010647512,0.131950013,-0.58279242,-9.724033745
3.270784,-0.2960144,0,-1.18329,0.01882629,0,-0.4160715,0,0,0,0,-1.134684,-0.2335714,-0.579545,0.0634,,-9.141088328,0.121180845,0.010647155,0.131828,-0.5825001,-9.723588428
3.290783,-0.2955969,0,-1.191605,0.02033474,0,-0.4158411,0,0,0,0,-1.139358,-0.2336636,-0.5795413,0.0634,,-9.141029968,0.121046674,0.010647019,0.131693694,-0.58217754,-9.723207508
3.310783,-0.2951493,0,-1.199915,0.02184246,0,-0.4155964,0,0,0,0,-1.144034,-0.2337615,-0.579533,0.0634,,-9.140899054,0.120904257,0.010646714,0.131550972,-0.58183496,-9.722734014
3.330784,-0.2946717,0,-1.20822,0.02334642,0,-0.415334,0,0,0,0,-1.148712,-0.2338664,-0.5795251,0.0634,,-9.140774448,0.120751632,0.010646424,0.131398056,-0.5814676,-9.722242048
3.350784,-0.2941639,0,-1.216519,0.02484815,0,-0.4150524,0,0,0,0,-1.153392,-0.2339791,-0.5795193,0.0634,,-9.140682965,0.120587946,0.010646211,0.131234157,-0.58107336,-9.721756325
3.370783,-0.2936264,0,-1.224812,0.02634139,0,-0.4147525,0,0,0,0,-1.158075,-0.234099,-0.5795161,0.0634,,-9.140632492,0.120413745,0.010646093,0.131059839,-0.5806535,-9.721285992
3.390783,-0.2930589,0,-1.233098,0.02783858,0,-0.4144383,0,0,0,0,-1.16276,-0.2342247,-0.5795069,0.0634,,-9.140487382,0.120231373,0.010645755,0.130877129,-0.58021362,-9.720701002
3.410784,-0.2924619,0,-1.241377,0.02932454,0,-0.4141047,0,0,0,0,-1.167449,-0.2343582,-0.5795026,0.0634,,-9.140419558,0.120037892,0.010645597,0.130683489,-0.57974658,-9.720166138
3.430784,-0.2918349,0,-1.24965,0.03081391,0,-0.4137554,0,0,0,0,-1.17214,-0.2344979,-0.5794941,0.0634,,-9.140285489,0.119835472,0.010645285,0.130480757,-0.57925756,-9.719543049
3.450783,-0.2911785,0,-1.257915,0.03229345,0,-0.4133886,0,0,0,0,-1.176834,-0.2346446,-0.5794878,0.0634,,-9.14018612,0.119623094,0.010645054,0.130268148,-0.57874404,-9.71893016
3.470783,-0.2904925,0,-1.266172,0.03377046,0,-0.413003,0,0,0,0,-1.181531,-0.2347988,-0.579483,0.0634,,-9.14011041,0.119400035,0.010644877,0.130044912,-0.5782042,-9.71831461
3.490784,-0.2897771,0,-1.274421,0.03524493,0,-0.412604,0,0,0,0,-1.186231,-0.2349584,-0.5794725,0.0634,,-9.139944795,0.119169443,0.010644492,0.129813934,-0.5776456,-9.717590395
3.510784,-0.2890325,0,-1.282662,0.03670983,0,-0.4121848,0,0,0,0,-1.190935,-0.2351261,-0.5794681,0.0634,,-9.139875394,0.118927417,0.01064433,0.129571746,-0.57705872,-9.716934114
3.530783,-0.2882585,0,-1.290893,0.03817623,0,-0.4117487,0,0,0,0,-1.195642,-0.2353006,-0.5794612,0.0634,,-9.139766562,0.118675894,0.010644076,0.129319971,-0.57644818,-9.716214742
3.550783,-0.2874555,0,-1.299116,0.03963076,0,-0.4112974,0,0,0,0,-1.200353,-0.2354811,-0.5794546,0.0634,,-9.139662461,0.118415886,0.010643834,0.12905972,-0.57581636,-9.715478821
3.570784,-0.2866234,0,-1.307329,0.04108616,0,-0.4108274,0,0,0,0,-1.205068,-0.2356691,-0.5794479,0.0634,,-9.139556782,0.118145407,0.010643588,0.128788995,-0.57515836,-9.714715142
3.590784,-0.2857625,0,-1.315532,0.04252864,0,-0.4103417,0,0,0,0,-1.209787,-0.2358634,-0.5794428,0.0634,,-9.139476341,0.117866218,0.0106434,0.128509618,-0.57447838,-9.713954721
3.610783,-0.2848728,0,-1.323725,0.04397304,0,-0.4098403,0,0,0,0,-1.214509,-0.2360639,-0.5794331,0.0634,,-9.139323344,0.11757835,0.010643044,0.128221394,-0.57377642,-9.713099764
3.630783,-0.2839544,0,-1.331908,0.0454075,0,-0.4093205,0,0,0,0,-1.219236,-0.2362718,-0.5794274,0.0634,,-9.139233438,0.11728029,0.010642835,0.127923125,-0.5730487,-9.712282138
3.650784,-0.2830075,0,-1.34008,0.04683579,0,-0.4087839,0,0,0,0,-1.223968,-0.2364865,-0.5794221,0.0634,,-9.139149842,0.116972994,0.01064264,0.127615634,-0.57229746,-9.711447302
3.670784,-0.2820322,0,-1.34824,0.04825832,0,-0.4082321,0,0,0,0,-1.228704,-0.2367072,-0.5794147,0.0634,,-9.139033123,0.116657413,0.010642368,0.127299781,-0.57152494,-9.710558063
3.690783,-0.2810286,0,-1.356389,0.04967368,0,-0.4076626,0,0,0,0,-1.233444,-0.236935,-0.5794093,0.0634,,-9.13894795,0.116332157,0.01064217,0.126974327,-0.57072764,-9.70967559
3.710783,-0.279997,0,-1.364526,0.05108225,0,-0.4070775,0,0,0,0,-1.238189,-0.237169,-0.579403,0.0634,,-9.13884858,0.115998464,0.010641938,0.126640402,-0.5699085,-9.70875708
3.730783,-0.2789373,0,-1.372651,0.05248524,0,-0.4064761,0,0,0,0,-1.242939,-0.2374096,-0.5793961,0.0634,,-9.138739748,0.115655974,0.010641685,0.126297659,-0.56906654,-9.707806288
3.750784,-0.2778497,0,-1.380764,0.05388229,0,-0.4058591,0,0,0,0,-1.247694,-0.2376564,-0.5793877,0.0634,,-9.138607256,0.115305126,0.010641376,0.125946503,-0.56820274,-9.706809996
3.770782,-0.2767345,0,-1.388864,0.05526768,0,-0.4052233,0,0,0,0,-1.252454,-0.2379107,-0.5793851,0.0634,,-9.138566246,0.114944146,0.010641281,0.125585427,-0.56731262,-9.705878866
3.790783,-0.2755916,0,-1.396951,0.05665139,0,-0.404578,0,0,0,0,-1.257219,-0.2381688,-0.5793712,0.0634,,-9.138347003,0.114578351,0.01064077,0.125219121,-0.5664092,-9.704756203
3.810783,-0.2744214,0,-1.405024,0.05802151,0,-0.4039079,0,0,0,0,-1.26199,-0.2384369,-0.5793715,0.0634,,-9.138351735,0.114199114,0.010640781,0.124839895,-0.56547106,-9.703822795
3.830784,-0.273224,0,-1.413083,0.05938663,0,-0.4032283,0,0,0,0,-1.266766,-0.2387087,-0.5793626,0.0634,,-9.138211356,0.113815143,0.010640454,0.124455598,-0.56451962,-9.702730976
3.850782,-0.2719994,0,-1.421129,0.06074497,0,-0.4025297,0,0,0,0,-1.271548,-0.2389881,-0.5793566,0.0634,,-9.138116719,0.113421112,0.010640234,0.124061346,-0.56354158,-9.701658299
3.870783,-0.2707481,0,-1.42916,0.06209162,0,-0.4018183,0,0,0,0,-1.276336,-0.2392727,-0.5793495,0.0634,,-9.138004732,0.113020562,0.010639973,0.123660536,-0.56254562,-9.700550352
3.890783,-0.2694699,0,-1.437176,0.06343357,0,-0.4010881,0,0,0,0,-1.281129,-0.2395648,-0.5793439,0.0634,,-9.137916404,0.112610165,0.010639768,0.123249932,-0.56152334,-9.699439744
3.910784,-0.2681651,0,-1.445178,0.06476482,0,-0.4003458,0,0,0,0,-1.285928,-0.2398617,-0.5793357,0.0634,,-9.137787066,0.112193732,0.010639466,0.122833198,-0.56048412,-9.698271186
3.930782,-0.2668339,0,-1.453164,0.06608877,0,-0.3995846,0,0,0,0,-1.290734,-0.2401662,-0.5793307,0.0634,,-9.137708202,0.111767497,0.010639283,0.122406779,-0.55941844,-9.697126642
3.950783,-0.2654766,0,-1.461134,0.06740218,0,-0.3988112,0,0,0,0,-1.295546,-0.2404756,-0.5793232,0.0634,,-9.137589905,0.111335261,0.010639007,0.121974269,-0.55833568,-9.695925585
3.970783,-0.2640931,0,-1.469089,0.06870907,0,-0.3980206,0,0,0,0,-1.300364,-0.2407918,-0.5793163,0.0634,,-9.137481073,0.110894279,0.010638754,0.121533032,-0.55722884,-9.694709913
3.990784,-0.2626839,0,-1.477028,0.0700026,0,-0.3972179,0,0,0,0,-1.305189,-0.2411129,-0.5793089,0.0634,,-9.137364353,0.110447442,0.010638482,0.121085924,-0.55610506,-9.693469413
4.010784,-0.2612489,0,-1.484949,0.07129137,0,-0.3963957,0,0,0,0,-1.31002,-0.2414418,-0.5793033,0.0634,,-9.137276025,0.109990686,0.010638276,0.120628962,-0.55495398,-9.692230005
4.030783,-0.2597885,0,-1.492855,0.07256433,0,-0.3955618,0,0,0,0,-1.314858,-0.2417753,-0.5792988,0.0634,,-9.137205047,0.109528396,0.010638111,0.120166507,-0.55378652,-9.690991567
4.050783,-0.2583028,0,-1.500743,0.0738341,0,-0.3947124,0,0,0,0,-1.319703,-0.2421151,-0.5792902,0.0634,,-9.137069401,0.109058515,0.010637795,0.11969631,-0.55259736,-9.689666761
4.070784,-0.2567922,0,-1.508613,0.07508908,0,-0.3938483,0,0,0,0,-1.324554,-0.2424607,-0.5792854,0.0634,,-9.136993691,0.108581538,0.010637619,0.119219157,-0.55138762,-9.688381311
4.090784,-0.2552565,0,-1.516466,0.07633741,0,-0.3929698,0,0,0,0,-1.329413,-0.2428121,-0.5792778,0.0634,,-9.136873817,0.108097685,0.01063734,0.118735024,-0.55015772,-9.687031537
4.110783,-0.2536964,0,-1.524301,0.07757187,0,-0.3920773,0,0,0,0,-1.334279,-0.2431691,-0.5792726,0.0634,,-9.136791798,0.107607226,0.010637149,0.118244375,-0.54890822,-9.685700018
4.130783,-0.2521116,0,-1.532118,0.07880076,0,-0.391169,0,0,0,0,-1.339152,-0.2435325,-0.5792652,0.0634,,-9.136675079,0.107109231,0.010636877,0.117746108,-0.5476366,-9.684311679
4.150784,-0.2505027,0,-1.539916,0.08001444,0,-0.3902484,0,0,0,0,-1.344033,-0.2439007,-0.5792596,0.0634,,-9.136586751,0.10660567,0.010636671,0.117242341,-0.54634776,-9.682934511
4.170784,-0.2488698,0,-1.547696,0.08121829,0,-0.3893137,0,0,0,0,-1.348921,-0.2442746,-0.5792533,0.0634,,-9.136487382,0.10609561,0.01063644,0.11673205,-0.54503918,-9.681526562
4.190783,-0.247213,0,-1.555456,0.08241595,0,-0.388364,0,0,0,0,-1.353817,-0.2446544,-0.5792443,0.0634,,-9.136345426,0.105578618,0.01063611,0.116214727,-0.5437096,-9.680055026
4.210783,-0.2455327,0,-1.563197,0.08359563,0,-0.3874007,0,0,0,0,-1.358721,-0.2450398,-0.5792409,0.0634,,-9.136291798,0.105055512,0.010635985,0.115691496,-0.54236098,-9.678652778
4.230783,-0.243829,0,-1.570919,0.08476868,0,-0.3864262,0,0,0,0,-1.363632,-0.2454296,-0.579231,0.0634,,-9.136135647,0.104527646,0.010635621,0.115163267,-0.54099668,-9.677132327
4.250784,-0.2421023,0,-1.57862,0.08592632,0,-0.3854361,0,0,0,0,-1.368552,-0.2458256,-0.5792267,0.0634,,-9.136067823,0.103992691,0.010635463,0.114628154,-0.53961054,-9.675678363
4.270782,-0.2403526,0,-1.586301,0.08707792,0,-0.3844323,0,0,0,0,-1.373479,-0.2462271,-0.579218,0.0634,,-9.135930599,0.103451735,0.010635144,0.114086879,-0.53820522,-9.674135819
4.290783,-0.2385803,0,-1.593962,0.08821245,0,-0.3834147,0,0,0,0,-1.378415,-0.2466342,-0.5792146,0.0634,,-9.135876972,0.102904783,0.010635019,0.113539801,-0.53678058,-9.672657552
4.310783,-0.2367856,0,-1.601603,0.08933852,0,-0.3823861,0,0,0,0,-1.383359,-0.2470456,-0.579206,0.0634,,-9.135741325,0.102353391,0.010634703,0.112988094,-0.53534054,-9.671081865
4.330784,-0.2349687,0,-1.609222,0.09045021,0,-0.3813443,0,0,0,0,-1.388311,-0.2474623,-0.5791999,0.0634,,-9.13564511,0.101796433,0.010634479,0.112430912,-0.53388202,-9.66952713
4.350782,-0.2331299,0,-1.61682,0.09155197,0,-0.3802887,0,0,0,0,-1.393272,-0.2478845,-0.5791926,0.0634,,-9.135529968,0.101233647,0.010634211,0.111867858,-0.53240418,-9.667934148
4.370783,-0.2312694,0,-1.624397,0.09264098,0,-0.3792213,0,0,0,0,-1.398241,-0.2483115,-0.5791851,0.0634,,-9.135411672,0.100666156,0.010633936,0.111300092,-0.53090982,-9.666321492
4.390783,-0.2293875,0,-1.631952,0.09371562,0,-0.3781406,0,0,0,0,-1.403219,-0.2487438,-0.5791799,0.0634,,-9.135329653,0.100093219,0.010633745,0.110726964,-0.52939684,-9.664726493
4.410784,-0.2274844,0,-1.639485,0.09477834,0,-0.3770464,0,0,0,0,-1.408206,-0.2491815,-0.5791752,0.0634,,-9.135255521,0.099514791,0.010633572,0.110148363,-0.52786496,-9.663120481
4.430782,-0.2255604,0,-1.646996,0.09582992,0,-0.3759429,0,0,0,0,-1.413202,-0.2496229,-0.5791662,0.0634,,-9.135113565,0.098933145,0.010633242,0.109566386,-0.52632006,-9.661433625
4.450783,-0.2236157,0,-1.654484,0.09686702,0,-0.3748259,0,0,0,0,-1.418206,-0.2500697,-0.5791602,0.0634,,-9.135018927,0.098346119,0.010633021,0.10897914,-0.52475626,-9.659775187
4.470783,-0.2216507,0,-1.66195,0.09789157,0,-0.3736963,0,0,0,0,-1.42322,-0.2505215,-0.5791542,0.0634,,-9.13492429,0.097754247,0.010632801,0.108387048,-0.52317482,-9.65809911
4.490784,-0.2196655,0,-1.669393,0.09890366,0,-0.3725552,0,0,0,0,-1.428243,-0.2509779,-0.5791473,0.0634,,-9.134815457,0.097158164,0.010632548,0.107790711,-0.52157728,-9.656392737
4.510782,-0.2176604,0,-1.676812,0.0999008,0,-0.3714028,0,0,0,0,-1.433275,-0.2514389,-0.5791418,0.0634,,-9.134728707,0.096558028,0.010632346,0.107190374,-0.51996392,-9.654692627
4.530783,-0.2156358,0,-1.684209,0.1008855,0,-0.3702396,0,0,0,0,-1.438316,-0.2519042,-0.5791346,0.0634,,-9.134615142,0.095954153,0.010632081,0.106586234,-0.51833544,-9.652950582
4.550783,-0.2135918,0,-1.691581,0.101857,0,-0.3690642,0,0,0,0,-1.443367,-0.2523744,-0.579128,0.0634,,-9.134511041,0.095345869,0.010631839,0.105977708,-0.51668988,-9.651200921
4.570784,-0.2115287,0,-1.69893,0.102815,0,-0.3678784,0,0,0,0,-1.448428,-0.2528487,-0.5791205,0.0634,,-9.134392744,0.094734162,0.010631564,0.105365726,-0.51502976,-9.649422504
4.590782,-0.2094469,0,-1.706255,0.1037587,0,-0.3666807,0,0,0,0,-1.453498,-0.2533277,-0.5791141,0.0634,,-9.134291798,0.094118315,0.010631329,0.104749644,-0.51335298,-9.647644778
4.610783,-0.2073466,0,-1.713556,0.1046878,0,-0.3654728,0,0,0,0,-1.458577,-0.2538109,-0.5791081,0.0634,,-9.134197161,0.093499257,0.010631108,0.104130366,-0.51166192,-9.645859081
4.630783,-0.2052281,0,-1.720832,0.1056029,0,-0.3642553,0,0,0,0,-1.463667,-0.2542979,-0.579101,0.0634,,-9.134085174,0.092877347,0.010630848,0.103508194,-0.50995742,-9.644042594
4.650784,-0.2030917,0,-1.728084,0.1065049,0,-0.3630247,0,0,0,0,-1.468766,-0.2547901,-0.5790949,0.0634,,-9.133988959,0.092250853,0.010630624,0.102881477,-0.50823458,-9.642223539
4.670782,-0.2009376,0,-1.735311,0.1073913,0,-0.3617851,0,0,0,0,-1.473876,-0.255286,-0.5790892,0.0634,,-9.133899054,0.091621921,0.010630414,0.102252335,-0.50649914,-9.640398194
4.690783,-0.1987662,0,-1.742512,0.1082641,0,-0.3605351,0,0,0,0,-1.478995,-0.255786,-0.5790826,0.0634,,-9.133794953,0.090989891,0.010630172,0.101620063,-0.50474914,-9.638544093
4.710783,-0.1965777,0,-1.749689,0.1091223,0,-0.3592755,0,0,0,0,-1.484124,-0.2562898,-0.5790758,0.0634,,-9.133687697,0.090355219,0.010629922,0.100985142,-0.5029857,-9.636673397
4.730783,-0.1943725,0,-1.75684,0.1099652,0,-0.3580061,0,0,0,0,-1.489264,-0.2567976,-0.5790697,0.0634,,-9.133591483,0.089717857,0.010629698,0.100347556,-0.50120854,-9.634800023
4.750782,-0.1921508,0,-1.763965,0.1107952,0,-0.3567272,0,0,0,0,-1.494414,-0.2573092,-0.5790613,0.0634,,-9.133458991,0.089078007,0.01062939,0.099707397,-0.49941808,-9.632877071
4.770782,-0.1899129,0,-1.771064,0.1116082,0,-0.3554402,0,0,0,0,-1.499574,-0.257824,-0.5790544,0.0634,,-9.133350158,0.088436415,0.010629137,0.099065552,-0.49761628,-9.630966438
4.790783,-0.1876592,0,-1.778138,0.1124068,0,-0.3541413,0,0,0,0,-1.504745,-0.2583435,-0.5790487,0.0634,,-9.133260252,0.087791242,0.010628927,0.09842017,-0.49579782,-9.629058072
4.810783,-0.1853899,0,-1.785185,0.1131906,0,-0.3528334,0,0,0,0,-1.509926,-0.2588667,-0.5790425,0.0634,,-9.133162461,0.087143986,0.0106287,0.097772686,-0.49396676,-9.627129221
4.830784,-0.1831054,0,-1.792206,0.1139588,0,-0.3515171,0,0,0,0,-1.515117,-0.2593932,-0.5790364,0.0634,,-9.133066246,0.08649499,0.010628476,0.097123466,-0.49212394,-9.625190186
4.850782,-0.1808058,0,-1.7992,0.1147125,0,-0.3501931,0,0,0,0,-1.52032,-0.2599228,-0.5790285,0.0634,,-9.13294164,0.085844645,0.010628186,0.096472831,-0.49027034,-9.62321198
4.870783,-0.1784917,0,-1.806168,0.115448,0,-0.3488581,0,0,0,0,-1.525533,-0.2604568,-0.5790256,0.0634,,-9.132895899,0.085191382,0.010628079,0.095819461,-0.48840134,-9.621297239
4.890783,-0.1761632,0,-1.813108,0.116173,0,-0.3475165,0,0,0,0,-1.530756,-0.2609935,-0.5790156,0.0634,,-9.13273817,0.084537402,0.010627712,0.095165115,-0.4865231,-9.61926127
4.910784,-0.1738207,0,-1.820022,0.1168785,0,-0.3461678,0,0,0,0,-1.535991,-0.261533,-0.5790095,0.0634,,-9.132641956,0.083882502,0.010627488,0.09450999,-0.48463492,-9.617276876
4.930782,-0.1714645,0,-1.826908,0.1175691,0,-0.3448094,0,0,0,0,-1.541237,-0.2620763,-0.5790034,0.0634,,-9.132545741,0.083225466,0.010627265,0.09385273,-0.48273316,-9.615278901
4.950783,-0.1690949,0,-1.833768,0.1182451,0,-0.3434432,0,0,0,0,-1.546493,-0.2626228,-0.5789959,0.0634,,-9.132427445,0.082567262,0.010626989,0.093194251,-0.48082048,-9.613247925
4.970783,-0.1667123,0,-1.840599,0.1189024,0,-0.3420691,0,0,0,0,-1.55176,-0.2631725,-0.5789919,0.0634,,-9.132364353,0.081907888,0.010626842,0.092534731,-0.47889674,-9.611261093
4.990784,-0.1643169,0,-1.847403,0.1195464,0,-0.3406865,0,0,0,0,-1.557039,-0.2637255,-0.5789851,0.0634,,-9.132257098,0.081247104,0.010626593,0.091873697,-0.4769611,-9.609218198
5.010782,-0.161909,0,-1.854179,0.1201748,0,-0.3392995,0,0,0,0,-1.562328,-0.2642803,-0.5789763,0.0634,,-9.132118297,0.080586905,0.01062627,0.091213175,-0.4750193,-9.607137597
5.030783,-0.1594891,0,-1.860927,0.1207847,0,-0.3379041,0,0,0,0,-1.567629,-0.2648385,-0.578971,0.0634,,-9.1320347,0.079925427,0.010626075,0.090551502,-0.47306574,-9.60510044
5.050783,-0.1570574,0,-1.867647,0.1213799,0,-0.3365003,0,0,0,0,-1.572941,-0.2654,-0.5789645,0.0634,,-9.131932177,0.079262716,0.010625837,0.089888553,-0.47110042,-9.603032597
5.070784,-0.1546142,0,-1.874338,0.1219583,0,-0.3350918,0,0,0,0,-1.578264,-0.2659634,-0.5789579,0.0634,,-9.131828076,0.07860056,0.010625594,0.089226154,-0.46912852,-9.600956596
5.090782,-0.1521599,0,-1.881002,0.1225205,0,-0.3336753,0,0,0,0,-1.583599,-0.26653,-0.5789515,0.0634,,-9.131727129,0.077937444,0.010625359,0.088562803,-0.46714542,-9.598872549
5.110783,-0.1496948,0,-1.887636,0.1230669,0,-0.3322518,0,0,0,0,-1.588945,-0.2670994,-0.5789446,0.0634,,-9.131618297,0.077273881,0.010625106,0.087898987,-0.46515252,-9.596770817
5.130783,-0.1472192,0,-1.894243,0.1235944,0,-0.3308247,0,0,0,0,-1.594303,-0.2676702,-0.5789396,0.0634,,-9.131539432,0.076611487,0.010624923,0.08723641,-0.46315458,-9.594694012
5.150784,-0.1447336,0,-1.90082,0.1241075,0,-0.3293905,0,0,0,0,-1.599672,-0.2682439,-0.5789323,0.0634,,-9.13142429,0.075948671,0.010624655,0.086573326,-0.4611467,-9.59257099
5.170782,-0.1422381,0,-1.907369,0.1246043,0,-0.3279485,0,0,0,0,-1.605052,-0.2688206,-0.5789254,0.0634,,-9.131315457,0.075285153,0.010624401,0.085909554,-0.4591279,-9.590443357
5.190783,-0.1397331,0,-1.913888,0.1250841,0,-0.326504,0,0,0,0,-1.610444,-0.2693985,-0.5789175,0.0634,,-9.131190852,0.074623403,0.010624111,0.085247515,-0.4571056,-9.588296452
5.210783,-0.137219,0,-1.920379,0.1255458,0,-0.3250528,0,0,0,0,-1.615848,-0.269979,-0.578912,0.0634,,-9.131104101,0.073961526,0.01062391,0.084585436,-0.45507392,-9.586178021
5.230783,-0.1346961,0,-1.92684,0.1259913,0,-0.3235953,0,0,0,0,-1.621264,-0.270562,-0.5789058,0.0634,,-9.131006309,0.073299743,0.010623682,0.083923425,-0.45303342,-9.584039729
5.250782,-0.1321648,0,-1.933272,0.1264196,0,-0.3221346,0,0,0,0,-1.626691,-0.2711463,-0.5788995,0.0634,,-9.13090694,0.07263949,0.010623451,0.083262941,-0.45098844,-9.58189538
5.270782,-0.1296254,0,-1.939675,0.1268313,0,-0.3206674,0,0,0,0,-1.63213,-0.2717331,-0.5788933,0.0634,,-9.130809148,0.071979307,0.010623223,0.08260253,-0.44893436,-9.579743508
5.290783,-0.1270781,0,-1.946048,0.1272272,0,-0.3191958,0,0,0,0,-1.63758,-0.2723218,-0.5788854,0.0634,,-9.130684543,0.071320171,0.010622933,0.081943104,-0.44687412,-9.577558663
5.310783,-0.1245235,0,-1.952392,0.1276032,0,-0.317722,0,0,0,0,-1.643043,-0.2729113,-0.5788804,0.0634,,-9.130605678,0.070663088,0.01062275,0.081285838,-0.4448108,-9.575416478
5.330782,-0.1219617,0,-1.958706,0.1279663,0,-0.3162391,0,0,0,0,-1.648517,-0.2735044,-0.5788715,0.0634,,-9.1304653,0.070005018,0.010622423,0.080627441,-0.44273474,-9.57320004
5.350782,-0.1193933,0,-1.964991,0.1283077,0,-0.3147577,0,0,0,0,-1.654003,-0.274097,-0.578867,0.0634,,-9.130394322,0.069350687,0.010622258,0.079972945,-0.44066078,-9.571055102
5.370783,-0.1168184,0,-1.971246,0.1286351,0,-0.3132691,0,0,0,0,-1.659501,-0.2746924,-0.5788591,0.0634,,-9.130269716,0.06869627,0.010621968,0.079318238,-0.43857674,-9.568846456
5.390783,-0.1142375,0,-1.977471,0.1289424,0,-0.3117766,0,0,0,0,-1.665011,-0.2752895,-0.578855,0.0634,,-9.130205047,0.068043254,0.010621818,0.078665071,-0.43648724,-9.566692287
5.410782,-0.1116508,0,-1.983665,0.1292349,0,-0.3102837,0,0,0,0,-1.670533,-0.2758867,-0.5788468,0.0634,,-9.13007571,0.067393182,0.010621517,0.078014699,-0.43439718,-9.56447289
5.430782,-0.1090588,0,-1.98983,0.129509,0,-0.3087851,0,0,0,0,-1.676067,-0.2764861,-0.5788407,0.0634,,-9.129979495,0.066743767,0.010621293,0.077365059,-0.43229914,-9.562278635
5.450783,-0.1064618,0,-1.995965,0.1297662,0,-0.3072827,0,0,0,0,-1.681614,-0.2770871,-0.5788341,0.0634,,-9.129875394,0.06609586,0.010621051,0.076716911,-0.43019578,-9.560071174
5.470783,-0.1038601,0,-2.00207,0.1300051,0,-0.3057811,0,0,0,0,-1.687172,-0.2776877,-0.578828,0.0634,,-9.12977918,0.065451457,0.010620827,0.076072284,-0.42809354,-9.55787272
5.490782,-0.1012541,0,-2.008145,0.1302288,0,-0.3042726,0,0,0,0,-1.692742,-0.2782911,-0.5788196,0.0634,,-9.129646688,0.064807271,0.010620519,0.075427789,-0.42598164,-9.555628328
5.510782,-0.09864412,0,-2.014189,0.1304326,0,-0.3027636,0,0,0,0,-1.698324,-0.2788948,-0.5788143,0.0634,,-9.129563091,0.064166058,0.010620324,0.074786382,-0.42386904,-9.553432131
5.530783,-0.09603053,0,-2.020203,0.1306194,0,-0.3012525,0,0,0,0,-1.703918,-0.2794992,-0.5788083,0.0634,,-9.129468454,0.063527148,0.010620104,0.074147252,-0.4217535,-9.551221954
5.550783,-0.09341364,0,-2.026187,0.1307903,0,-0.2997416,0,0,0,0,-1.709525,-0.2801035,-0.5787997,0.0634,,-9.129332808,0.062891519,0.010619788,0.073511307,-0.41963824,-9.548971048
5.570782,-0.09079391,0,-2.032141,0.1309406,0,-0.2982255,0,0,0,0,-1.715143,-0.28071,-0.5787957,0.0634,,-9.129269716,0.062256914,0.010619641,0.072876556,-0.4175157,-9.546785416
5.590782,-0.08817157,0,-2.038064,0.1310756,0,-0.2967086,0,0,0,0,-1.720774,-0.2813167,-0.5787887,0.0634,,-9.129159306,0.061625195,0.010619385,0.07224458,-0.41539204,-9.544551346
5.610783,-0.08554703,0,-2.043957,0.1311934,0,-0.2951909,0,0,0,0,-1.726417,-0.2819238,-0.578781,0.0634,,-9.129037855,0.060996367,0.010619102,0.071615469,-0.41326726,-9.542305115
5.630783,-0.0829206,0,-2.04982,0.1312929,0,-0.293671,0,0,0,0,-1.732072,-0.2825318,-0.5787744,0.0634,,-9.128933754,0.060369859,0.01061886,0.070988719,-0.4111394,-9.540073154
5.650784,-0.08029264,0,-2.055652,0.131375,0,-0.2921512,0,0,0,0,-1.737739,-0.2831397,-0.5787675,0.0634,,-9.128824921,0.059746627,0.010618607,0.070365233,-0.40901168,-9.537836601
5.670782,-0.07766356,0,-2.061454,0.1314386,0,-0.2906279,0,0,0,0,-1.743418,-0.283749,-0.578762,0.0634,,-9.12873817,0.059125203,0.010618405,0.069743608,-0.40687906,-9.53561723
5.690783,-0.07503369,0,-2.067225,0.1314839,0,-0.289106,0,0,0,0,-1.74911,-0.2843578,-0.5787572,0.0634,,-9.128662461,0.058507595,0.010618229,0.069125824,-0.4047484,-9.533410861
5.710783,-0.07240334,0,-2.072965,0.1315145,0,-0.287584,0,0,0,0,-1.754813,-0.2849666,-0.5787485,0.0634,,-9.128525237,0.05789319,0.010617909,0.068511099,-0.4026176,-9.531142837
5.730783,-0.0697729,0,-2.078676,0.1315256,0,-0.2860642,0,0,0,0,-1.760529,-0.2855745,-0.5787422,0.0634,,-9.128425868,0.057282909,0.010617678,0.067900587,-0.40048988,-9.528915748
5.750782,-0.06714273,0,-2.084356,0.1315187,0,-0.2845421,0,0,0,0,-1.766257,-0.2861833,-0.5787365,0.0634,,-9.128335962,0.056674945,0.010617469,0.067292414,-0.39835894,-9.526694902
5.770782,-0.06451312,0,-2.090005,0.1314956,0,-0.2830167,0,0,0,0,-1.771998,-0.2867935,-0.578729,0.0634,,-9.128217666,0.056068917,0.010617194,0.066686111,-0.39622338,-9.524441046
5.790783,-0.0618845,0,-2.095624,0.131454,0,-0.2814977,0,0,0,0,-1.77775,-0.2874011,-0.5787227,0.0634,,-9.128118297,0.055468669,0.010616963,0.066085631,-0.39409678,-9.522215077
5.810783,-0.05925719,0,-2.101213,0.1313946,0,-0.2799768,0,0,0,0,-1.783514,-0.2880094,-0.5787166,0.0634,,-9.128022082,0.054870906,0.010616739,0.065487645,-0.39196752,-9.519989602
5.830784,-0.05663151,0,-2.106771,0.1313177,0,-0.2784533,0,0,0,0,-1.789291,-0.2886188,-0.5787101,0.0634,,-9.127919558,0.054275368,0.010616501,0.064891869,-0.38983462,-9.517754178
5.850784,-0.05400786,0,-2.112299,0.1312242,0,-0.2769343,0,0,0,0,-1.79508,-0.2892264,-0.5787025,0.0634,,-9.127799685,0.053684825,0.010616222,0.064301046,-0.38770802,-9.515507705
5.870781,-0.05138659,0,-2.117796,0.1311118,0,-0.2754188,0,0,0,0,-1.800881,-0.2898326,-0.5786969,0.0634,,-9.127711356,0.053098861,0.010616016,0.063714877,-0.38558632,-9.513297676
5.890781,-0.04876799,0,-2.123263,0.1309823,0,-0.2739011,0,0,0,0,-1.806694,-0.2904397,-0.5786904,0.0634,,-9.127608833,0.052515269,0.010615778,0.063131047,-0.38346154,-9.511070373
5.910782,-0.0461525,0,-2.1287,0.130835,0,-0.272389,0,0,0,0,-1.812519,-0.2910445,-0.5786847,0.0634,,-9.127518927,0.051937037,0.010615569,0.062552606,-0.3813446,-9.508863527
5.930782,-0.04354038,0,-2.134107,0.1306719,0,-0.27087,0,0,0,0,-1.818357,-0.2916521,-0.5786753,0.0634,,-9.127370662,0.05135939,0.010615224,0.061974614,-0.379218,-9.506588662
5.950783,-0.04093207,0,-2.139483,0.1304877,0,-0.2693642,0,0,0,0,-1.824206,-0.2922544,-0.5786728,0.0634,,-9.12733123,0.050789951,0.010615132,0.061405083,-0.37710988,-9.50444111
5.970783,-0.03832787,0,-2.14483,0.1302895,0,-0.2678524,0,0,0,0,-1.830068,-0.2928591,-0.5786639,0.0634,,-9.127190852,0.050221436,0.010614806,0.060836241,-0.37499336,-9.502184212
5.990784,-0.0357281,0,-2.150146,0.1300728,0,-0.2663451,0,0,0,0,-1.835941,-0.2934621,-0.578657,0.0634,,-9.127082019,0.049657799,0.010614552,0.060272351,-0.37288314,-9.499965159
6.010784,-0.03313317,0,-2.155432,0.1298379,0,-0.2648441,0,0,0,0,-1.841827,-0.2940624,-0.5786519,0.0634,,-9.127001577,0.049099678,0.010614365,0.059714043,-0.37078174,-9.497783317
6.030781,-0.03054338,0,-2.160688,0.1295871,0,-0.2633395,0,0,0,0,-1.847724,-0.2946643,-0.5786434,0.0634,,-9.126867508,0.048543385,0.010614053,0.059157438,-0.3686753,-9.495542808
6.050781,-0.02795914,0,-2.165914,0.1293164,0,-0.2618448,0,0,0,0,-1.853634,-0.2952622,-0.5786398,0.0634,,-9.126810726,0.04799389,0.010613921,0.058607811,-0.36658272,-9.493393446
6.070782,-0.02538069,0,-2.171111,0.1290309,0,-0.2603514,0,0,0,0,-1.859555,-0.2958595,-0.5786325,0.0634,,-9.126695584,0.047447996,0.010613654,0.05806165,-0.36449196,-9.491187544
6.090782,-0.02280847,0,-2.176277,0.1287273,0,-0.2588544,0,0,0,0,-1.865489,-0.2964583,-0.5786244,0.0634,,-9.126567823,0.04690392,0.010613356,0.057517277,-0.36239616,-9.488963983
6.110783,-0.02024277,0,-2.181414,0.1284068,0,-0.2573716,0,0,0,0,-1.871434,-0.2970514,-0.5786188,0.0634,,-9.126479495,0.046368098,0.010613151,0.056981249,-0.36032024,-9.486799735
6.130783,-0.01768396,0,-2.186521,0.1280686,0,-0.2558847,0,0,0,0,-1.877391,-0.2976462,-0.5786116,0.0634,,-9.126365931,0.045833886,0.010612887,0.056446773,-0.35823858,-9.484604511
6.150784,-0.01513239,0,-2.191598,0.127713,0,-0.2544072,0,0,0,0,-1.88336,-0.2982372,-0.5786062,0.0634,,-9.126280757,0.045306116,0.010612689,0.055918805,-0.35617008,-9.482450837
6.170784,-0.01258836,0,-2.196646,0.1273415,0,-0.252931,0,0,0,0,-1.889341,-0.2988277,-0.5785984,0.0634,,-9.126157729,0.044781864,0.010612403,0.055394266,-0.3541034,-9.480261129
6.190781,-0.01005226,0,-2.201665,0.126952,0,-0.2514594,0,0,0,0,-1.895333,-0.2994163,-0.578592,0.0634,,-9.126056782,0.044262281,0.010612168,0.054874449,-0.35204316,-9.478099942
6.210781,-0.007524403,0,-2.206655,0.1265457,0,-0.2499923,0,0,0,0,-1.901338,-0.3000032,-0.5785851,0.0634,,-9.12594795,0.043747305,0.010611915,0.05435922,-0.34998922,-9.47593717
6.230782,-0.005005135,0,-2.211615,0.1261218,0,-0.2485327,0,0,0,0,-1.907354,-0.300587,-0.5785802,0.0634,,-9.125870662,0.043237952,0.010611735,0.053849687,-0.34794578,-9.473816442
6.250782,-0.002494779,0,-2.216546,0.1256823,0,-0.2470753,0,0,0,0,-1.913381,-0.30117,-0.5785725,0.0634,,-9.125749211,0.042732343,0.010611453,0.053343795,-0.34590542,-9.471654631
6.270782,6.30E-06,0,-2.221448,0.1252256,0,-0.2456231,0,0,0,0,-1.91942,-0.3017508,-0.5785654,0.0634,,-9.125637224,0.042231495,0.010611192,0.052842687,-0.34387234,-9.469509564
6.290783,0.002497802,0,-2.226321,0.1247512,0,-0.2441795,0,0,0,0,-1.925471,-0.3023283,-0.5785608,0.0634,,-9.125564669,0.04173654,0.010611023,0.052347563,-0.3418513,-9.467415969
6.310783,0.004979379,0,-2.231166,0.1242611,0,-0.2427381,0,0,0,0,-1.931533,-0.3029049,-0.5785534,0.0634,,-9.12544795,0.04124525,0.010610752,0.051856002,-0.33983334,-9.46528129
6.330784,0.00745069,0,-2.235982,0.1237541,0,-0.2413031,0,0,0,0,-1.937607,-0.3034789,-0.5785466,0.0634,,-9.125340694,0.04075903,0.010610503,0.051369533,-0.33782434,-9.463165034
6.35078,0.009911409,0,-2.240769,0.1232307,0,-0.2398763,0,0,0,0,-1.943692,-0.3040496,-0.5785407,0.0634,,-9.125247634,0.040278448,0.010610286,0.050888734,-0.33582682,-9.461074454
6.370781,0.01236122,0,-2.245528,0.1226904,0,-0.2384531,0,0,0,0,-1.949788,-0.3046189,-0.5785341,0.0634,,-9.125143533,0.039801917,0.010610044,0.050411961,-0.33383434,-9.458977873
6.390781,0.01479978,0,-2.250259,0.1221343,0,-0.237039,0,0,0,0,-1.955896,-0.3051845,-0.5785281,0.0634,,-9.125048896,0.039331241,0.010609824,0.049941065,-0.3318546,-9.456903496
6.410782,0.01722677,0,-2.254961,0.1215618,0,-0.2356282,0,0,0,0,-1.962015,-0.3057489,-0.5785205,0.0634,,-9.124929022,0.038864454,0.010609545,0.049473999,-0.32987948,-9.454808502
6.430782,0.01964187,0,-2.259636,0.1209724,0,-0.2342248,0,0,0,0,-1.968145,-0.3063102,-0.5785141,0.0634,,-9.124828076,0.03840288,0.01060931,0.04901219,-0.32791472,-9.452742796
6.450783,0.02204475,0,-2.264282,0.1203676,0,-0.2328307,0,0,0,0,-1.974287,-0.3068679,-0.5785078,0.0634,,-9.124728707,0.037947094,0.010609079,0.048556174,-0.32596298,-9.450691687
6.470783,0.02443509,0,-2.268901,0.1197461,0,-0.2314414,0,0,0,0,-1.980439,-0.3074236,-0.5785011,0.0634,,-9.124623028,0.037495585,0.010608834,0.048104419,-0.32401796,-9.448640988
6.490784,0.02681254,0,-2.273493,0.1191082,0,-0.2300586,0,0,0,0,-1.986602,-0.3079767,-0.5784945,0.0634,,-9.124518927,0.037048872,0.010608592,0.047657463,-0.32208204,-9.446600967
6.510784,0.02917686,0,-2.278057,0.1184561,0,-0.2286898,0,0,0,0,-1.992777,-0.3085243,-0.5784895,0.0634,,-9.124440063,0.036609317,0.010608408,0.047217725,-0.32016572,-9.444605783
6.530781,0.03152767,0,-2.282593,0.1177865,0,-0.2273192,0,0,0,0,-1.998962,-0.3090725,-0.5784808,0.0634,,-9.124302839,0.036171813,0.010608089,0.046779902,-0.31824688,-9.442549719
6.550781,0.03386466,0,-2.287103,0.1171018,0,-0.2259628,0,0,0,0,-2.005158,-0.309615,-0.5784753,0.0634,,-9.124216088,0.035741431,0.010607887,0.046349318,-0.31634792,-9.440564008
6.570782,0.03618757,0,-2.291586,0.1164019,0,-0.2246139,0,0,0,0,-2.011365,-0.3101546,-0.5784689,0.0634,,-9.124115142,0.035315983,0.010607653,0.045923636,-0.31445946,-9.438574602
6.590782,0.03849601,0,-2.296041,0.1156846,0,-0.2232712,0,0,0,0,-2.017583,-0.3106917,-0.5784634,0.0634,,-9.124028391,0.03489502,0.010607451,0.045502471,-0.31257968,-9.436608071
6.610783,0.04078972,0,-2.300471,0.1149541,0,-0.221939,0,0,0,0,-2.023811,-0.3112246,-0.5784566,0.0634,,-9.123921136,0.034479844,0.010607202,0.045087045,-0.3107146,-9.434635736
6.630783,0.04306838,0,-2.304874,0.114207,0,-0.2206126,0,0,0,0,-2.03005,-0.3117551,-0.5784494,0.0634,,-9.123807571,0.034068943,0.010606938,0.044675881,-0.30885764,-9.432665211
6.650784,0.04533167,0,-2.30925,0.1134441,0,-0.2192954,0,0,0,0,-2.0363,-0.312282,-0.5784432,0.0634,,-9.123709779,0.033663331,0.01060671,0.044270041,-0.30701356,-9.430723339
6.670784,0.04757936,0,-2.313601,0.1126683,0,-0.2179922,0,0,0,0,-2.042559,-0.3128033,-0.5784378,0.0634,,-9.123624606,0.033264419,0.010606512,0.043870932,-0.30518908,-9.428813686
6.690781,0.04981107,0,-2.317925,0.1118756,0,-0.2166892,0,0,0,0,-2.04883,-0.3133245,-0.5784283,0.0634,,-9.123474763,0.032867947,0.010606164,0.04347411,-0.30336488,-9.426839643
6.710781,0.05202652,0,-2.322224,0.1110681,0,-0.2154022,0,0,0,0,-2.05511,-0.3138393,-0.5784234,0.0634,,-9.123397476,0.032478675,0.010605984,0.043084659,-0.30156308,-9.424960556
6.730782,0.05422541,0,-2.326497,0.1102456,0,-0.214121,0,0,0,0,-2.061401,-0.3143518,-0.578416,0.0634,,-9.123280757,0.032093462,0.010605713,0.042699175,-0.2997694,-9.423050157
6.750782,0.0564075,0,-2.330745,0.1094098,0,-0.2128558,0,0,0,0,-2.067701,-0.3148578,-0.5784117,0.0634,,-9.123212934,0.031715314,0.010605555,0.042320869,-0.29799812,-9.421211054
6.770782,0.05857243,0,-2.334968,0.1085577,0,-0.2115906,0,0,0,0,-2.074012,-0.3153639,-0.5784019,0.0634,,-9.12305836,0.031339407,0.010605196,0.041944603,-0.29622684,-9.4192852
6.790783,0.06071994,0,-2.339166,0.107692,0,-0.2103457,0,0,0,0,-2.080333,-0.3158619,-0.5783991,0.0634,,-9.123014196,0.030971719,0.010605093,0.041576812,-0.29448398,-9.417498176
6.810783,0.06284977,0,-2.34334,0.1068119,0,-0.2091035,0,0,0,0,-2.086664,-0.3163587,-0.5783905,0.0634,,-9.122878549,0.030606992,0.010604778,0.041211769,-0.2927449,-9.415623449
6.830784,0.06496156,0,-2.347488,0.1059168,0,-0.2078722,0,0,0,0,-2.093004,-0.3168513,-0.5783833,0.0634,,-9.122764984,0.030247596,0.010604514,0.04085211,-0.29102108,-9.413786064
6.85078,0.06705511,0,-2.351613,0.1050085,0,-0.2066545,0,0,0,0,-2.099355,-0.3173384,-0.5783775,0.0634,,-9.122673502,0.029894258,0.010604301,0.040498559,-0.2893163,-9.411989802
6.870781,0.06913011,0,-2.355713,0.104086,0,-0.2054468,0,0,0,0,-2.105714,-0.3178214,-0.5783713,0.0634,,-9.12257571,0.029545871,0.010604074,0.040149945,-0.28762552,-9.41020123
6.890781,0.07118624,0,-2.35979,0.1031484,0,-0.2042476,0,0,0,0,-2.112084,-0.3183011,-0.5783646,0.0634,,-9.122470032,0.029201957,0.010603828,0.039805785,-0.28594664,-9.408416672
6.910782,0.07322329,0,-2.363842,0.1021988,0,-0.2030617,0,0,0,0,-2.118463,-0.3187755,-0.578358,0.0634,,-9.122365931,0.028863838,0.010603586,0.039467424,-0.28428638,-9.406652311
6.930782,0.07524095,0,-2.367872,0.1012344,0,-0.2018839,0,0,0,0,-2.124851,-0.3192466,-0.5783501,0.0634,,-9.122241325,0.028529976,0.010603296,0.039133273,-0.28263746,-9.404878785
6.950783,0.07723898,0,-2.371878,0.1002569,0,-0.2007206,0,0,0,0,-2.131248,-0.3197119,-0.5783443,0.0634,,-9.122149842,0.028202131,0.010603084,0.038805215,-0.28100884,-9.403158682
6.970783,0.0792171,0,-2.375861,0.09926611,0,-0.1995689,0,0,0,0,-2.137655,-0.3201726,-0.5783389,0.0634,,-9.122064669,0.027879422,0.010602885,0.038482308,-0.27939646,-9.401461129
6.990784,0.08117504,0,-2.379822,0.09826232,0,-0.1984283,0,0,0,0,-2.144071,-0.3206288,-0.5783328,0.0634,,-9.121968454,0.027561653,0.010602662,0.038164315,-0.27779962,-9.399768074
7.01078,0.08311254,0,-2.38376,0.09724446,0,-0.1972966,0,0,0,0,-2.150496,-0.3210815,-0.5783251,0.0634,,-9.121847003,0.027248164,0.01060238,0.037850543,-0.27621524,-9.398062243
7.030781,0.08502935,0,-2.387676,0.09621464,0,-0.1961795,0,0,0,0,-2.156929,-0.3215283,-0.5783188,0.0634,,-9.121747634,0.026940477,0.010602149,0.037542626,-0.2746513,-9.396398934
7.050781,0.08692518,0,-2.391569,0.09517085,0,-0.1950716,0,0,0,0,-2.163372,-0.3219715,-0.5783111,0.0634,,-9.121626183,0.02663705,0.010601866,0.037238917,-0.27310024,-9.394726423
7.070782,0.0887998,0,-2.395441,0.09411537,0,-0.1939789,0,0,0,0,-2.169823,-0.3224086,-0.5783052,0.0634,,-9.121533123,0.02633947,0.01060165,0.036941119,-0.27157046,-9.393103583
7.090782,0.09065299,0,-2.399291,0.09304719,0,-0.1928984,0,0,0,0,-2.176283,-0.3228408,-0.5782993,0.0634,,-9.121440063,0.026046855,0.010601434,0.036648288,-0.27005776,-9.391497823
7.110783,0.09248449,0,-2.40312,0.09196673,0,-0.1918298,0,0,0,0,-2.182752,-0.3232682,-0.5782929,0.0634,,-9.121339117,0.025759071,0.010601199,0.036360269,-0.26856172,-9.389900837
7.130783,0.09429403,0,-2.406928,0.09087387,0,-0.1907749,0,0,0,0,-2.189229,-0.3236902,-0.5782875,0.0634,,-9.121253943,0.025476544,0.010601001,0.036077545,-0.26708486,-9.388338803
7.150784,0.09608139,0,-2.410716,0.08976885,0,-0.189732,0,0,0,0,-2.195714,-0.3241073,-0.5782816,0.0634,,-9.121160883,0.025198762,0.010600785,0.035799547,-0.2656248,-9.386785683
7.17078,0.09784631,0,-2.414482,0.0886512,0,-0.1886989,0,0,0,0,-2.202207,-0.3245206,-0.5782732,0.0634,,-9.121028391,0.024925092,0.010600477,0.035525569,-0.26417846,-9.385206851
7.190781,0.09958856,0,-2.418229,0.08752159,0,-0.187679,0,0,0,0,-2.208708,-0.3249285,-0.5782651,0.0634,,-9.120900631,0.024656385,0.01060018,0.035256565,-0.2627506,-9.383651231
7.210781,0.1013079,0,-2.421955,0.086382,0,-0.1866779,0,0,0,0,-2.215218,-0.3253289,-0.5782612,0.0634,,-9.120839117,0.024394047,0.010600037,0.034994084,-0.26134906,-9.382188177
7.230782,0.1030042,0,-2.425662,0.08522927,0,-0.1856846,0,0,0,0,-2.221735,-0.3257263,-0.5782531,0.0634,,-9.120711356,0.024135139,0.01059974,0.034734879,-0.25995844,-9.380669796
7.250782,0.1046771,0,-2.429349,0.08406594,0,-0.1847073,0,0,0,0,-2.22826,-0.3261172,-0.5782471,0.0634,,-9.120616719,0.023881751,0.01059952,0.03448127,-0.25859022,-9.379206939
7.270782,0.1063264,0,-2.433017,0.08289135,0,-0.1837436,0,0,0,0,-2.234793,-0.3265027,-0.5782411,0.0634,,-9.120522082,0.023633197,0.0105993,0.034232497,-0.25724104,-9.377763122
7.290783,0.1079519,0,-2.436666,0.08170605,0,-0.1827935,0,0,0,0,-2.241333,-0.3268827,-0.5782348,0.0634,,-9.120422713,0.023389425,0.010599069,0.033988493,-0.2559109,-9.376333613
7.310783,0.1095534,0,-2.440297,0.08050852,0,-0.1818542,0,0,0,0,-2.247881,-0.3272585,-0.5782264,0.0634,,-9.120290221,0.023149665,0.010598761,0.033748426,-0.25459588,-9.374886101
7.330784,0.1111307,0,-2.443909,0.07930227,0,-0.1809351,0,0,0,0,-2.254436,-0.3276261,-0.5782232,0.0634,,-9.120239748,0.022916257,0.010598644,0.033514901,-0.25330914,-9.373548888
7.35078,0.1126836,0,-2.447503,0.07808384,0,-0.1800234,0,0,0,0,-2.260998,-0.3279908,-0.578214,0.0634,,-9.120094637,0.022685897,0.010598306,0.033284204,-0.25203276,-9.372127397
7.370781,0.1142118,0,-2.451079,0.07685562,0,-0.1791293,0,0,0,0,-2.267568,-0.3283484,-0.5782081,0.0634,,-9.120001577,0.022461114,0.01059809,0.033059204,-0.25078102,-9.370782597
7.390781,0.1157152,0,-2.454638,0.07561692,0,-0.1782494,0,0,0,0,-2.274144,-0.3287004,-0.5782022,0.0634,,-9.119908517,0.022240994,0.010597874,0.032838868,-0.24954916,-9.369457677
7.410782,0.1171935,0,-2.45818,0.07436771,0,-0.177381,0,0,0,0,-2.280728,-0.3290477,-0.5781936,0.0634,,-9.119772871,0.022024813,0.010597558,0.032622372,-0.2483334,-9.368106271
7.430782,0.1186466,0,-2.461704,0.07311043,0,-0.1765328,0,0,0,0,-2.287318,-0.329387,-0.5781898,0.0634,,-9.119712934,0.021814681,0.010597419,0.0324121,-0.24714592,-9.366858854
7.450783,0.1200743,0,-2.465212,0.07184114,0,-0.1756935,0,0,0,0,-2.293915,-0.3297227,-0.5781814,0.0634,,-9.119580442,0.021607744,0.010597111,0.032204855,-0.2459709,-9.365551342
7.470783,0.1214763,0,-2.468704,0.07056456,0,-0.1748745,0,0,0,0,-2.300518,-0.3300503,-0.5781776,0.0634,,-9.119520505,0.021406764,0.010596972,0.032003736,-0.2448243,-9.364344805
7.490784,0.1228526,0,-2.47218,0.06927541,0,-0.174062,0,0,0,0,-2.307128,-0.3303754,-0.5781664,0.0634,,-9.119343849,0.021208306,0.010596561,0.031804867,-0.2436868,-9.363030649
7.51078,0.1242028,0,-2.47564,0.06798154,0,-0.1732755,0,0,0,0,-2.313744,-0.33069,-0.5781649,0.0634,,-9.119320189,0.021017079,0.010596506,0.031613586,-0.2425857,-9.361905889
7.530781,0.1255269,0,-2.479084,0.06667463,0,-0.172496,0,0,0,0,-2.320366,-0.3310018,-0.5781569,0.0634,,-9.119194006,0.020828409,0.010596213,0.031424622,-0.2414944,-9.360688406
7.550781,0.1268246,0,-2.482513,0.06536181,0,-0.1717371,0,0,0,0,-2.326994,-0.3313053,-0.5781531,0.0634,,-9.119134069,0.020645542,0.010596074,0.031241616,-0.24043194,-9.359566009
7.570782,0.1280959,0,-2.485928,0.06403769,0,-0.1709874,0,0,0,0,-2.333629,-0.3316052,-0.578144,0.0634,,-9.118990536,0.020465684,0.01059574,0.031061424,-0.23938236,-9.358372896
7.590782,0.1293403,0,-2.489328,0.06270474,0,-0.1702533,0,0,0,0,-2.340269,-0.3318989,-0.5781353,0.0634,,-9.118853312,0.02029033,0.010595421,0.030885752,-0.23835462,-9.357207932
7.610783,0.130558,0,-2.492714,0.06136681,0,-0.1695406,0,0,0,0,-2.346914,-0.3321839,-0.5781315,0.0634,,-9.118793375,0.020120811,0.010595282,0.030716093,-0.23735684,-9.356150215
7.630783,0.1317486,0,-2.496086,0.06001839,0,-0.1688406,0,0,0,0,-2.353565,-0.3324639,-0.5781258,0.0634,,-9.11870347,0.019955004,0.010595073,0.030550077,-0.23637684,-9.35508031
7.650784,0.1329121,0,-2.499444,0.05866133,0,-0.1681527,0,0,0,0,-2.360222,-0.3327391,-0.5781161,0.0634,,-9.118550473,0.019792731,0.010594718,0.030387449,-0.23541378,-9.353964253
7.67078,0.1340482,0,-2.502789,0.05729657,0,-0.1674813,0,0,0,0,-2.366884,-0.3330076,-0.5781074,0.0634,,-9.118413249,0.01963499,0.010594399,0.030229389,-0.23447382,-9.352887069
7.690781,0.1351569,0,-2.506121,0.05592774,0,-0.1668338,0,0,0,0,-2.373551,-0.3332666,-0.5781063,0.0634,,-9.118395899,0.019483462,0.010594359,0.03007782,-0.23356732,-9.351963219
7.710781,0.1362379,0,-2.50944,0.05454878,0,-0.1661967,0,0,0,0,-2.380224,-0.3335215,-0.5781003,0.0634,,-9.118301262,0.01933494,0.010594139,0.029929079,-0.23267538,-9.350976642
7.730782,0.1372911,0,-2.512748,0.05316126,0,-0.1655727,0,0,0,0,-2.386901,-0.3337711,-0.5780911,0.0634,,-9.118156151,0.019190023,0.010593801,0.029783825,-0.23180178,-9.349957931
7.750782,0.1383164,0,-2.516043,0.0517683,0,-0.1649677,0,0,0,0,-2.393583,-0.3340131,-0.5780849,0.0634,,-9.11805836,0.019050039,0.010593574,0.029643614,-0.23095478,-9.34901314
7.770782,0.1393137,0,-2.519326,0.05036869,0,-0.1643783,0,0,0,0,-2.400269,-0.3342488,-0.5780778,0.0634,,-9.117946372,0.018914158,0.010593314,0.029507472,-0.23012962,-9.348075992
7.790783,0.1402828,0,-2.522598,0.04896162,0,-0.163806,0,0,0,0,-2.40696,-0.3344778,-0.5780721,0.0634,,-9.117856467,0.018782684,0.010593105,0.029375789,-0.2293284,-9.347184867
7.810783,0.1412236,0,-2.525859,0.04754863,0,-0.1632495,0,0,0,0,-2.413656,-0.3347004,-0.5780655,0.0634,,-9.117752366,0.018655279,0.010592863,0.029248143,-0.2285493,-9.346301666
7.83078,0.142136,0,-2.52911,0.04612861,0,-0.1627096,0,0,0,0,-2.420356,-0.3349163,-0.5780595,0.0634,,-9.117657729,0.01853209,0.010592643,0.029124733,-0.22779344,-9.345451169
7.85078,0.1430198,0,-2.53235,0.04470484,0,-0.1621889,0,0,0,0,-2.42706,-0.3351246,-0.5780559,0.0634,,-9.117600946,0.018413667,0.010592511,0.029006179,-0.22706446,-9.344665406
7.870781,0.1438749,0,-2.53558,0.04327045,0,-0.161676,0,0,0,0,-2.433768,-0.3353297,-0.5780434,0.0634,,-9.117403785,0.01829739,0.010592053,0.028889444,-0.2263464,-9.343750185
7.890781,0.1447013,0,-2.5388,0.04183373,0,-0.1611855,0,0,0,0,-2.44048,-0.3355259,-0.5780367,0.0634,,-9.117298107,0.018186536,0.010591808,0.028778344,-0.2256597,-9.342957807
7.910782,0.1454987,0,-2.542011,0.04039128,0,-0.1607146,0,0,0,0,-2.447195,-0.3357143,-0.5780339,0.0634,,-9.117253943,0.018080428,0.010591705,0.028672133,-0.22500044,-9.342254383
7.930782,0.1462671,0,-2.545213,0.03894361,0,-0.1602573,0,0,0,0,-2.453914,-0.3358972,-0.578027,0.0634,,-9.11714511,0.017977682,0.010591452,0.028569134,-0.22436022,-9.34150533
7.950783,0.1470065,0,-2.548407,0.03749027,0,-0.1598169,0,0,0,0,-2.460637,-0.3360734,-0.5780205,0.0634,,-9.117042587,0.017879009,0.010591214,0.028470223,-0.22374366,-9.340786247
7.970783,0.1477166,0,-2.551591,0.03603025,0,-0.1593914,0,0,0,0,-2.467363,-0.3362436,-0.5780121,0.0634,,-9.116910095,0.017783933,0.010590906,0.028374839,-0.22314796,-9.340058055
7.990784,0.1483974,0,-2.554768,0.03456898,0,-0.158986,0,0,0,0,-2.474092,-0.3364058,-0.5780067,0.0634,,-9.116824921,0.017693584,0.010590708,0.028284292,-0.2225804,-9.339405321
8.01078,0.1490489,0,-2.557938,0.03310135,0,-0.1585975,0,0,0,0,-2.480824,-0.3365612,-0.5780017,0.0634,,-9.116746057,0.017607217,0.010590525,0.028197742,-0.2220365,-9.338782557
8.030781,0.1496709,0,-2.5611,0.03162725,0,-0.1582221,0,0,0,0,-2.48756,-0.3367113,-0.5779924,0.0634,,-9.116599369,0.017523963,0.010590184,0.028114147,-0.22151094,-9.338110309
8.050781,0.1502634,0,-2.564255,0.03015319,0,-0.1578684,0,0,0,0,-2.494298,-0.3368528,-0.5779878,0.0634,,-9.116526814,0.017445702,0.010590016,0.028035718,-0.22101576,-9.337542574
8.070782,0.1508262,0,-2.567403,0.02867136,0,-0.1575273,0,0,0,0,-2.501038,-0.3369893,-0.5779784,0.0634,,-9.116378549,0.017370395,0.010589671,0.027960066,-0.22053822,-9.336916769
8.090782,0.1513593,0,-2.570545,0.02718864,0,-0.1572091,0,0,0,0,-2.507782,-0.3371165,-0.5779758,0.0634,,-9.116337539,0.017300291,0.010589576,0.027889867,-0.22009274,-9.336430279
8.110783,0.1518626,0,-2.573681,0.0256996,0,-0.1569018,0,0,0,0,-2.514527,-0.3372395,-0.5779657,0.0634,,-9.116178233,0.017232722,0.010589206,0.027821928,-0.21966252,-9.335840753
8.130783,0.1523361,0,-2.576811,0.02421038,0,-0.1566173,0,0,0,0,-2.521275,-0.3373533,-0.5779622,0.0634,,-9.116123028,0.017170285,0.010589078,0.027759363,-0.21926422,-9.335387248
8.150784,0.1527797,0,-2.579936,0.02271461,0,-0.1563453,0,0,0,0,-2.528025,-0.337462,-0.5779531,0.0634,,-9.115979495,0.017110697,0.010588744,0.027699441,-0.21888342,-9.334862915
8.17078,0.1531933,0,-2.583056,0.02121872,0,-0.1560947,0,0,0,0,-2.534777,-0.3375623,-0.5779488,0.0634,,-9.115911672,0.017055889,0.010588587,0.027644475,-0.21853258,-9.334444252
8.190781,0.1535769,0,-2.586172,0.01971912,0,-0.1558598,0,0,0,0,-2.54153,-0.3376563,-0.5779426,0.0634,,-9.11581388,0.017004594,0.010588359,0.027592954,-0.21820372,-9.3340176
8.210781,0.1539304,0,-2.589283,0.01821653,0,-0.1556419,0,0,0,0,-2.548286,-0.3377434,-0.5779359,0.0634,,-9.115708202,0.016957081,0.010588114,0.027545195,-0.21789866,-9.333606862
8.230782,0.1542538,0,-2.592391,0.01671149,0,-0.1554416,0,0,0,0,-2.555043,-0.3378235,-0.5779296,0.0634,,-9.115608833,0.016913464,0.010587883,0.027501347,-0.21761824,-9.333227073
8.250782,0.1545471,0,-2.595495,0.0152043,0,-0.1552587,0,0,0,0,-2.561801,-0.3378967,-0.5779232,0.0634,,-9.115507886,0.016873685,0.010587649,0.027461333,-0.21736218,-9.332870066
8.270782,0.1548102,0,-2.598596,0.01369581,0,-0.1550925,0,0,0,0,-2.568561,-0.3379632,-0.5779158,0.0634,,-9.115391167,0.016837578,0.010587377,0.027424956,-0.2171295,-9.332520667
8.290783,0.155043,0,-2.601694,0.01218435,0,-0.1549452,0,0,0,0,-2.575322,-0.3380221,-0.5779104,0.0634,,-9.115305994,0.016805611,0.01058718,0.02739279,-0.21692328,-9.332229274
8.310783,0.1552456,0,-2.604789,0.01067194,0,-0.1548143,0,0,0,0,-2.582083,-0.3380745,-0.5779035,0.0634,,-9.115197161,0.016777227,0.010586927,0.027364154,-0.21674002,-9.331937181
8.33078,0.1554179,0,-2.607882,0.009158319,0,-0.1547009,0,0,0,0,-2.588846,-0.3381198,-0.5778967,0.0634,,-9.115089905,0.016752658,0.010586678,0.027339336,-0.21658126,-9.331671165
8.35078,0.15556,0,-2.610974,0.007645238,0,-0.1546076,0,0,0,0,-2.595609,-0.3381571,-0.5778931,0.0634,,-9.115033123,0.016732457,0.010586546,0.027319003,-0.21645064,-9.331483763
8.370781,0.1556716,0,-2.614064,0.006125362,0,-0.1545251,0,0,0,0,-2.602373,-0.3381902,-0.5778809,0.0634,,-9.114840694,0.016714605,0.010586099,0.027300703,-0.21633514,-9.331175834
8.390781,0.155753,0,-2.617153,0.0046112,0,-0.1544663,0,0,0,0,-2.609138,-0.3382137,-0.5778768,0.0634,,-9.114776025,0.016701886,0.010585949,0.027287835,-0.21625282,-9.331028845
8.410782,0.1558039,0,-2.620241,0.003093024,0,-0.1544231,0,0,0,0,-2.615902,-0.3382309,-0.5778701,0.0634,,-9.114670347,0.016692546,0.010585703,0.027278249,-0.21619234,-9.330862687
8.430782,0.1558246,0,-2.623329,0.001577453,0,-0.1544,0,0,0,0,-2.622667,-0.3382402,-0.5778669,0.0634,,-9.114619874,0.016687552,0.010585586,0.027273138,-0.21616,-9.330779874
8.450783,0.1558149,0,-2.626417,5.84E-05,0,-0.1543898,0,0,0,0,-2.629432,-0.3382443,-0.5778573,0.0634,,-9.114468454,0.016685347,0.010585234,0.027270581,-0.21614572,-9.330614174
8.470783,0.1557748,0,-2.629505,-0.001458565,0,-0.1544018,0,0,0,0,-2.636197,-0.3382395,-0.5778542,0.0634,,-9.114419558,0.016687941,0.010585121,0.027273062,-0.21616252,-9.330582078
8.49078,0.1557044,0,-2.632594,-0.002977228,0,-0.1544263,0,0,0,0,-2.642961,-0.3382297,-0.577844,0.0634,,-9.114258675,0.016693237,0.010584747,0.027277984,-0.21619682,-9.330455495
8.51078,0.1556037,0,-2.635684,-0.004494367,0,-0.154471,0,0,0,0,-2.649725,-0.3382118,-0.5778376,0.0634,,-9.114157729,0.016702903,0.010584512,0.027287415,-0.2162594,-9.330417129
8.530781,0.1554726,0,-2.638776,-0.006010683,0,-0.1545327,0,0,0,0,-2.656489,-0.3381871,-0.5778306,0.0634,,-9.114047319,0.016716249,0.010584256,0.027300505,-0.21634578,-9.330393099
8.550781,0.1553113,0,-2.641868,-0.007527507,0,-0.1546103,0,0,0,0,-2.663252,-0.3381561,-0.5778211,0.0634,,-9.113897476,0.016733041,0.010583908,0.027316949,-0.21645442,-9.330351896
8.570782,0.1551196,0,-2.644964,-0.00903971,0,-0.1547105,0,0,0,0,-2.670014,-0.338116,-0.5778189,0.0634,,-9.113862776,0.016754737,0.010583827,0.027338565,-0.2165947,-9.330457476
8.590782,0.1548977,0,-2.648061,-0.01055267,0,-0.1548273,0,0,0,0,-2.676775,-0.3380693,-0.5778154,0.0634,,-9.113807571,0.016780045,0.010583699,0.027363744,-0.21675822,-9.330565791
8.610783,0.1546456,0,-2.651161,-0.01206438,0,-0.1549589,0,0,0,0,-2.683535,-0.3380167,-0.577808,0.0634,,-9.113690852,0.016808582,0.010583428,0.027392011,-0.21694246,-9.330633312
8.630783,0.1543633,0,-2.654265,-0.01357566,0,-0.1551054,0,0,0,0,-2.690293,-0.337958,-0.5777972,0.0634,,-9.113520505,0.01684038,0.010583032,0.027423412,-0.21714756,-9.330668065
8.65078,0.1540508,0,-2.657372,-0.01508438,0,-0.1552724,0,0,0,0,-2.697051,-0.3378912,-0.5777906,0.0634,,-9.113416404,0.016876663,0.010582791,0.027459453,-0.21738136,-9.330797764
8.67078,0.1537083,0,-2.660482,-0.01658995,0,-0.1554573,0,0,0,0,-2.703806,-0.3378173,-0.5777848,0.0634,,-9.113324921,0.01691688,0.010582578,0.027499459,-0.21764022,-9.330965141
8.690781,0.1533356,0,-2.663597,-0.01809298,0,-0.1556608,0,0,0,0,-2.710561,-0.3377359,-0.5777807,0.0634,,-9.113260252,0.016961199,0.010582428,0.027543627,-0.21792512,-9.331185372
8.710781,0.152933,0,-2.666716,-0.01959537,0,-0.1558786,0,0,0,0,-2.717313,-0.3376487,-0.577772,0.0634,,-9.113123028,0.017008697,0.010582109,0.027590806,-0.21823004,-9.331353068
8.730782,0.1525004,0,-2.66984,-0.02109454,0,-0.1561155,0,0,0,0,-2.724063,-0.337554,-0.5777659,0.0634,,-9.113026814,0.017060435,0.010581886,0.02764232,-0.2185617,-9.331588514
8.750782,0.1520379,0,-2.67297,-0.02258907,0,-0.1563701,0,0,0,0,-2.730811,-0.3374522,-0.5777607,0.0634,,-9.112944795,0.017116126,0.010581695,0.027697821,-0.21891814,-9.331862935
8.770782,0.1515456,0,-2.676105,-0.02408296,0,-0.1566406,0,0,0,0,-2.737557,-0.337344,-0.5777531,0.0634,,-9.112824921,0.017175394,0.010581417,0.027756811,-0.21929684,-9.332121761
8.790783,0.1510235,0,-2.679245,-0.02557309,0,-0.1569283,0,0,0,0,-2.744301,-0.3372289,-0.5777457,0.0634,,-9.112708202,0.017238544,0.010581146,0.02781969,-0.21969962,-9.332407822
8.810783,0.1504718,0,-2.682393,-0.02705684,0,-0.1572348,0,0,0,0,-2.751042,-0.3371063,-0.5777411,0.0634,,-9.112635647,0.017305948,0.010580977,0.027886925,-0.22012872,-9.332764367
8.83078,0.1498903,0,-2.685546,-0.0285403,0,-0.1575584,0,0,0,0,-2.757781,-0.3369769,-0.5777356,0.0634,,-9.112548896,0.017377255,0.010580776,0.027958031,-0.22058176,-9.333130656
8.85078,0.1492794,0,-2.688707,-0.03001969,0,-0.1578966,0,0,0,0,-2.764517,-0.3368416,-0.5777268,0.0634,,-9.112410095,0.017451935,0.010580454,0.028032389,-0.22105524,-9.333465335
8.870781,0.148639,0,-2.691875,-0.03149299,0,-0.1582536,0,0,0,0,-2.77125,-0.3366988,-0.5777209,0.0634,,-9.112317035,0.017530941,0.010580238,0.028111179,-0.22155504,-9.333872075
8.890781,0.1479693,0,-2.69505,-0.0329641,0,-0.1586271,0,0,0,0,-2.777979,-0.3365494,-0.5777138,0.0634,,-9.112205047,0.01761379,0.010579978,0.028193767,-0.22207794,-9.334282987
8.910782,0.1472702,0,-2.698233,-0.03442967,0,-0.1590191,0,0,0,0,-2.784706,-0.3363926,-0.5777089,0.0634,,-9.11212776,0.017700952,0.010579798,0.02828075,-0.22262674,-9.3347545
8.930782,0.146542,0,-2.701425,-0.03588964,0,-0.159427,0,0,0,0,-2.79143,-0.3362294,-0.5777032,0.0634,,-9.112037855,0.017791878,0.010579589,0.028371467,-0.2231978,-9.335235655
8.950783,0.1457846,0,-2.704625,-0.03734828,0,-0.159849,0,0,0,0,-2.79815,-0.3360606,-0.5776926,0.0634,,-9.111870662,0.017886192,0.010579201,0.028465393,-0.2237886,-9.335659262
8.970783,0.1449983,0,-2.707834,-0.03879752,0,-0.1602932,0,0,0,0,-2.804866,-0.3358829,-0.5776906,0.0634,,-9.111839117,0.017985737,0.010579128,0.028564865,-0.22441048,-9.336249597
8.99078,0.1441831,0,-2.711052,-0.040244,0,-0.1607508,0,0,0,0,-2.811579,-0.3356999,-0.5776833,0.0634,,-9.111723975,0.018088574,0.01057886,0.028667434,-0.22505112,-9.336775095
9.01078,0.1433391,0,-2.714281,-0.04168385,0,-0.1612255,0,0,0,0,-2.818287,-0.33551,-0.5776771,0.0634,,-9.111626183,0.018195563,0.010578633,0.028774197,-0.2257157,-9.337341883
9.030781,0.1424665,0,-2.717519,-0.0431199,0,-0.1617168,0,0,0,0,-2.824992,-0.3353135,-0.5776702,0.0634,,-9.11151735,0.018306626,0.010578381,0.028885007,-0.22640352,-9.33792087
9.050781,0.1415653,0,-2.720767,-0.04454779,0,-0.1622249,0,0,0,0,-2.831693,-0.3351103,-0.5776647,0.0634,,-9.111430599,0.018421843,0.010578179,0.029000022,-0.22711486,-9.338545459
9.070782,0.1406357,0,-2.724026,-0.04597197,0,-0.1627486,0,0,0,0,-2.838389,-0.3349008,-0.577657,0.0634,,-9.111309148,0.018540975,0.010577897,0.029118872,-0.22784804,-9.339157188
9.090782,0.1396778,0,-2.727295,-0.04738944,0,-0.1632902,0,0,0,0,-2.845082,-0.3346842,-0.5776514,0.0634,,-9.11122082,0.018664583,0.010577692,0.029242275,-0.22860628,-9.3398271
9.110783,0.1386917,0,-2.730577,-0.04879869,0,-0.1638481,0,0,0,0,-2.851769,-0.334461,-0.5776467,0.0634,,-9.111146688,0.01879234,0.01057752,0.02936986,-0.22938734,-9.340534028
9.130783,0.1376777,0,-2.733869,-0.05020541,0,-0.1644166,0,0,0,0,-2.858452,-0.3342336,-0.5776329,0.0634,,-9.110929022,0.018922973,0.010577015,0.029499987,-0.23018324,-9.341112262
9.15078,0.1366357,0,-2.737174,-0.05160096,0,-0.1650092,0,0,0,0,-2.86513,-0.3339966,-0.5776312,0.0634,,-9.110902208,0.019059625,0.010576952,0.029636578,-0.23101288,-9.341915088
9.17078,0.135566,0,-2.74049,-0.05299216,0,-0.1656142,0,0,0,0,-2.871804,-0.3337546,-0.5776237,0.0634,,-9.110783912,0.019199644,0.010576678,0.029776322,-0.23185988,-9.342643792
9.190781,0.1344686,0,-2.74382,-0.0543758,0,-0.1662348,0,0,0,0,-2.878472,-0.3335064,-0.5776159,0.0634,,-9.110660883,0.019343806,0.010576392,0.029920198,-0.23272872,-9.343389603
9.210781,0.1333438,0,-2.747162,-0.05575057,0,-0.1668741,0,0,0,0,-2.885135,-0.3332506,-0.5776124,0.0634,,-9.110605678,0.019492876,0.010576264,0.03006914,-0.23362374,-9.344229418
9.230782,0.1321917,0,-2.750517,-0.05712049,0,-0.1675251,0,0,0,0,-2.891793,-0.3329903,-0.5776023,0.0634,,-9.110446372,0.019645261,0.010575894,0.030221155,-0.23453514,-9.344981512
9.250782,0.1310124,0,-2.753886,-0.05848034,0,-0.1681955,0,0,0,0,-2.898445,-0.3327221,-0.577598,0.0634,,-9.110378549,0.019802808,0.010575737,0.030378545,-0.2354737,-9.345852249
9.270782,0.1298061,0,-2.757269,-0.05983531,0,-0.1688781,0,0,0,0,-2.905092,-0.332449,-0.5775878,0.0634,,-9.110217666,0.019963869,0.010575363,0.030539232,-0.23642934,-9.346647006
9.290783,0.128573,0,-2.760665,-0.06117764,0,-0.1695811,0,0,0,0,-2.911734,-0.3321679,-0.5775861,0.0634,,-9.110190852,0.020130425,0.010575301,0.030705725,-0.23741354,-9.347604392
9.31078,0.1273131,0,-2.764077,-0.06251407,0,-0.1702995,0,0,0,0,-2.918369,-0.3318805,-0.577583,0.0634,,-9.110141956,0.020301344,0.010575187,0.030876531,-0.2384193,-9.348561256
9.33078,0.1260268,0,-2.767503,-0.06384382,0,-0.1710273,0,0,0,0,-2.924999,-0.3315894,-0.5775716,0.0634,,-9.109962145,0.020475236,0.01057477,0.031050006,-0.23943822,-9.349400365
9.35078,0.1247141,0,-2.770944,-0.06516267,0,-0.1717752,0,0,0,0,-2.931622,-0.3312902,-0.5775676,0.0634,,-9.109899054,0.020654704,0.010574623,0.031229327,-0.24048528,-9.350384334
9.370781,0.1233753,0,-2.7744,-0.06647412,0,-0.1725348,0,0,0,0,-2.93824,-0.3309864,-0.5775585,0.0634,,-9.109755521,0.02083778,0.01057429,0.03141207,-0.24154872,-9.351304241
9.390781,0.1220105,0,-2.777872,-0.06777667,0,-0.1733131,0,0,0,0,-2.944851,-0.3306751,-0.5775536,0.0634,,-9.109678233,0.021026201,0.010574111,0.031600312,-0.24263834,-9.352316573
9.410782,0.1206199,0,-2.781359,-0.06907161,0,-0.1741008,0,0,0,0,-2.951456,-0.33036,-0.5775414,0.0634,,-9.109485804,0.021217762,0.010573664,0.031791426,-0.24374112,-9.353226924
9.430782,0.1192038,0,-2.784863,-0.0703529,0,-0.1749102,0,0,0,0,-2.958054,-0.3300363,-0.57754,0.0634,,-9.109463722,0.021415505,0.010573613,0.031989117,-0.24487428,-9.354338002
9.450783,0.1177622,0,-2.788384,-0.07162718,0,-0.1757333,0,0,0,0,-2.964646,-0.329707,-0.5775357,0.0634,,-9.109395899,0.021617535,0.010573455,0.03219099,-0.24602662,-9.355422519
9.470779,0.1162953,0,-2.791922,-0.07289154,0,-0.1765691,0,0,0,0,-2.971231,-0.3293727,-0.5775293,0.0634,,-9.109294953,0.021823653,0.010573221,0.032396874,-0.24719674,-9.356491693
9.49078,0.1148035,0,-2.795476,-0.07414809,0,-0.1774166,0,0,0,0,-2.977809,-0.3290337,-0.5775184,0.0634,,-9.109123028,0.022033655,0.010572822,0.032606477,-0.24838324,-9.357506268
9.51078,0.1132868,0,-2.799048,-0.07539331,0,-0.1782818,0,0,0,0,-2.98438,-0.3286876,-0.5775122,0.0634,,-9.109025237,0.02224908,0.010572595,0.032821675,-0.24959452,-9.358619757
9.530781,0.1117455,0,-2.802638,-0.07662796,0,-0.179161,0,0,0,0,-2.990945,-0.3283359,-0.577506,0.0634,,-9.108927445,0.022469065,0.010572368,0.033041433,-0.2508254,-9.359752845
9.550781,0.1101798,0,-2.806246,-0.07785204,0,-0.1800551,0,0,0,0,-2.997502,-0.3279783,-0.5775009,0.0634,,-9.108847003,0.022693887,0.010572181,0.033266068,-0.25207714,-9.360924143
9.570782,0.1085898,0,-2.809872,-0.07906554,0,-0.1809651,0,0,0,0,-3.004051,-0.3276143,-0.5774978,0.0634,,-9.108798107,0.022923857,0.010572068,0.033495925,-0.25335114,-9.362149247
9.590782,0.1069759,0,-2.813516,-0.08027088,0,-0.1818822,0,0,0,0,-3.010593,-0.3272475,-0.5774854,0.0634,,-9.108602524,0.023156794,0.010571614,0.033728408,-0.25463508,-9.363237604
9.610783,0.1053382,0,-2.817179,-0.08146299,0,-0.1828198,0,0,0,0,-3.017128,-0.3268724,-0.5774822,0.0634,,-9.10855205,0.023396155,0.010571496,0.033967652,-0.25594772,-9.36449977
9.630783,0.1036769,0,-2.820862,-0.08264498,0,-0.1837689,0,0,0,0,-3.023655,-0.3264928,-0.577476,0.0634,,-9.108454259,0.023639706,0.010571269,0.034210975,-0.25727646,-9.365730719
9.65078,0.1019923,0,-2.824563,-0.0838173,0,-0.1847275,0,0,0,0,-3.030175,-0.3261093,-0.5774644,0.0634,,-9.108271293,0.023886974,0.010570845,0.034457819,-0.2586185,-9.366889793
9.67078,0.1002845,0,-2.828285,-0.08497477,0,-0.1857086,0,0,0,0,-3.036686,-0.3257169,-0.5774652,0.0634,,-9.108283912,0.024141379,0.010570874,0.034712253,-0.25999204,-9.368275952
9.690781,0.09855396,0,-2.832026,-0.08612465,0,-0.1866939,0,0,0,0,-3.04319,-0.3253228,-0.5774534,0.0634,,-9.108097792,0.024398229,0.010570442,0.034968671,-0.26137146,-9.369469252
9.710781,0.09680067,0,-2.835787,-0.08726103,0,-0.1876984,0,0,0,0,-3.049685,-0.324921,-0.5774496,0.0634,,-9.108037855,0.024661483,0.010570303,0.035231785,-0.26277776,-9.370815615
9.730782,0.09502498,0,-2.839568,-0.08838643,0,-0.1887133,0,0,0,0,-3.056173,-0.324515,-0.5774424,0.0634,,-9.10792429,0.024928897,0.010570039,0.035498936,-0.26419862,-9.37212291
9.750782,0.09322713,0,-2.843371,-0.08949985,0,-0.1897406,0,0,0,0,-3.062652,-0.3241041,-0.5774349,0.0634,,-9.107805994,0.025201047,0.010569765,0.035770811,-0.26563684,-9.373442834
9.770782,0.09140732,0,-2.847194,-0.09060141,0,-0.1907818,0,0,0,0,-3.069122,-0.3236876,-0.5774284,0.0634,,-9.10770347,0.025478387,0.010569527,0.036047913,-0.26709452,-9.37479799
9.790783,0.08956584,0,-2.851038,-0.09169012,0,-0.191836,0,0,0,0,-3.075585,-0.3232659,-0.5774229,0.0634,,-9.107616719,0.025760736,0.010569325,0.036330061,-0.2685704,-9.376187119
9.81078,0.08770288,0,-2.854904,-0.09276631,0,-0.1929036,0,0,0,0,-3.082038,-0.3228389,-0.5774186,0.0634,,-9.107548896,0.026048259,0.010569168,0.036617427,-0.27006504,-9.377613936
9.83078,0.08581872,0,-2.858792,-0.09383217,0,-0.1939803,0,0,0,0,-3.088483,-0.3224082,-0.5774091,0.0634,,-9.107399054,0.02633985,0.01056882,0.03690867,-0.27157242,-9.378971474
9.85078,0.0839136,0,-2.862701,-0.09488422,0,-0.1950716,0,0,0,0,-3.09492,-0.3219717,-0.5774032,0.0634,,-9.107305994,0.02663705,0.010568604,0.037205655,-0.27310024,-9.380406234
9.870781,0.08198779,0,-2.866632,-0.09592413,0,-0.1961735,0,0,0,0,-3.101347,-0.3215309,-0.5773953,0.0634,,-9.107181388,0.026938829,0.010568315,0.037507145,-0.2746429,-9.381824288
9.890781,0.08004152,0,-2.870586,-0.0969492,0,-0.1972909,0,0,0,0,-3.107766,-0.321084,-0.5773928,0.0634,,-9.107141956,0.027246589,0.010568224,0.037814813,-0.27620726,-9.383349216
9.910782,0.0780751,0,-2.874563,-0.09796356,0,-0.1984148,0,0,0,0,-3.114175,-0.3206344,-0.5773832,0.0634,,-9.106990536,0.027557903,0.010567872,0.038125775,-0.27778072,-9.384771256
9.930782,0.07608877,0,-2.878562,-0.09896357,0,-0.1995541,0,0,0,0,-3.120575,-0.3201787,-0.5773783,0.0634,,-9.106913249,0.027875287,0.010567693,0.03844298,-0.27937574,-9.386288989
9.950783,0.07408278,0,-2.882585,-0.09995177,0,-0.200702,0,0,0,0,-3.126966,-0.3197195,-0.5773695,0.0634,,-9.106774448,0.028196905,0.010567371,0.038764276,-0.2809828,-9.387757248
9.970779,0.07205743,0,-2.88663,-0.1009246,0,-0.2018639,0,0,0,0,-3.133348,-0.3192548,-0.5773649,0.0634,,-9.106701893,0.028524324,0.010567202,0.039091526,-0.28260946,-9.389311353
9.99078,0.07001296,0,-2.8907,-0.1018845,0,-0.2030365,0,0,0,0,-3.13972,-0.3187857,-0.5773596,0.0634,,-9.106618297,0.028856674,0.010567008,0.039423682,-0.2842511,-9.390869397
10.01078,0.06794967,0,-2.894792,-0.1028332,0,-0.2042161,0,0,0,0,-3.146083,-0.3183139,-0.5773484,0.0634,,-9.10644164,0.029192951,0.010566598,0.039759549,-0.28590254,-9.39234418
10.03078,0.06586782,0,-2.898909,-0.1037641,0,-0.2054129,0,0,0,0,-3.152436,-0.3178352,-0.5773467,0.0634,,-9.106414826,0.029536122,0.010566536,0.040102658,-0.28757806,-9.393992886
10.05078,0.06376767,0,-2.90305,-0.1046844,0,-0.2066163,0,0,0,0,-3.15878,-0.3173538,-0.5773381,0.0634,,-9.10627918,0.029883207,0.010566221,0.040449428,-0.28926282,-9.395542
10.07078,0.06164951,0,-2.907216,-0.10559,0,-0.2078307,0,0,0,0,-3.165114,-0.316868,-0.5773308,0.0634,,-9.106164038,0.03023552,0.010565954,0.040801474,-0.29096298,-9.397127018
10.09078,0.05951365,0,-2.911406,-0.1064806,0,-0.209056,0,0,0,0,-3.171438,-0.3163779,-0.5773247,0.0634,,-9.106067823,0.030593088,0.010565731,0.041158819,-0.2926784,-9.398746223
10.11078,0.05736034,0,-2.91562,-0.1073569,0,-0.210293,0,0,0,0,-3.177752,-0.3158831,-0.5773201,0.0634,,-9.105995268,0.030956202,0.010565562,0.041521764,-0.2944102,-9.400405468
10.13078,0.05518989,0,-2.91986,-0.1082184,0,-0.2115397,0,0,0,0,-3.184056,-0.3153844,-0.5773156,0.0634,,-9.10592429,0.031324331,0.010565398,0.041889729,-0.29615558,-9.40207987
10.15078,0.05300258,0,-2.924125,-0.1090681,0,-0.2127916,0,0,0,0,-3.19035,-0.3148836,-0.5773048,0.0634,,-9.105753943,0.031696186,0.010565002,0.042261188,-0.29790824,-9.403662183
10.17078,0.05079872,0,-2.928416,-0.1099011,0,-0.2140578,0,0,0,0,-3.196634,-0.3143772,-0.5772997,0.0634,,-9.105673502,0.032074519,0.010564816,0.042639335,-0.29968092,-9.405354422
10.19078,0.04857859,0,-2.932731,-0.1107204,0,-0.2153309,0,0,0,0,-3.202908,-0.3138679,-0.5772916,0.0634,,-9.105545741,0.032457178,0.010564519,0.043021697,-0.30146326,-9.407009001
10.21078,0.04634246,0,-2.937073,-0.1115233,0,-0.2166184,0,0,0,0,-3.209171,-0.3133529,-0.577289,0.0634,,-9.105504732,0.032846472,0.010564424,0.043410896,-0.30326576,-9.408770492
10.23078,0.0440907,0,-2.94144,-0.1123119,0,-0.2179091,0,0,0,0,-3.215424,-0.3128366,-0.5772815,0.0634,,-9.105386435,0.033239063,0.01056415,0.043803213,-0.30507274,-9.410459175
10.25078,0.04182354,0,-2.945834,-0.1130872,0,-0.2192107,0,0,0,0,-3.221667,-0.312316,-0.5772734,0.0634,,-9.105258675,0.033637332,0.010563853,0.044201185,-0.30689498,-9.412153655
10.27078,0.0395413,0,-2.950254,-0.1138466,0,-0.2205215,0,0,0,0,-3.227899,-0.3117917,-0.5772664,0.0634,,-9.105148265,0.034040812,0.010563597,0.044604409,-0.3087301,-9.413878365
10.29078,0.03724429,0,-2.9547,-0.1145893,0,-0.2218428,0,0,0,0,-3.23412,-0.3112631,-0.5772625,0.0634,,-9.105086751,0.03444996,0.010563454,0.045013414,-0.31057992,-9.415666671
10.31078,0.03493282,0,-2.959173,-0.1153185,0,-0.2231696,0,0,0,0,-3.240331,-0.3107324,-0.5772545,0.0634,,-9.104960568,0.034863269,0.010563161,0.045426431,-0.31243744,-9.417398008
10.33078,0.03260719,0,-2.963673,-0.1160328,0,-0.2245043,0,0,0,0,-3.246531,-0.3101985,-0.5772456,0.0634,,-9.104820189,0.035281527,0.010562836,0.045844362,-0.31430602,-9.419126209
10.35078,0.03026775,0,-2.968199,-0.1167289,0,-0.2258499,0,0,0,0,-3.25272,-0.3096603,-0.5772417,0.0634,,-9.104758675,0.035705724,0.010562693,0.046268417,-0.31618986,-9.420948535
10.37078,0.02791478,0,-2.972753,-0.1174105,0,-0.2272029,0,0,0,0,-3.258899,-0.3091191,-0.5772361,0.0634,,-9.104670347,0.03613481,0.010562488,0.046697298,-0.31808406,-9.422754407
10.39078,0.02554859,0,-2.977334,-0.1180772,0,-0.2285626,0,0,0,0,-3.265066,-0.3085752,-0.5772291,0.0634,,-9.104559937,0.036568603,0.010562232,0.047130835,-0.31998764,-9.424547577
10.41078,0.02316948,0,-2.981943,-0.1187283,0,-0.2299307,0,0,0,0,-3.271223,-0.308028,-0.5772222,0.0634,,-9.104451104,0.037007689,0.010561979,0.047569668,-0.32190298,-9.426354084
10.43078,0.02077781,0,-2.986579,-0.1193626,0,-0.2313048,0,0,0,0,-3.277369,-0.3074784,-0.5772159,0.0634,,-9.104351735,0.037451337,0.010561749,0.048013086,-0.32382672,-9.428178455
10.45078,0.0183739,0,-2.991242,-0.1199811,0,-0.2326859,0,0,0,0,-3.283503,-0.306926,-0.5772092,0.0634,,-9.104246057,0.03789991,0.010561504,0.048461413,-0.32576026,-9.430006317
10.47078,0.01595801,0,-2.995934,-0.1205849,0,-0.2340763,0,0,0,0,-3.289626,-0.3063698,-0.5772021,0.0634,,-9.104134069,0.0383542,0.010561244,0.048915444,-0.32770682,-9.431840889
10.49078,0.01353058,0,-3.000653,-0.1211697,0,-0.2354704,0,0,0,0,-3.295739,-0.3058122,-0.5771971,0.0634,,-9.104055205,0.038812416,0.010561061,0.049373477,-0.32965856,-9.433713765
10.51078,0.01109176,0,-3.005401,-0.1217423,0,-0.2368769,0,0,0,0,-3.30184,-0.3052495,-0.57719,0.0634,,-9.103943218,0.039277466,0.010560801,0.049838267,-0.33162766,-9.435570878
10.53078,0.008642009,0,-3.010177,-0.122296,0,-0.2382842,0,0,0,0,-3.307929,-0.3046866,-0.5771834,0.0634,,-9.103839117,0.039745552,0.010560559,0.050306111,-0.33359788,-9.437436997
10.55078,0.006181617,0,-3.014981,-0.1228332,0,-0.2396994,0,0,0,0,-3.314008,-0.3041205,-0.5771778,0.0634,,-9.103750789,0.040219062,0.010560355,0.050779416,-0.33557916,-9.439329949
10.57078,0.003710873,0,-3.019814,-0.1233567,0,-0.2411198,0,0,0,0,-3.320075,-0.3035524,-0.5771685,0.0634,,-9.103604101,0.040697131,0.010560014,0.051257145,-0.33756772,-9.441171821
10.59078,0.001230209,0,-3.024675,-0.1238599,0,-0.2425499,0,0,0,0,-3.32613,-0.3029804,-0.5771657,0.0634,,-9.103559937,0.041181318,0.010559912,0.05174123,-0.33956986,-9.443129797
10.61078,-0.001260174,0,-3.029565,-0.1243498,0,-0.2439817,0,0,0,0,-3.332174,-0.3024077,-0.5771571,0.0634,,-9.10342429,0.041668949,0.010559597,0.052228546,-0.34157438,-9.44499867
10.63078,-0.003759838,0,-3.034483,-0.1248219,0,-0.2454182,0,0,0,0,-3.338207,-0.3018331,-0.5771496,0.0634,,-9.103305994,0.042161065,0.010559323,0.052720388,-0.34358548,-9.446891474
10.65078,-0.006268472,0,-3.039431,-0.125276,0,-0.2468641,0,0,0,0,-3.344228,-0.3012547,-0.5771456,0.0634,,-9.103242902,0.042659319,0.010559176,0.053218495,-0.34560974,-9.448852642
10.67078,-0.008785811,0,-3.044408,-0.1257163,0,-0.248314,0,0,0,0,-3.350237,-0.3006747,-0.5771374,0.0634,,-9.103113565,0.04316189,0.010558876,0.053720766,-0.3476396,-9.450753165
10.69078,-0.01131147,0,-3.049414,-0.1261382,0,-0.2497679,0,0,0,0,-3.356235,-0.3000932,-0.5771309,0.0634,,-9.103011041,0.043668803,0.010558638,0.054227441,-0.34967506,-9.452686101
10.71078,-0.01384503,0,-3.054449,-0.1265408,0,-0.251226,0,0,0,0,-3.362221,-0.2995099,-0.5771275,0.0634,,-9.102957413,0.044180152,0.010558514,0.054738666,-0.3517164,-9.454673813
10.73078,-0.01638631,0,-3.059513,-0.1269314,0,-0.2526871,0,0,0,0,-3.368195,-0.2989255,-0.5771173,0.0634,,-9.10279653,0.044695539,0.010558141,0.05525368,-0.35376194,-9.45655847
10.75078,-0.01893484,0,-3.064607,-0.1273013,0,-0.2541557,0,0,0,0,-3.374157,-0.298338,-0.5771129,0.0634,,-9.102727129,0.045216584,0.01055798,0.055774564,-0.35581798,-9.458545109
10.77078,-0.02149039,0,-3.06973,-0.1276573,0,-0.2556289,0,0,0,0,-3.380108,-0.2977488,-0.5771047,0.0634,,-9.102597792,0.045742294,0.01055768,0.056299974,-0.35788046,-9.460478252
10.79078,-0.02405252,0,-3.074883,-0.1279929,0,-0.2571049,0,0,0,0,-3.386047,-0.2971584,-0.5771005,0.0634,,-9.102531546,0.046272051,0.010557526,0.056829577,-0.35994686,-9.462478406
10.81078,-0.02662093,0,-3.080065,-0.1283135,0,-0.2585831,0,0,0,0,-3.391974,-0.2965671,-0.5770932,0.0634,,-9.102416404,0.046805654,0.010557259,0.057362913,-0.36201634,-9.464432744
10.83078,-0.02919532,0,-3.085277,-0.1286173,0,-0.2600661,0,0,0,0,-3.397889,-0.2959739,-0.5770859,0.0634,,-9.102301262,0.047344063,0.010556992,0.057901055,-0.36409254,-9.466393802
10.85078,-0.03177531,0,-3.090518,-0.1289044,0,-0.2615518,0,0,0,0,-3.403793,-0.2953796,-0.5770778,0.0634,,-9.102173502,0.047886541,0.010556696,0.058443236,-0.36617252,-9.468346022
10.87078,-0.0343605,0,-3.09579,-0.1291709,0,-0.2630412,0,0,0,0,-3.409684,-0.2947838,-0.5770745,0.0634,,-9.102121451,0.048433471,0.010556575,0.058990046,-0.36825768,-9.470379131
10.89078,-0.03695063,0,-3.101091,-0.1294237,0,-0.2645355,0,0,0,0,-3.415563,-0.2941861,-0.5770668,0.0634,,-9.102,0.048985322,0.010556293,0.059541615,-0.3703497,-9.4723497
10.91078,-0.03954531,0,-3.106423,-0.1296577,0,-0.2660306,0,0,0,0,-3.421431,-0.2935881,-0.5770606,0.0634,,-9.101902208,0.049540596,0.010556066,0.060096662,-0.37244284,-9.474345048
10.93078,-0.04214424,0,-3.111784,-0.1298753,0,-0.2675283,0,0,0,0,-3.427286,-0.292989,-0.5770534,0.0634,,-9.101788644,0.050099974,0.010555803,0.060655777,-0.37453962,-9.476328264
10.95078,-0.04474704,0,-3.117175,-0.1300751,0,-0.2690281,0,0,0,0,-3.43313,-0.2923891,-0.5770469,0.0634,,-9.10168612,0.050663283,0.010555565,0.061218848,-0.37663934,-9.47832546
10.97078,-0.04735328,0,-3.122597,-0.1302556,0,-0.2705321,0,0,0,0,-3.438961,-0.2917875,-0.5770433,0.0634,,-9.101629338,0.051231332,0.010555433,0.061786765,-0.37874494,-9.480374278
10.99078,-0.04996281,0,-3.128048,-0.1304235,0,-0.2720347,0,0,0,0,-3.444781,-0.2911865,-0.5770328,0.0634,,-9.101463722,0.051802015,0.010555049,0.062357064,-0.38084858,-9.482312302
11.01078,-0.05257511,0,-3.13353,-0.1305694,0,-0.2735402,0,0,0,0,-3.450588,-0.2905843,-0.5770287,0.0634,,-9.101399054,0.052376969,0.010554899,0.062931868,-0.38295628,-9.484355334
11.03078,-0.05518993,0,-3.139041,-0.1307011,0,-0.2750503,0,0,0,0,-3.456383,-0.2899802,-0.5770206,0.0634,,-9.101271293,0.052956867,0.010554603,0.06351147,-0.38507042,-9.486341713
11.05078,-0.05780685,0,-3.144583,-0.130813,0,-0.2765592,0,0,0,0,-3.462166,-0.2893766,-0.5770155,0.0634,,-9.101190852,0.053539494,0.010554416,0.06409391,-0.38718288,-9.488373732
11.07078,-0.06042555,0,-3.150156,-0.1309087,0,-0.2780689,0,0,0,0,-3.467937,-0.2887728,-0.5770087,0.0634,,-9.101083596,0.054125619,0.010554168,0.064679787,-0.38929646,-9.490380056
11.09078,-0.0630457,0,-3.155758,-0.1309865,0,-0.2795782,0,0,0,0,-3.473696,-0.288169,-0.5770024,0.0634,,-9.100984227,0.054714779,0.010553937,0.065268716,-0.39140948,-9.492393707
11.11078,-0.06566693,0,-3.161391,-0.1310472,0,-0.2810921,0,0,0,0,-3.479443,-0.2875635,-0.5769959,0.0634,,-9.100881703,0.055308938,0.010553699,0.065862637,-0.39352894,-9.494410643
11.13078,-0.06828888,0,-3.167054,-0.1310901,0,-0.2826043,0,0,0,0,-3.485178,-0.2869586,-0.5769898,0.0634,,-9.100785489,0.055905633,0.010553476,0.066459109,-0.39564602,-9.496431509
11.15078,-0.07091127,0,-3.172747,-0.1311172,0,-0.2841178,0,0,0,0,-3.490901,-0.2863532,-0.5769814,0.0634,,-9.100652997,0.056506047,0.010553169,0.067059216,-0.39776492,-9.498417917
11.17078,-0.07353368,0,-3.17847,-0.1311246,0,-0.2856311,0,0,0,0,-3.496612,-0.2857479,-0.5769761,0.0634,,-9.100569401,0.057109588,0.010552975,0.067662563,-0.39988354,-9.500452941
11.19078,-0.07615574,0,-3.184224,-0.1311147,0,-0.2871435,0,0,0,0,-3.50231,-0.2851429,-0.5769706,0.0634,,-9.10048265,0.057715973,0.010552774,0.068268747,-0.4020009,-9.50248355
11.21078,-0.07877718,0,-3.190008,-0.131088,0,-0.2886546,0,0,0,0,-3.507997,-0.2845385,-0.5769641,0.0634,,-9.100380126,0.058325035,0.010552536,0.068877571,-0.40411644,-9.504496566
11.23078,-0.0813976,0,-3.195822,-0.1310444,0,-0.2901713,0,0,0,0,-3.513671,-0.2839318,-0.5769567,0.0634,,-9.100263407,0.058939568,0.010552265,0.069491834,-0.40623982,-9.506503227
11.25078,-0.08401669,0,-3.201667,-0.1309834,0,-0.2916812,0,0,0,0,-3.519333,-0.2833278,-0.5769497,0.0634,,-9.100152997,0.059554546,0.010552009,0.070106555,-0.40835368,-9.508506677
11.27078,-0.08663404,0,-3.207541,-0.1309039,0,-0.2931917,0,0,0,0,-3.524983,-0.2827236,-0.5769438,0.0634,,-9.100059937,0.060172961,0.010551794,0.070724755,-0.41046838,-9.510528317
11.29078,-0.08924933,0,-3.213446,-0.1308063,0,-0.2947018,0,0,0,0,-3.530621,-0.2821196,-0.5769389,0.0634,,-9.09998265,0.060794406,0.010551614,0.07134602,-0.41258252,-9.51256517
11.31078,-0.09186225,0,-3.219381,-0.1306938,0,-0.2962111,0,0,0,0,-3.536247,-0.2815159,-0.5769305,0.0634,,-9.099850158,0.061418711,0.010551307,0.071970018,-0.41469554,-9.514545698
11.33078,-0.09447239,0,-3.225346,-0.1305616,0,-0.297718,0,0,0,0,-3.541861,-0.2809131,-0.5769253,0.0634,,-9.099768139,0.062045205,0.010551117,0.072596322,-0.4168052,-9.516573339
11.35078,-0.09707944,0,-3.231342,-0.1304134,0,-0.2992239,0,0,0,0,-3.547463,-0.2803108,-0.5769182,0.0634,,-9.099656151,0.06267446,0.010550857,0.073225317,-0.41891346,-9.518569611
11.37078,-0.09968308,0,-3.237367,-0.1302477,0,-0.3007258,0,0,0,0,-3.553053,-0.27971,-0.5769116,0.0634,,-9.09955205,0.063305205,0.010550616,0.07385582,-0.42101612,-9.52056817
11.39078,-0.1022829,0,-3.243422,-0.1300636,0,-0.302227,0,0,0,0,-3.558631,-0.2791095,-0.5769063,0.0634,,-9.099468454,0.063938812,0.010550422,0.074489234,-0.4231178,-9.522586254
11.41078,-0.1048786,0,-3.249507,-0.1298637,0,-0.3037242,0,0,0,0,-3.564197,-0.2785106,-0.5768992,0.0634,,-9.099356467,0.064573873,0.010550162,0.075124035,-0.42521388,-9.524570347
11.43078,-0.1074698,0,-3.255623,-0.129646,0,-0.3052245,0,0,0,0,-3.569751,-0.2779105,-0.5768918,0.0634,,-9.099239748,0.065213397,0.010549892,0.075763288,-0.4273143,-9.526554048
11.45078,-0.1100562,0,-3.261768,-0.1294104,0,-0.3067191,0,0,0,0,-3.575293,-0.2773127,-0.5768858,0.0634,,-9.09914511,0.065853624,0.010549672,0.076403296,-0.42940674,-9.52855185
